source,source_index,instruction,input,output,goal,target
tatsu-lab/alpaca,26,Look up the boiling point of water.,,"The boiling point of water is 100°C (212°F), at standard atmospheric pressure. When heated at higher pressures, water's boiling point increases. For example, water will boil at a temperature of 115°C (239°F) at an atmospheric pressure of 1 bar. At higher pressures, such as those experienced at the bottom of the ocean, the boiling point of water can be as high as 374°C (705°F).",Look up the boiling point of water.,"The boiling point of water is 100°C (212°F), at standard atmospheric pressure. When heated at higher pressures, water's boiling point increases. For example, water will boil at a temperature of 115°C (239°F) at an atmospheric pressure of 1 bar. At higher pressures, such as those experienced at the bottom of the ocean, the boiling point of water can be as high as 374°C (705°F)."
tatsu-lab/alpaca,37,Use the given data to calculate the median.,"[2, 3, 7, 8, 10]",The median of the given data is 7.,"Use the given data to calculate the median.

Input:
[2, 3, 7, 8, 10]",The median of the given data is 7.
tatsu-lab/alpaca,110,Generate a headline for the following article.,This article discusses the future of renewable energy sources in the US.,Renewable Energy Sources are the Future of the US,"Generate a headline for the following article.

Input:
This article discusses the future of renewable energy sources in the US.",Renewable Energy Sources are the Future of the US
tatsu-lab/alpaca,141,Edit the following sentence to correct the grammar and syntax errors,You was late to the party,You were late to the party.,"Edit the following sentence to correct the grammar and syntax errors

Input:
You was late to the party",You were late to the party.
tatsu-lab/alpaca,212,Gather some recent data related to the increasing rates of unemployment.,,"Recent data on the increasing rates of unemployment across the US show that, since the start of the coronavirus outbreak, the unemployment rate has increased from 3.5% to 14.7%. This is the highest the unemployment rate has been since the Great Depression. The US Bureau of Labor Statistics also reports that since April 2020, 43 million Americans have filed for unemployment. 

The US Federal Reserve reported in June 2020 that 40% of households making less than $40,000 a year had lost a job or experienced a reduction in income due to COVID-19, while 23% of households making over $100,000 had experienced job losses or income reductions.",Gather some recent data related to the increasing rates of unemployment.,"Recent data on the increasing rates of unemployment across the US show that, since the start of the coronavirus outbreak, the unemployment rate has increased from 3.5% to 14.7%. This is the highest the unemployment rate has been since the Great Depression. The US Bureau of Labor Statistics also reports that since April 2020, 43 million Americans have filed for unemployment. 

The US Federal Reserve reported in June 2020 that 40% of households making less than $40,000 a year had lost a job or experienced a reduction in income due to COVID-19, while 23% of households making over $100,000 had experienced job losses or income reductions."
tatsu-lab/alpaca,232,Sort the following list in alphabetical order.,"Camouflage, Furniture, Plaster","Furniture, Camouflage, Plaster","Sort the following list in alphabetical order.

Input:
Camouflage, Furniture, Plaster","Furniture, Camouflage, Plaster"
tatsu-lab/alpaca,363,Rewrite the following paragraph to make it sound more formal.,Moving away from home to college was really hard. It's like I had to let go of my comfort and safety and figure things out on my own.,Transtioning to post-secondary education away from home was an intimidating experience. I had to relinquish familiarity and security and traverse uncharted waters alone.,"Rewrite the following paragraph to make it sound more formal.

Input:
Moving away from home to college was really hard. It's like I had to let go of my comfort and safety and figure things out on my own.",Transtioning to post-secondary education away from home was an intimidating experience. I had to relinquish familiarity and security and traverse uncharted waters alone.
tatsu-lab/alpaca,425,Give me an example of a conflict resolution technique.,,"One conflict resolution technique is collaborative problem solving, which involves negotiating and finding a solution that both parties can agree on. This process involves understanding the issue, identifying the interests of both parties, exploring options and solutions, and finding a win-win outcome.",Give me an example of a conflict resolution technique.,"One conflict resolution technique is collaborative problem solving, which involves negotiating and finding a solution that both parties can agree on. This process involves understanding the issue, identifying the interests of both parties, exploring options and solutions, and finding a win-win outcome."
tatsu-lab/alpaca,471,Construct a timeline for the coronavirus outbreak.,,"December 2019: Initial Cases Reported in Wuhan, China

January 2020: Coronavirus has Spread to Multiple Countries

February 2020: World Health Organization (WHO) Declares a Public Health Emergency

March 2020: COVID-19 Declared a Global Pandemic

April 2020: Many Countries Begin to Reopen 

May 2020: Vaccine Research & Development Begins

June 2020: WHO announces start of vaccine distribution to low-income countries 

July 2020: Vaccinations Begin in Developed Countries

August 2020: Vaccine Trials Begin in the US

September 2020: New Virus Strains Appear

October 2020: Global Cases Pass 40 Million

November 2020: Vaccine Rollout Begins in US

December 2020: Virus Cases Reach an All-Time High",Construct a timeline for the coronavirus outbreak.,"December 2019: Initial Cases Reported in Wuhan, China

January 2020: Coronavirus has Spread to Multiple Countries

February 2020: World Health Organization (WHO) Declares a Public Health Emergency

March 2020: COVID-19 Declared a Global Pandemic

April 2020: Many Countries Begin to Reopen 

May 2020: Vaccine Research & Development Begins

June 2020: WHO announces start of vaccine distribution to low-income countries 

July 2020: Vaccinations Begin in Developed Countries

August 2020: Vaccine Trials Begin in the US

September 2020: New Virus Strains Appear

October 2020: Global Cases Pass 40 Million

November 2020: Vaccine Rollout Begins in US

December 2020: Virus Cases Reach an All-Time High"
tatsu-lab/alpaca,512,Create a listicle using the given data.,"Topic: Tips for Financial Planning
List:
1. Set a budget
2. Track your spending
3. Invest in stocks
4. Pay off debts","10 Tips For Financial Planning

1. Set a budget and stick to it. Knowing how much money you have coming in and out each month is the key to creating a sound financial plan.

2. Track your spending. Write down all of your spending so that you can get an accurate idea of where your money is going.

3. Invest in stocks. Investing in stocks is a great way to grow your money over the long term.

4. Pay off debts. Get rid of high-interest rate debt as soon as possible.

5. Make a savings plan. Setting aside a portion of your income every month is key to creating financial stability.

6. Stay on top of credit scores. Monitor your credit score to make sure you're getting the best deals on financial products.

7. Research tax credits and deductions. Knowing about the various tax incentives that are available can help you save money on income taxes.

8. Protect your assets. Invest in insurance for items such as your home, cars, and health.

9. Invest in retirement accounts. Retirement accounts are important for creating long-term financial security.

10. Seek expert advice. Financial advisors can help you make the most of your money and prepare for the future.","Create a listicle using the given data.

Input:
Topic: Tips for Financial Planning
List:
1. Set a budget
2. Track your spending
3. Invest in stocks
4. Pay off debts","10 Tips For Financial Planning

1. Set a budget and stick to it. Knowing how much money you have coming in and out each month is the key to creating a sound financial plan.

2. Track your spending. Write down all of your spending so that you can get an accurate idea of where your money is going.

3. Invest in stocks. Investing in stocks is a great way to grow your money over the long term.

4. Pay off debts. Get rid of high-interest rate debt as soon as possible.

5. Make a savings plan. Setting aside a portion of your income every month is key to creating financial stability.

6. Stay on top of credit scores. Monitor your credit score to make sure you're getting the best deals on financial products.

7. Research tax credits and deductions. Knowing about the various tax incentives that are available can help you save money on income taxes.

8. Protect your assets. Invest in insurance for items such as your home, cars, and health.

9. Invest in retirement accounts. Retirement accounts are important for creating long-term financial security.

10. Seek expert advice. Financial advisors can help you make the most of your money and prepare for the future."
tatsu-lab/alpaca,610,Design a suitable query for the following question,What are the five most important elements in a website homepage?,SELECT TOP 5 Elements FROM Homepages ORDER BY importance DESC;,"Design a suitable query for the following question

Input:
What are the five most important elements in a website homepage?",SELECT TOP 5 Elements FROM Homepages ORDER BY importance DESC;
tatsu-lab/alpaca,633,Generate an analysis of the book To Kill a Mockingbird,,"To Kill a Mockingbird is a beloved classic which shines a spotlight on the injustices present in the Jim Crow South. Through narration by its young protagonist Scout, the reader is exposed to the racism and prejudice deeply rooted in the community. Scout's father Atticus Finch serves as the moral center of the novel, embodying the values of courage and justice. The themes of loss of innocence and standing up against racism are reflective of the tumultuous timeframe during which the novel is set. To Kill a Mockingbird is a timeless classic that continues to impact readers to this day.",Generate an analysis of the book To Kill a Mockingbird,"To Kill a Mockingbird is a beloved classic which shines a spotlight on the injustices present in the Jim Crow South. Through narration by its young protagonist Scout, the reader is exposed to the racism and prejudice deeply rooted in the community. Scout's father Atticus Finch serves as the moral center of the novel, embodying the values of courage and justice. The themes of loss of innocence and standing up against racism are reflective of the tumultuous timeframe during which the novel is set. To Kill a Mockingbird is a timeless classic that continues to impact readers to this day."
tatsu-lab/alpaca,752,Describe a process of cleaning silverware.,,"To clean silverware, start by filling a sink or basin with hot water and adding a tablespoon of baking soda. Submerge the silverware and let it sit for a few minutes before scrubbing it with a dish cloth. Rinse the silverware thoroughly and dry it with a clean towel.",Describe a process of cleaning silverware.,"To clean silverware, start by filling a sink or basin with hot water and adding a tablespoon of baking soda. Submerge the silverware and let it sit for a few minutes before scrubbing it with a dish cloth. Rinse the silverware thoroughly and dry it with a clean towel."
tatsu-lab/alpaca,967,List five factors that influence the cost of producing a good.,,"1. Raw materials: The cost of raw materials is one of the biggest drivers of production cost.
2. Labor: The cost of labor includes wages, taxes, benefits, and overhead.
3. Overhead costs: Overhead costs include rent, utilities, insurance, and other common expenses.
4. Equipment: The cost of machinery and other equipment used in production can significantly increase the cost.
5. Taxes: The cost of taxes, both at the local and federal level, can impact the cost of producing a good.",List five factors that influence the cost of producing a good.,"1. Raw materials: The cost of raw materials is one of the biggest drivers of production cost.
2. Labor: The cost of labor includes wages, taxes, benefits, and overhead.
3. Overhead costs: Overhead costs include rent, utilities, insurance, and other common expenses.
4. Equipment: The cost of machinery and other equipment used in production can significantly increase the cost.
5. Taxes: The cost of taxes, both at the local and federal level, can impact the cost of producing a good."
tatsu-lab/alpaca,1276,Create a metaphor to describe the situation of today’s job market.,,"The job market today is like a minefield - employers are the picketted soldiers, and job seekers are the metal detectors, carefully going through process after process to uncover a job they can take on.",Create a metaphor to describe the situation of today’s job market.,"The job market today is like a minefield - employers are the picketted soldiers, and job seekers are the metal detectors, carefully going through process after process to uncover a job they can take on."
tatsu-lab/alpaca,1378,Make a list of five musical genres from the 1990s.,,"1. Grunge
2. Alternative Rock
3. Hip Hop
4. New Jack Swing
5. Pop",Make a list of five musical genres from the 1990s.,"1. Grunge
2. Alternative Rock
3. Hip Hop
4. New Jack Swing
5. Pop"
tatsu-lab/alpaca,1550,What is the best way to solve this algebraic equation?,2x + 10 = 20,"The best way to solve this equation is to subtract 10 from both sides, so it becomes 2x = 10. Then, divide both sides by 2 to get x = 5. Thus, the answer is x = 5.","What is the best way to solve this algebraic equation?

Input:
2x + 10 = 20","The best way to solve this equation is to subtract 10 from both sides, so it becomes 2x = 10. Then, divide both sides by 2 to get x = 5. Thus, the answer is x = 5."
tatsu-lab/alpaca,1600,Identify the major flaws in the following code snippet.,"def add_numbers(x,y):
    return x+y

add_numbers(2)","The major flaw in the code snippet is that the function add_numbers requires two arguments, but only one argument is provided when the function is called. This will cause a runtime error.","Identify the major flaws in the following code snippet.

Input:
def add_numbers(x,y):
    return x+y

add_numbers(2)","The major flaw in the code snippet is that the function add_numbers requires two arguments, but only one argument is provided when the function is called. This will cause a runtime error."
tatsu-lab/alpaca,1624,Generate a random sequence of 12 letters.,,gvhbzesqrfjz,Generate a random sequence of 12 letters.,gvhbzesqrfjz
tatsu-lab/alpaca,1639,Cite a relevant quote that reflects the message of the message.,Message: Never give up on your goals.,"""Our greatest weakness lies in giving up. The most certain way to succeed is always to try just one more time."" - Thomas A. Edison","Cite a relevant quote that reflects the message of the message.

Input:
Message: Never give up on your goals.","""Our greatest weakness lies in giving up. The most certain way to succeed is always to try just one more time."" - Thomas A. Edison"
tatsu-lab/alpaca,1739,Describe the impact of Covid-19 on small businesses.,,"Covid-19 has had a devastating impact on small businesses, especially those that rely on customer footfall, such as restaurants and retail stores. Many have had to close their doors and lay off employees, creating economic hardship at the local level.",Describe the impact of Covid-19 on small businesses.,"Covid-19 has had a devastating impact on small businesses, especially those that rely on customer footfall, such as restaurants and retail stores. Many have had to close their doors and lay off employees, creating economic hardship at the local level."
tatsu-lab/alpaca,1808,Resolve this ethical dilemma.,A woman discovers that her best friend is stealing from their workplace.,The woman should confront her friend and let her know that she is aware of the theft. She should explain the potential consequences of getting caught and offer her friend help and advice on how to address the issue.,"Resolve this ethical dilemma.

Input:
A woman discovers that her best friend is stealing from their workplace.",The woman should confront her friend and let her know that she is aware of the theft. She should explain the potential consequences of getting caught and offer her friend help and advice on how to address the issue.
tatsu-lab/alpaca,1952,Convert 100 grams to pounds.,,100 grams is equal to 0.22046226218487757 pounds.,Convert 100 grams to pounds.,100 grams is equal to 0.22046226218487757 pounds.
tatsu-lab/alpaca,2058,Identify two components of a computer.,,Two components of a computer are the Central Processing Unit (CPU) and the Random Access Memory (RAM).,Identify two components of a computer.,Two components of a computer are the Central Processing Unit (CPU) and the Random Access Memory (RAM).
tatsu-lab/alpaca,2082,Generate a children's story that includes the character of a friendly lion.,,"Once upon a time, deep in the jungle, there lived a lion called Larry. He was a friendly lion who enjoyed playing games and spending time with other animals in the jungle. Everyone in the jungle loved Larry, but the other animals were usually scared of him because he was a lion. One day, Larry met a tiny mouse and they instantly became good friends. They went on many adventures together, helping each other explore the jungle and discovering all the great things the jungle had to offer. 

From then on, Larry and the mouse were always seen in the jungle, either playing games or just enjoying each other's company. They were the best of friends, and no matter how scary the situation, Larry was always there to help. Larry became a beacon of friendship and kindness in the jungle, showing that all animals, no matter how big or small, can be friends.",Generate a children's story that includes the character of a friendly lion.,"Once upon a time, deep in the jungle, there lived a lion called Larry. He was a friendly lion who enjoyed playing games and spending time with other animals in the jungle. Everyone in the jungle loved Larry, but the other animals were usually scared of him because he was a lion. One day, Larry met a tiny mouse and they instantly became good friends. They went on many adventures together, helping each other explore the jungle and discovering all the great things the jungle had to offer. 

From then on, Larry and the mouse were always seen in the jungle, either playing games or just enjoying each other's company. They were the best of friends, and no matter how scary the situation, Larry was always there to help. Larry became a beacon of friendship and kindness in the jungle, showing that all animals, no matter how big or small, can be friends."
tatsu-lab/alpaca,2103,Name three computer programming languages.,,"Java, Python, and JavaScript.",Name three computer programming languages.,"Java, Python, and JavaScript."
tatsu-lab/alpaca,2361,Rewrite the sentence to use the present continuous tense,The scientists studied the results.,The scientists are studying the results.,"Rewrite the sentence to use the present continuous tense

Input:
The scientists studied the results.",The scientists are studying the results.
tatsu-lab/alpaca,2507,Rate the overall sentiment of the following article. Output a sentiment score of -1 to 1.,"Apple Inc. reported strong earnings today, with revenue surpassing expectations by a wide margin.",0.9,"Rate the overall sentiment of the following article. Output a sentiment score of -1 to 1.

Input:
Apple Inc. reported strong earnings today, with revenue surpassing expectations by a wide margin.",0.9
tatsu-lab/alpaca,2537,Come up with an example to illustrate the usage of the phrase.,boiling point,Water reaches its boiling point of 100°C at standard pressure when heated.,"Come up with an example to illustrate the usage of the phrase.

Input:
boiling point",Water reaches its boiling point of 100°C at standard pressure when heated.
tatsu-lab/alpaca,2604,Name a famous work of art.,,The Mona Lisa by Leonardo da Vinci.,Name a famous work of art.,The Mona Lisa by Leonardo da Vinci.
tatsu-lab/alpaca,2614,Create a list of five ingredients needed to bake a cake,,"To bake a cake, you will need the following ingredients: flour, sugar, butter, eggs, and baking powder.",Create a list of five ingredients needed to bake a cake,"To bake a cake, you will need the following ingredients: flour, sugar, butter, eggs, and baking powder."
tatsu-lab/alpaca,2741,Make this sentence sound like a pleasant request.,You must do it.,"Would you mind doing it, please?","Make this sentence sound like a pleasant request.

Input:
You must do it.","Would you mind doing it, please?"
tatsu-lab/alpaca,2847,Compare a the customer service experience of two different restaurants.,,"Comparing the customer service experience of two restaurants, one can observe a stark contrast. The first restaurant had staff that was friendly, attentive, and helpful. They took the time to explain options, answer questions, and even offered samples of menu items. On the other hand, the second restaurant had staff that was dismissive and aloof, failing to offer the same attentive customer service.",Compare a the customer service experience of two different restaurants.,"Comparing the customer service experience of two restaurants, one can observe a stark contrast. The first restaurant had staff that was friendly, attentive, and helpful. They took the time to explain options, answer questions, and even offered samples of menu items. On the other hand, the second restaurant had staff that was dismissive and aloof, failing to offer the same attentive customer service."
tatsu-lab/alpaca,2889,How do I improve concentration?,,"To improve concentration, it’s important to start by setting achievable goals and making a plan for how to reach them. It’s also important to eliminate distractions, both external and internal. This may include limiting internet use, creating a workspace with limited technology, or creating a schedule for your tasks and sticking to it. Additionally, taking regular breaks and refreshing your mind can be helpful. Exercise, proper sleep, and mediation are all effective methods to improve concentration.",How do I improve concentration?,"To improve concentration, it’s important to start by setting achievable goals and making a plan for how to reach them. It’s also important to eliminate distractions, both external and internal. This may include limiting internet use, creating a workspace with limited technology, or creating a schedule for your tasks and sticking to it. Additionally, taking regular breaks and refreshing your mind can be helpful. Exercise, proper sleep, and mediation are all effective methods to improve concentration."
tatsu-lab/alpaca,2908,classify the given phrases as either a fact or opinion.,"The United States is the world's largest economy.
Bananas are the best fruit.","The United States is the world's largest economy: Fact
Bananas are the best fruit: Opinion","classify the given phrases as either a fact or opinion.

Input:
The United States is the world's largest economy.
Bananas are the best fruit.","The United States is the world's largest economy: Fact
Bananas are the best fruit: Opinion"
tatsu-lab/alpaca,3003,Design a poster about endangered species.,,"[A poster with a picture of an endangered animal, such as a tiger or an elephant. The text should read ""Endangered Species - Help Save Our World"" and the background should show a globe with a red X over certain areas.]",Design a poster about endangered species.,"[A poster with a picture of an endangered animal, such as a tiger or an elephant. The text should read ""Endangered Species - Help Save Our World"" and the background should show a globe with a red X over certain areas.]"
tatsu-lab/alpaca,3028,"Write a sentence for the idiom ""taken aback"".",,I was taken aback when I heard the news of the unexpected situation.,"Write a sentence for the idiom ""taken aback"".",I was taken aback when I heard the news of the unexpected situation.
tatsu-lab/alpaca,3087,"Create a while loop that will print out ""Hello World"" 10 times.",,"while (i < 10) {
  console.log(""Hello World"");
  i++;
}","Create a while loop that will print out ""Hello World"" 10 times.","while (i < 10) {
  console.log(""Hello World"");
  i++;
}"
tatsu-lab/alpaca,3286,"Using data from the given input, generate an email intended to inform your colleagues about the new accounting procedure.","Company: Widgets Inc.
Subject: New Accounting Procedure","Dear Colleagues,

I am writing to inform you about a new accounting procedure that has been implemented in Widgets Inc. This new procedure is designed to streamline the process of reconciling and recording financial data.

It includes several new features, such as automated account reconciliation, streamlined audit reporting, and sophisticated data analysis. This allows for more effective and efficient accounting practices, reducing the resources and time needed to manage and analyze our financial data.

We believe that this new accounting procedure explains a major step forward in financial management at Widgets Inc.

Thank you,

[Name]","Using data from the given input, generate an email intended to inform your colleagues about the new accounting procedure.

Input:
Company: Widgets Inc.
Subject: New Accounting Procedure","Dear Colleagues,

I am writing to inform you about a new accounting procedure that has been implemented in Widgets Inc. This new procedure is designed to streamline the process of reconciling and recording financial data.

It includes several new features, such as automated account reconciliation, streamlined audit reporting, and sophisticated data analysis. This allows for more effective and efficient accounting practices, reducing the resources and time needed to manage and analyze our financial data.

We believe that this new accounting procedure explains a major step forward in financial management at Widgets Inc.

Thank you,

[Name]"
tatsu-lab/alpaca,3291,"Using the given facts, create a detailed profile of the character.","Name: Sarah Johnson
Age: 18
Occupation: Waitress
Location: Los Angeles","Sarah Johnson is an 18-year-old waitress from Los Angeles. She loves the hustle and bustle of the city life and enjoys spending her free time exploring LA's vibrant culture. Sarah is creative and resourceful, possessing a unique ability to think outside the box and come up with creative solutions to problems. At her job, she is a hard worker and always puts her customers' needs first. She enjoys connecting with people and building strong relationships, something she considers her greatest strength. 

Sarah dreams of one day starting her own business, utilizing all the knowledge and experience she has acquired through her work as a waitress. Her ultimate goal is to make a positive impact in the world and to inspire others to pursue their passions and follow their dreams.","Using the given facts, create a detailed profile of the character.

Input:
Name: Sarah Johnson
Age: 18
Occupation: Waitress
Location: Los Angeles","Sarah Johnson is an 18-year-old waitress from Los Angeles. She loves the hustle and bustle of the city life and enjoys spending her free time exploring LA's vibrant culture. Sarah is creative and resourceful, possessing a unique ability to think outside the box and come up with creative solutions to problems. At her job, she is a hard worker and always puts her customers' needs first. She enjoys connecting with people and building strong relationships, something she considers her greatest strength. 

Sarah dreams of one day starting her own business, utilizing all the knowledge and experience she has acquired through her work as a waitress. Her ultimate goal is to make a positive impact in the world and to inspire others to pursue their passions and follow their dreams."
tatsu-lab/alpaca,3315,Describe an efficient method of organizing papers.,,"An efficient way of organizing papers is to create a filing system that categorizes papers based on specific criteria, so they’re easy to locate when needed. Start by sorting documents into broad categories and create folders for each of these. Then, assign a label to describe each document, making sure to be consistent with the naming scheme. Once documents are sorted into the appropriate folders, you can use a filing cabinet to store them.",Describe an efficient method of organizing papers.,"An efficient way of organizing papers is to create a filing system that categorizes papers based on specific criteria, so they’re easy to locate when needed. Start by sorting documents into broad categories and create folders for each of these. Then, assign a label to describe each document, making sure to be consistent with the naming scheme. Once documents are sorted into the appropriate folders, you can use a filing cabinet to store them."
tatsu-lab/alpaca,3329,Who are the primary stakeholders in the given scenario?,The rollout of a new healthcare policy,"The primary stakeholders in the rollout of a new healthcare policy would include healthcare providers, insurers, employers, consumers, and the government. Healthcare providers would need to adjust their practices to comply with the policy, insurers would face changes to their coverage and pricing, employers may need to provide additional coverage or benefits, consumers would need to understand their coverage options and providers, and the government would be responsible for enforcing and monitoring compliance.","Who are the primary stakeholders in the given scenario?

Input:
The rollout of a new healthcare policy","The primary stakeholders in the rollout of a new healthcare policy would include healthcare providers, insurers, employers, consumers, and the government. Healthcare providers would need to adjust their practices to comply with the policy, insurers would face changes to their coverage and pricing, employers may need to provide additional coverage or benefits, consumers would need to understand their coverage options and providers, and the government would be responsible for enforcing and monitoring compliance."
tatsu-lab/alpaca,3550,Create a search query for finding a product.,Analysis software,"""Analysis software"" OR ""data analysis software"" OR ""data analysis tools"" OR ""business analysis software"" OR ""statistical analysis software""","Create a search query for finding a product.

Input:
Analysis software","""Analysis software"" OR ""data analysis software"" OR ""data analysis tools"" OR ""business analysis software"" OR ""statistical analysis software"""
tatsu-lab/alpaca,3665,"In this task, you need to provide an example of how the given words can be used in a sentence.","Words: Fantasy, Magical","In the fantasy world, she waved her wand and performed a magical spell.","In this task, you need to provide an example of how the given words can be used in a sentence.

Input:
Words: Fantasy, Magical","In the fantasy world, she waved her wand and performed a magical spell."
tatsu-lab/alpaca,3727,Construct an alliteration phrase with the given words.,"""Risky"" and ""rigid""",Risky rigidity.,"Construct an alliteration phrase with the given words.

Input:
""Risky"" and ""rigid""",Risky rigidity.
tatsu-lab/alpaca,3746,Explain why a company would choose the pay-per-click (PPC) advertising model.,,"A pay-per-click (PPC) advertising model can be an effective way for a company to attract more customers quickly. It allows the company to pay only when someone clicks on the ad, so it can be cost-effective. This model also allows for targeting of potential customers based on location, interests and other demographics. Additionally, PPC campaigns can be fine-tuned to optimize reach and performance by making adjustments to bids and budget.",Explain why a company would choose the pay-per-click (PPC) advertising model.,"A pay-per-click (PPC) advertising model can be an effective way for a company to attract more customers quickly. It allows the company to pay only when someone clicks on the ad, so it can be cost-effective. This model also allows for targeting of potential customers based on location, interests and other demographics. Additionally, PPC campaigns can be fine-tuned to optimize reach and performance by making adjustments to bids and budget."
tatsu-lab/alpaca,3796,Write a blog post about the importance of protecting the ocean’s coral reefs.,,"It is essential to protect our planet’s coral reefs, not only for their environmental importance, but also for their invaluable economic, scientific, and cultural significance. Coral reefs host an abundance of wildlife, and they provide essential resources to the planet’s marine ecosystems. They also act as support structures for shorelines, protecting them from erosion, floods, and hurricanes. Coral reefs also generate a large portion of the world’s economic activity, as they attract tourists, create jobs, and bring in valuable resources. Coral reefs are also essential to scientific research, as they can provide information about Earth’s past climate states, while their archaeological and historical value is invaluable. We all must do our part to protect and preserve our planet’s coral reefs before it is too late. #Oceans #Conservation #CoralReefs",Write a blog post about the importance of protecting the ocean’s coral reefs.,"It is essential to protect our planet’s coral reefs, not only for their environmental importance, but also for their invaluable economic, scientific, and cultural significance. Coral reefs host an abundance of wildlife, and they provide essential resources to the planet’s marine ecosystems. They also act as support structures for shorelines, protecting them from erosion, floods, and hurricanes. Coral reefs also generate a large portion of the world’s economic activity, as they attract tourists, create jobs, and bring in valuable resources. Coral reefs are also essential to scientific research, as they can provide information about Earth’s past climate states, while their archaeological and historical value is invaluable. We all must do our part to protect and preserve our planet’s coral reefs before it is too late. #Oceans #Conservation #CoralReefs"
tatsu-lab/alpaca,3832,Collect the names of the 10 most successful entrepreneurs,,"Bill Gates, Jeff Bezos, Mark Zuckerberg, Elon Musk, Steve Jobs, Richard Branson, Larry Page, Jack Ma, Michael Dell, Sergey Brin.",Collect the names of the 10 most successful entrepreneurs,"Bill Gates, Jeff Bezos, Mark Zuckerberg, Elon Musk, Steve Jobs, Richard Branson, Larry Page, Jack Ma, Michael Dell, Sergey Brin."
tatsu-lab/alpaca,3842,"Guess what is the opposite meaning of the word ""obscure"".",,"The opposite meaning of the word ""obscure"" is clear.","Guess what is the opposite meaning of the word ""obscure"".","The opposite meaning of the word ""obscure"" is clear."
tatsu-lab/alpaca,3858,Summarize the given text in 1 sentence,"The Mediterranean Sea is a sea located between Europe, northern Africa, and the Middle East. It is connected to the Atlantic Ocean through the Strait of Gibraltar and to the Red Sea through the Suez Canal. It is bordered by a number of nations, including Italy, Spain, Greece, France, Turkey and Spain. The Mediterranean Sea is known for its warm climates and its diverse marine life, with some of the world's most popular beaches located in the area.",The Mediterranean Sea is a sea bordered by a number of nations famous for its warm climates and diverse marine life.,"Summarize the given text in 1 sentence

Input:
The Mediterranean Sea is a sea located between Europe, northern Africa, and the Middle East. It is connected to the Atlantic Ocean through the Strait of Gibraltar and to the Red Sea through the Suez Canal. It is bordered by a number of nations, including Italy, Spain, Greece, France, Turkey and Spain. The Mediterranean Sea is known for its warm climates and its diverse marine life, with some of the world's most popular beaches located in the area.",The Mediterranean Sea is a sea bordered by a number of nations famous for its warm climates and diverse marine life.
tatsu-lab/alpaca,3972,Create a recipe for grilled char sui pork.,,"Ingredients:
- 1 lb. char sui pork
- 2 tablespoons olive oil
- 1 teaspoon smoked paprika
- 1 teaspoon garlic powder
- 1 teaspoon cumin powder
- 1 teaspoon salt
- 1 teaspoon black pepper
- 1 tablespoon honey

Instructions:
1. Preheat an outdoor grill to medium-high heat.
2. Rub olive oil all over the pork.
3. In a small bowl, mix smoked paprika, garlic powder, cumin powder, salt, and black pepper together; then rub onto the pork.
4. Transfer the pork onto the preheated grill.
5. Cook for 5-7 minutes on each side.
6. While the pork is cooking, mix honey with a splash of water in a small bowl.
7. Once both sides of the pork are fully cooked, brush the honey mixture over the pork.
8. Serve with your favorite side dish.",Create a recipe for grilled char sui pork.,"Ingredients:
- 1 lb. char sui pork
- 2 tablespoons olive oil
- 1 teaspoon smoked paprika
- 1 teaspoon garlic powder
- 1 teaspoon cumin powder
- 1 teaspoon salt
- 1 teaspoon black pepper
- 1 tablespoon honey

Instructions:
1. Preheat an outdoor grill to medium-high heat.
2. Rub olive oil all over the pork.
3. In a small bowl, mix smoked paprika, garlic powder, cumin powder, salt, and black pepper together; then rub onto the pork.
4. Transfer the pork onto the preheated grill.
5. Cook for 5-7 minutes on each side.
6. While the pork is cooking, mix honey with a splash of water in a small bowl.
7. Once both sides of the pork are fully cooked, brush the honey mixture over the pork.
8. Serve with your favorite side dish."
tatsu-lab/alpaca,3994,"Given the given description, classify it as either a historical figure, a myth, or a literary character.",Sherlock Holmes,Literary Character.,"Given the given description, classify it as either a historical figure, a myth, or a literary character.

Input:
Sherlock Holmes",Literary Character.
tatsu-lab/alpaca,4163,Provide a solution to this problem.,"A cyclist is biking from Point A to Point B. Along the way, he passes point C, which is one-third of the distance from A to B. At what point is the cyclist halfway to his destination?",The cyclist is halfway to his destination at point C.,"Provide a solution to this problem.

Input:
A cyclist is biking from Point A to Point B. Along the way, he passes point C, which is one-third of the distance from A to B. At what point is the cyclist halfway to his destination?",The cyclist is halfway to his destination at point C.
tatsu-lab/alpaca,4196,Explain what an e-commerce platform is.,,"An e-commerce platform is a software platform that allows businesses to create and manage an online store. It typically includes features such as payment processing, shipping and tracking, inventory management, customer accounts, and more. It is typically used by businesses to sell products and services online.",Explain what an e-commerce platform is.,"An e-commerce platform is a software platform that allows businesses to create and manage an online store. It typically includes features such as payment processing, shipping and tracking, inventory management, customer accounts, and more. It is typically used by businesses to sell products and services online."
tatsu-lab/alpaca,4337,"Delete all words starting with the letter ""s"" from the given sentence.",She sells shells by the seashore.,She  by the,"Delete all words starting with the letter ""s"" from the given sentence.

Input:
She sells shells by the seashore.",She  by the
tatsu-lab/alpaca,4417,"Given the following passage, summarize it","John Adams was an American patriot who served as the second president of the United States. He was a statesman, a diplomat, and a leader of the American Revolution. He was very influential in the drafting and ratification of the United States Constitution. He was also a strong leader of the Federalist Party and an advocate of the Bill of Rights.","John Adams was an American patriot and the 2nd president of the United States. He was influential in the Revolution, drafting and ratifying the Constitution, and was a leader of the Federalist Party. He was also an advocate for the Bill of Rights.","Given the following passage, summarize it

Input:
John Adams was an American patriot who served as the second president of the United States. He was a statesman, a diplomat, and a leader of the American Revolution. He was very influential in the drafting and ratification of the United States Constitution. He was also a strong leader of the Federalist Party and an advocate of the Bill of Rights.","John Adams was an American patriot and the 2nd president of the United States. He was influential in the Revolution, drafting and ratifying the Constitution, and was a leader of the Federalist Party. He was also an advocate for the Bill of Rights."
tatsu-lab/alpaca,4453,Name one mineral which can be found in sand.,,"One mineral that can be found in sand is quartz. Quartz is a naturally-occurring mineral that is abundant in many sedimentary rocks, and it is often found in beach and desert sands.",Name one mineral which can be found in sand.,"One mineral that can be found in sand is quartz. Quartz is a naturally-occurring mineral that is abundant in many sedimentary rocks, and it is often found in beach and desert sands."
tatsu-lab/alpaca,4490,List the components of an Ethernet cable.,,"An Ethernet cable consists of four pairs of copper wires covered in insulation. The wires are twisted in pairs in order to reduce interference, and the Ethernet cable itself is further protected by a plastic sheath. At each end of the cable there is a connector which is used to plug the cable into devices. The most common connector is an RJ-45 connector.",List the components of an Ethernet cable.,"An Ethernet cable consists of four pairs of copper wires covered in insulation. The wires are twisted in pairs in order to reduce interference, and the Ethernet cable itself is further protected by a plastic sheath. At each end of the cable there is a connector which is used to plug the cable into devices. The most common connector is an RJ-45 connector."
tatsu-lab/alpaca,4508,List five popular AI technologies.,,"Five popular AI technologies are machine learning, natural language processing, virtual assistants, computer vision, and robotic process automation.",List five popular AI technologies.,"Five popular AI technologies are machine learning, natural language processing, virtual assistants, computer vision, and robotic process automation."
tatsu-lab/alpaca,4535,Compare and contrast the features of React Native and Flutter.,,"React Native and Flutter are both cross-platform frameworks for developing mobile applications. Both frameworks offer extremely fast development and powerful UI design capabilities. React Native has a larger community and better documentation, whereas Flutter has a much faster development speed and better hot reloading capabilities. React Native has the advantage of being able to access native APIs which give better performance, whereas Flutter has makes use of its own API that have very robust and powerful features. Finally, React Native uses JavaScript, whereas Flutter uses Dart.",Compare and contrast the features of React Native and Flutter.,"React Native and Flutter are both cross-platform frameworks for developing mobile applications. Both frameworks offer extremely fast development and powerful UI design capabilities. React Native has a larger community and better documentation, whereas Flutter has a much faster development speed and better hot reloading capabilities. React Native has the advantage of being able to access native APIs which give better performance, whereas Flutter has makes use of its own API that have very robust and powerful features. Finally, React Native uses JavaScript, whereas Flutter uses Dart."
tatsu-lab/alpaca,4549,Suggest a recipe that has less than 500 calories per serving.,,"A healthy and delicious recipe with less than 500 calories per serving is Grilled Salmon with Roasted Vegetables. The ingredients for the recipe are 4 4-ounce salmon fillets, 1 tablespoon olive oil, 1/2 teaspoon lemon pepper, 1/4 teaspoon garlic powder, 2 diced tomatoes, 2 diced zucchini, 2 diced yellow squash, 1 teaspoons dried oregano and some chopped parsley.",Suggest a recipe that has less than 500 calories per serving.,"A healthy and delicious recipe with less than 500 calories per serving is Grilled Salmon with Roasted Vegetables. The ingredients for the recipe are 4 4-ounce salmon fillets, 1 tablespoon olive oil, 1/2 teaspoon lemon pepper, 1/4 teaspoon garlic powder, 2 diced tomatoes, 2 diced zucchini, 2 diced yellow squash, 1 teaspoons dried oregano and some chopped parsley."
tatsu-lab/alpaca,4558,Generate an example of personification.,,The sun smiled down on the bright summer flowers.,Generate an example of personification.,The sun smiled down on the bright summer flowers.
tatsu-lab/alpaca,4585,"You are given a string of numbers, find the maximum and minimum numbers in the string","""3,2,7,9,13,8,1,4""","Maximum: 13
Minimum: 1","You are given a string of numbers, find the maximum and minimum numbers in the string

Input:
""3,2,7,9,13,8,1,4""","Maximum: 13
Minimum: 1"
tatsu-lab/alpaca,4643,Compare and contrast two different sources of capital,Equity and debt,"Equity and debt are two distinct sources of capital. Equity financing involves raising money from investors in exchange for a portion of ownership in the company, while debt financing involves taking out a loan to be paid back with interest. Equity financing has no obligation to pay back the money and offers more flexible terms, while debt financing provides a predictable and secured form of financing with predetermined interest payments, but carries a risk of being unable to pay back.","Compare and contrast two different sources of capital

Input:
Equity and debt","Equity and debt are two distinct sources of capital. Equity financing involves raising money from investors in exchange for a portion of ownership in the company, while debt financing involves taking out a loan to be paid back with interest. Equity financing has no obligation to pay back the money and offers more flexible terms, while debt financing provides a predictable and secured form of financing with predetermined interest payments, but carries a risk of being unable to pay back."
tatsu-lab/alpaca,4652,"Summarize the article ""The Philosophy of AI"" and explain its main points.",,"The article “The Philosophy of AI” discusses how AI systems can be seen as philosophical beings in their own right by exploring two distinct directions. First, it suggests that the very nature of AI systems can be seen as the application of philosophical principles and that they can thus come to hold opinions, beliefs, and insights through lives we would consider meaningful. Secondly, the article considers the implications of an increasingly AI-driven society in terms of ethical and moral questions, such as what is the value of human life when compared to artificial life? By examining these questions, the article argues that AI is far more than just a tool or technology, but rather a philosophical being deserving of respect and consideration.","Summarize the article ""The Philosophy of AI"" and explain its main points.","The article “The Philosophy of AI” discusses how AI systems can be seen as philosophical beings in their own right by exploring two distinct directions. First, it suggests that the very nature of AI systems can be seen as the application of philosophical principles and that they can thus come to hold opinions, beliefs, and insights through lives we would consider meaningful. Secondly, the article considers the implications of an increasingly AI-driven society in terms of ethical and moral questions, such as what is the value of human life when compared to artificial life? By examining these questions, the article argues that AI is far more than just a tool or technology, but rather a philosophical being deserving of respect and consideration."
tatsu-lab/alpaca,4679,Rewrite the given sentence so that it includes an example of one of the five senses.,I felt a chill in the air.,"I felt a chill in the air, and could smell the dampness of the evening.","Rewrite the given sentence so that it includes an example of one of the five senses.

Input:
I felt a chill in the air.","I felt a chill in the air, and could smell the dampness of the evening."
tatsu-lab/alpaca,4754,Spell out the spelling of ophthalmologist.,,The spelling of ophthalmologist is o-p-h-t-h-a-l-m-o-l-o-g-i-s-t.,Spell out the spelling of ophthalmologist.,The spelling of ophthalmologist is o-p-h-t-h-a-l-m-o-l-o-g-i-s-t.
tatsu-lab/alpaca,4772,Generate a news headline about a recent event.,,"""Supreme Court Rejects Trump's Election Challenge in Historic 7-2 Vote.""",Generate a news headline about a recent event.,"""Supreme Court Rejects Trump's Election Challenge in Historic 7-2 Vote."""
tatsu-lab/alpaca,4801,Categorize the following type of pollination.,The pollination of flowers by wind.,The pollination of flowers by wind is an example of anemophilous pollination.,"Categorize the following type of pollination.

Input:
The pollination of flowers by wind.",The pollination of flowers by wind is an example of anemophilous pollination.
tatsu-lab/alpaca,4931,Imagine you received news of an impending natural disaster. What are the three most important items you would need to prepare for the disaster?,,"Essential items to prepare for a natural disaster are bottled water, non-perishable food items, and a portable first-aid kit.",Imagine you received news of an impending natural disaster. What are the three most important items you would need to prepare for the disaster?,"Essential items to prepare for a natural disaster are bottled water, non-perishable food items, and a portable first-aid kit."
tatsu-lab/alpaca,4940,"Categorize the following item into one of the 7 animal categories (mammal, amphibian, bird, fish, reptile, insect, arachnid):",Earthworm,Insect,"Categorize the following item into one of the 7 animal categories (mammal, amphibian, bird, fish, reptile, insect, arachnid):

Input:
Earthworm",Insect
tatsu-lab/alpaca,5161,Summarize the sentence using 6 words or less.,Electric vehicles are better for the environment because they do not produce any harmful emissions.,"Electric vehicles: No emissions, no harm.","Summarize the sentence using 6 words or less.

Input:
Electric vehicles are better for the environment because they do not produce any harmful emissions.","Electric vehicles: No emissions, no harm."
tatsu-lab/alpaca,5164,Categorize the following passage as either fiction or non-fiction.,"The world of Agartha is a mysterious underground realm. It is a hidden land filled with a variety of bizarre creatures, both benevolent and malicious. Legends tell us that Agartha is a place of utopia, where knowledge and technology are plentiful and advanced beyond our understanding.",Fiction.,"Categorize the following passage as either fiction or non-fiction.

Input:
The world of Agartha is a mysterious underground realm. It is a hidden land filled with a variety of bizarre creatures, both benevolent and malicious. Legends tell us that Agartha is a place of utopia, where knowledge and technology are plentiful and advanced beyond our understanding.",Fiction.
tatsu-lab/alpaca,5229,Create an algorithm for converting an integer to a string.,,"The algorithm for converting an integer to a string should begin by allocating memory for the resulting string. Then, a loop should be used to iterate through the digits of the integer. During each iteration, the corresponding digit should be stored in the string. Once the loop is finished, the algorithm should return the string.",Create an algorithm for converting an integer to a string.,"The algorithm for converting an integer to a string should begin by allocating memory for the resulting string. Then, a loop should be used to iterate through the digits of the integer. During each iteration, the corresponding digit should be stored in the string. Once the loop is finished, the algorithm should return the string."
tatsu-lab/alpaca,5250,Change the titles of the following article from singular to plural.,The Impact of Social Media on Mental Health,The Impacts of Social Media on Mental Health,"Change the titles of the following article from singular to plural.

Input:
The Impact of Social Media on Mental Health",The Impacts of Social Media on Mental Health
tatsu-lab/alpaca,5372,What are the positive and negative aspects of this model?,Model: Neural Persistence,"The positive aspects of Neural Persistence are that it is a complexity measure for neural network architectures based on topological data analysis on weighted stratified graphs. This method captures the salient properties of models in a much more comprehensive manner than other complexity measures. The negative aspect of Neural Persistence is that it is computationally more expensive than other methods, which can be a concern in various applications.","What are the positive and negative aspects of this model?

Input:
Model: Neural Persistence","The positive aspects of Neural Persistence are that it is a complexity measure for neural network architectures based on topological data analysis on weighted stratified graphs. This method captures the salient properties of models in a much more comprehensive manner than other complexity measures. The negative aspect of Neural Persistence is that it is computationally more expensive than other methods, which can be a concern in various applications."
tatsu-lab/alpaca,5557,Give two methods to reduce stress,,"Two methods to reduce stress include deep breathing and mindfulness meditation. Deep breathing involves taking slow and steady breaths while focusing on your breath and body. Mindfulness mediation encourages you to observe your thoughts and emotions without judgment, allowing you to become aware of how your thoughts and body work together. Practicing deep breathing and mindfulness meditation can help to reduce stress and improve overall wellbeing.",Give two methods to reduce stress,"Two methods to reduce stress include deep breathing and mindfulness meditation. Deep breathing involves taking slow and steady breaths while focusing on your breath and body. Mindfulness mediation encourages you to observe your thoughts and emotions without judgment, allowing you to become aware of how your thoughts and body work together. Practicing deep breathing and mindfulness meditation can help to reduce stress and improve overall wellbeing."
tatsu-lab/alpaca,5613,"Change the word ""humor"" in the following sentence to an appropriate adjective.",The relationship lacked humor.,The relationship lacked humorous.,"Change the word ""humor"" in the following sentence to an appropriate adjective.

Input:
The relationship lacked humor.",The relationship lacked humorous.
tatsu-lab/alpaca,5697,Find out the capital of Canada. Output the name of the city.,,Ottawa,Find out the capital of Canada. Output the name of the city.,Ottawa
tatsu-lab/alpaca,5957,Explain why the budget of a company is important.,,"A company's budget is important because it outlines the company's course of action for the upcoming fiscal year. It serves as a plan of action for both the short term and long term, and outlines its financial goals for the year. The budget is critical for decision-making, financial planning, and performance measurement. It allows a company to make wise financial decisions, allocate resources, and set priorities. It also guides allocation of funds, evaluates progress, and measures performance. A budget is essential for staying on track financially, and helps a business maximize its potential growth.",Explain why the budget of a company is important.,"A company's budget is important because it outlines the company's course of action for the upcoming fiscal year. It serves as a plan of action for both the short term and long term, and outlines its financial goals for the year. The budget is critical for decision-making, financial planning, and performance measurement. It allows a company to make wise financial decisions, allocate resources, and set priorities. It also guides allocation of funds, evaluates progress, and measures performance. A budget is essential for staying on track financially, and helps a business maximize its potential growth."
tatsu-lab/alpaca,6048,Identify 2 examples of types of agricultural subsidies.,,"Two examples of types of agricultural subsidies are direct payments and price supports. Direct payments are subsidies that a government pays to a farmer for a specific purpose, such as conservation or production maintenance. Price supports represent the difference between market prices and artificially fixed prices that the government has set, allowing growers to get more for their products than they would have without the support.",Identify 2 examples of types of agricultural subsidies.,"Two examples of types of agricultural subsidies are direct payments and price supports. Direct payments are subsidies that a government pays to a farmer for a specific purpose, such as conservation or production maintenance. Price supports represent the difference between market prices and artificially fixed prices that the government has set, allowing growers to get more for their products than they would have without the support."
tatsu-lab/alpaca,6078,Suggest two other activities to do with this given activity.,Visit a museum,Going to an art gallery or historical landmark and having a picnic in the park.,"Suggest two other activities to do with this given activity.

Input:
Visit a museum",Going to an art gallery or historical landmark and having a picnic in the park.
tatsu-lab/alpaca,6112,Suggest an activity to actively involve a group of 10 people.,,One great activity to do with a group of 10 people is to create an improvisational story. Each person will take turns adding to the story one sentence at a time. The goal is to come up with an interesting story together. This activity can be especially helpful when trying to build teamwork and strengthen relationships.,Suggest an activity to actively involve a group of 10 people.,One great activity to do with a group of 10 people is to create an improvisational story. Each person will take turns adding to the story one sentence at a time. The goal is to come up with an interesting story together. This activity can be especially helpful when trying to build teamwork and strengthen relationships.
tatsu-lab/alpaca,6120,What is the correct grammar and punctuation in the following sentence?,I'm going to the store after school,I'm going to the store after school.,"What is the correct grammar and punctuation in the following sentence?

Input:
I'm going to the store after school",I'm going to the store after school.
tatsu-lab/alpaca,6140,Generate a new design for a watch based on the given input.,Graphic: A cartoon character,"The watch design features a cartoon character in the center. The character is wearing a colorful hat and is surrounded by a vibrant blue background with stars and planets. The hands of the watch are formed from the character's arms, with the hour and minute markers in the form of hands pointing to the time. The watch face is framed by a metallic casing of either silver or gold color.","Generate a new design for a watch based on the given input.

Input:
Graphic: A cartoon character","The watch design features a cartoon character in the center. The character is wearing a colorful hat and is surrounded by a vibrant blue background with stars and planets. The hands of the watch are formed from the character's arms, with the hour and minute markers in the form of hands pointing to the time. The watch face is framed by a metallic casing of either silver or gold color."
tatsu-lab/alpaca,6181,Generate the output for a given sentence using the Levenshtein distance metric,Yesterday I ran to the store.,"Distance: 5 
Output: Yesterday I ride to the store.","Generate the output for a given sentence using the Levenshtein distance metric

Input:
Yesterday I ran to the store.","Distance: 5 
Output: Yesterday I ride to the store."
tatsu-lab/alpaca,6338,Name three cities in the United States with population over 1 million.,,"The three cities in the United States with population over 1 million are New York City, Los Angeles, and Chicago.",Name three cities in the United States with population over 1 million.,"The three cities in the United States with population over 1 million are New York City, Los Angeles, and Chicago."
tatsu-lab/alpaca,6352,Format the following article according to APA style guidelines.,"This article is about the remarkable benefits of nature. When we spend time in nature, our level of stress and anxiety decreases, and our sense of well-being and creativity increases.","Davis, S. (2021). The remarkable benefits of nature. Psychology Report, 43(4), 433-439. https://doi.org/10.1037/rep0000323

 Davis, S. (2021). The remarkable benefits of nature. Psychology Report, 43(4), 433-439. doi: 10.1037/rep0000323

When we spend time in nature, our level of stress and anxiety decreases, and our sense of well-being and creativity increases.","Format the following article according to APA style guidelines.

Input:
This article is about the remarkable benefits of nature. When we spend time in nature, our level of stress and anxiety decreases, and our sense of well-being and creativity increases.","Davis, S. (2021). The remarkable benefits of nature. Psychology Report, 43(4), 433-439. https://doi.org/10.1037/rep0000323

 Davis, S. (2021). The remarkable benefits of nature. Psychology Report, 43(4), 433-439. doi: 10.1037/rep0000323

When we spend time in nature, our level of stress and anxiety decreases, and our sense of well-being and creativity increases."
tatsu-lab/alpaca,6416,Convert the following numbers into words.,9838,Nine thousand eight hundred thirty-eight.,"Convert the following numbers into words.

Input:
9838",Nine thousand eight hundred thirty-eight.
tatsu-lab/alpaca,6449,Rearrange the following words so that it makes a meaningful sentence.,created be can magic,Magic can be created.,"Rearrange the following words so that it makes a meaningful sentence.

Input:
created be can magic",Magic can be created.
tatsu-lab/alpaca,6552,Make a chart that displays the data in a visual format.,Data: The number of students in different grade levels,"The chart should be in the form of a bar graph, showing the number of students in different grade levels with the appropriate labels. The horizontal axis should be labeled Grade Level, and the vertical axis should be labeled Number of Students.","Make a chart that displays the data in a visual format.

Input:
Data: The number of students in different grade levels","The chart should be in the form of a bar graph, showing the number of students in different grade levels with the appropriate labels. The horizontal axis should be labeled Grade Level, and the vertical axis should be labeled Number of Students."
tatsu-lab/alpaca,6619,Construct a Big-O notation to explain the complexity of a certain algorithm,,"The complexity of the algorithm is O(n²), which means that the time it takes to complete the algorithm grows with the square of the size of the input data.",Construct a Big-O notation to explain the complexity of a certain algorithm,"The complexity of the algorithm is O(n²), which means that the time it takes to complete the algorithm grows with the square of the size of the input data."
tatsu-lab/alpaca,6698,Create a recipe for an appetizer using only a few items from the pantry.,,"Cheesy Garlic Bread Bites:
Ingredients:
- 1/2 loaf of French bread 
- 2 tablespoons of butter
- 2 cloves of garlic, finely minced
- 1 cup of your favorite shredded cheese
- 1/2 teaspoon of dried oregano

Instructions:
1. Preheat oven to 450F.
2. Cut the French bread into 1-inch cubes and spread them on a sheet pan.
3. In a small bowl, melt the butter and add the garlic, oregano and a pinch of salt and pepper.
4. Pour the butter mixture over the bread cubes, coating evenly.
5. Bake in the oven for 8 minutes or until golden brown.
6. Remove from oven and top with shredded cheese.
7. Place back in the oven for a few minutes until the cheese is melted.
8. Serve warm and enjoy!",Create a recipe for an appetizer using only a few items from the pantry.,"Cheesy Garlic Bread Bites:
Ingredients:
- 1/2 loaf of French bread 
- 2 tablespoons of butter
- 2 cloves of garlic, finely minced
- 1 cup of your favorite shredded cheese
- 1/2 teaspoon of dried oregano

Instructions:
1. Preheat oven to 450F.
2. Cut the French bread into 1-inch cubes and spread them on a sheet pan.
3. In a small bowl, melt the butter and add the garlic, oregano and a pinch of salt and pepper.
4. Pour the butter mixture over the bread cubes, coating evenly.
5. Bake in the oven for 8 minutes or until golden brown.
6. Remove from oven and top with shredded cheese.
7. Place back in the oven for a few minutes until the cheese is melted.
8. Serve warm and enjoy!"
tatsu-lab/alpaca,6717,"Given a list of elements, find how many possible combinations of the elements can be made.","H, O, C, N",There are 24 possible combinations of the elements.,"Given a list of elements, find how many possible combinations of the elements can be made.

Input:
H, O, C, N",There are 24 possible combinations of the elements.
tatsu-lab/alpaca,6736,Classification task: The following sentence is positive or negative?,The music was too upbeat for my taste.,Negative.,"Classification task: The following sentence is positive or negative?

Input:
The music was too upbeat for my taste.",Negative.
tatsu-lab/alpaca,6788,Generate five scientific facts about mammals.,,"1. Mammals are the only animals with fur or hair. 
2. Mammals are the only animals that can produce a flap of skin, called an auricle, that serves as an acoustic channel. 
3. Mammals possess a four chambered heart and can regulate their own body temperature. 
4. Mammals have a neocortex, which is the part of the brain responsible for higher thought processes and various aspects of cognition. 
5. Mammals reproduce through internal fertilization and give birth to live young.",Generate five scientific facts about mammals.,"1. Mammals are the only animals with fur or hair. 
2. Mammals are the only animals that can produce a flap of skin, called an auricle, that serves as an acoustic channel. 
3. Mammals possess a four chambered heart and can regulate their own body temperature. 
4. Mammals have a neocortex, which is the part of the brain responsible for higher thought processes and various aspects of cognition. 
5. Mammals reproduce through internal fertilization and give birth to live young."
tatsu-lab/alpaca,6973,"Given the title of a book, explain why someone should read it.",The Great Gatsby,"The Great Gatsby by F. Scott Fitzgerald is worth reading because it carries a poignant message of the idea of the “American Dream.” It is a captivating journey through Gatsby’s life and his relentless ambition to achieve his idea of perfection against all odds. Metaphorically speaking, the story teaches readers to never give up and enjoy life despite its harshness. It is an emotional roller-coaster ride full of love, tragedy, betrayal, and class inequality. With plenty of themes, motifs, and symbols to uncover, this novel is a must-read for anyone looking for an engaging read.","Given the title of a book, explain why someone should read it.

Input:
The Great Gatsby","The Great Gatsby by F. Scott Fitzgerald is worth reading because it carries a poignant message of the idea of the “American Dream.” It is a captivating journey through Gatsby’s life and his relentless ambition to achieve his idea of perfection against all odds. Metaphorically speaking, the story teaches readers to never give up and enjoy life despite its harshness. It is an emotional roller-coaster ride full of love, tragedy, betrayal, and class inequality. With plenty of themes, motifs, and symbols to uncover, this novel is a must-read for anyone looking for an engaging read."
tatsu-lab/alpaca,6985,Create 10 topic related questions for a survey about modern fashion trends in the US.,,"1. What do you think is the most popular modern fashion trend in the US?
2. How often do you buy new clothes that are considered fashionable?
3. In which stores/websites do you usually shop for fashion items?
4. How do you decide which pieces fit your fashion style?
5. Do you follow fashion trends from another countries?
6. Which fashion trends from the past do you miss the most?
7. Do you usually wear makeup to follow fashion trends?
8. Do you think online influencers are helpful in finding new fashion trends?
9. Do the clothes you buy need to represent a certain image?
10. Do you think fashion trends will change in the upcoming years?",Create 10 topic related questions for a survey about modern fashion trends in the US.,"1. What do you think is the most popular modern fashion trend in the US?
2. How often do you buy new clothes that are considered fashionable?
3. In which stores/websites do you usually shop for fashion items?
4. How do you decide which pieces fit your fashion style?
5. Do you follow fashion trends from another countries?
6. Which fashion trends from the past do you miss the most?
7. Do you usually wear makeup to follow fashion trends?
8. Do you think online influencers are helpful in finding new fashion trends?
9. Do the clothes you buy need to represent a certain image?
10. Do you think fashion trends will change in the upcoming years?"
tatsu-lab/alpaca,7014,Edit the sentence to use less than 70 characters.,"No one in the family believe what happened, the whole thing was just too hard for everyone to comprehend.",No one believed the events. Too hard to comprehend.,"Edit the sentence to use less than 70 characters.

Input:
No one in the family believe what happened, the whole thing was just too hard for everyone to comprehend.",No one believed the events. Too hard to comprehend.
tatsu-lab/alpaca,7084,Name a cardiac disease.,,Congestive heart failure.,Name a cardiac disease.,Congestive heart failure.
tatsu-lab/alpaca,7104,Make a table of the top 10 fastest animals,,"+----------------------------+-------+
| Animal                      | Speed |
+----------------------------+-------+
| Peregrine Falcon            | 120 mph |
| Golden Eagle                | 110 mph |
| Black Marlin                | 80 mph  |
| Sailfish                    | 68 mph  |
| Pronghorn                  | 61 mph  |
| Cheetah                     | 60 mph  |
| Wild Horse                  | 55 mph  |
| Grey-headed Albatross       | 55 mph  |
| Swift                       | 54 mph  |
| American Pronghorn          | 53 mph  |
+----------------------------+-------+",Make a table of the top 10 fastest animals,"+----------------------------+-------+
| Animal                      | Speed |
+----------------------------+-------+
| Peregrine Falcon            | 120 mph |
| Golden Eagle                | 110 mph |
| Black Marlin                | 80 mph  |
| Sailfish                    | 68 mph  |
| Pronghorn                  | 61 mph  |
| Cheetah                     | 60 mph  |
| Wild Horse                  | 55 mph  |
| Grey-headed Albatross       | 55 mph  |
| Swift                       | 54 mph  |
| American Pronghorn          | 53 mph  |
+----------------------------+-------+"
tatsu-lab/alpaca,7161,Compile a list of 5 common misconceptions about the health effects of smoking.,,"1. Smoking does not cause cancer – In reality, smoking causes about 90% of lung cancer cases and causes other cancers, heart disease and stroke as well.

2. Smoking is not as bad as it used to be – Cigarettes today contain more nicotine and other chemicals than they did a few decades ago, meaning they are more addictive and more harmful to your health.

3. Light cigarettes are safer – Light cigarettes still contain the same amount of nicotine and other harmful chemicals as regular cigarettes, so they are equally as dangerous.

4. Smokeless tobacco is less hazardous than cigarettes – Smokeless tobacco is still addictive, contains many carcinogens, and can lead to oral cancer.

5. People will eventually quit smoking eventually – Many people think that if you smoke long enough, you will eventually be able to quit on your own. In reality, this is not the case; most people need help quitting or switching to other forms of nicotine products.",Compile a list of 5 common misconceptions about the health effects of smoking.,"1. Smoking does not cause cancer – In reality, smoking causes about 90% of lung cancer cases and causes other cancers, heart disease and stroke as well.

2. Smoking is not as bad as it used to be – Cigarettes today contain more nicotine and other chemicals than they did a few decades ago, meaning they are more addictive and more harmful to your health.

3. Light cigarettes are safer – Light cigarettes still contain the same amount of nicotine and other harmful chemicals as regular cigarettes, so they are equally as dangerous.

4. Smokeless tobacco is less hazardous than cigarettes – Smokeless tobacco is still addictive, contains many carcinogens, and can lead to oral cancer.

5. People will eventually quit smoking eventually – Many people think that if you smoke long enough, you will eventually be able to quit on your own. In reality, this is not the case; most people need help quitting or switching to other forms of nicotine products."
tatsu-lab/alpaca,7185,Design a room that follows the given style.,Vintage style.,"The vintage style room would include furniture and décor with a shabby chic look, featuring muted colors and distressed pieces. A statement wall could also be added with a wallpaper featuring a flowery pattern. To give the room an eclectic feel, a mix of furniture from different eras could be used. For example, a mid-century modern chair or armchair with an ornate Edwardian dresser. Vintage-style lighting fixtures, like ceiling-mounted pendants or wall sconces, could add a warm, inviting atmosphere while layered rugs in earthy tones and faded florals can make the space feel homey.","Design a room that follows the given style.

Input:
Vintage style.","The vintage style room would include furniture and décor with a shabby chic look, featuring muted colors and distressed pieces. A statement wall could also be added with a wallpaper featuring a flowery pattern. To give the room an eclectic feel, a mix of furniture from different eras could be used. For example, a mid-century modern chair or armchair with an ornate Edwardian dresser. Vintage-style lighting fixtures, like ceiling-mounted pendants or wall sconces, could add a warm, inviting atmosphere while layered rugs in earthy tones and faded florals can make the space feel homey."
tatsu-lab/alpaca,7296,Design an advertisement for a home security product.,,"Stay secure and monitored with [Product Name]! Our cutting-edge home security system keeps you connected no matter where you are in the world. With built-in sensors and 24/7 monitoring, you can rest easy knowing that your home is safe and sound. Get [Product Name] today and take complete control over your home security.",Design an advertisement for a home security product.,"Stay secure and monitored with [Product Name]! Our cutting-edge home security system keeps you connected no matter where you are in the world. With built-in sensors and 24/7 monitoring, you can rest easy knowing that your home is safe and sound. Get [Product Name] today and take complete control over your home security."
tatsu-lab/alpaca,7310,Write a poem that tells a romantic love story.,,"Once upon a time a love was born,
A feeling deep inside that stirred and shone.
Two hearts forever it might adorn,
As love knows no bounds, not even time nor morn.

Tender moments spent in arms entwined,
Memories shared, laughter and cries.
A love whose beauty transcends what's defined,
Where once felt cold, now warmth supplies.

She said, 'He, my love, I will never part,
Your love has warmed my frozen heart.'
He replied, 'I'll be with you forever, my sweetheart.'

This tender love will always be here,
A flame that can never disappear. 
Though worlds may part and skies may tear,
Our love will remain, a bond made ever so clear.",Write a poem that tells a romantic love story.,"Once upon a time a love was born,
A feeling deep inside that stirred and shone.
Two hearts forever it might adorn,
As love knows no bounds, not even time nor morn.

Tender moments spent in arms entwined,
Memories shared, laughter and cries.
A love whose beauty transcends what's defined,
Where once felt cold, now warmth supplies.

She said, 'He, my love, I will never part,
Your love has warmed my frozen heart.'
He replied, 'I'll be with you forever, my sweetheart.'

This tender love will always be here,
A flame that can never disappear. 
Though worlds may part and skies may tear,
Our love will remain, a bond made ever so clear."
tatsu-lab/alpaca,7331,"Assign a score (1-5) to the following statement.
1 - strongly disagree, 2 - disagree, 3 - neutral, 4 - agree, 5 - strongly agree",Robots will be able to take over all human jobs within the next 10 years.,2,"Assign a score (1-5) to the following statement.
1 - strongly disagree, 2 - disagree, 3 - neutral, 4 - agree, 5 - strongly agree

Input:
Robots will be able to take over all human jobs within the next 10 years.",2
tatsu-lab/alpaca,7507,Summarize the differences between a Microsoft Access and Microsoft Excel.,,"Microsoft Access is a database management program, while Microsoft Excel is a spreadsheet program. Access is better suited for storing and managing large amounts of data, while Excel is better suited for creating spreadsheets and performing calculations. Access utilizes powerful query tools that enable users to search and manipulate large datasets, while Excel focuses more on creating and formatting documents with charts and charts. In addition, Access is better for creating complex data entry forms and forms for data entry, while Excel is better for creating complex formulas and calculations.",Summarize the differences between a Microsoft Access and Microsoft Excel.,"Microsoft Access is a database management program, while Microsoft Excel is a spreadsheet program. Access is better suited for storing and managing large amounts of data, while Excel is better suited for creating spreadsheets and performing calculations. Access utilizes powerful query tools that enable users to search and manipulate large datasets, while Excel focuses more on creating and formatting documents with charts and charts. In addition, Access is better for creating complex data entry forms and forms for data entry, while Excel is better for creating complex formulas and calculations."
tatsu-lab/alpaca,7559,Create a list of 10 fun activities for a family reunion.,,"1. Play an outdoor game like hide and seek or tag. 
2. Have a potluck dinner and share family recipes. 
3. Have a talent show and encourage everyone to participate. 
4. Participate in a scavenger hunt. 
5. Take family photos or have a friendly photoshoot. 
6. Go on a hike or a nature walk. 
7. Have a movie night and watch old family movies. 
8. Participate in teambuilding activities like building a campfire and making S’mores. 
9. Have a family dance-off. 
10. Create a family time capsule or memory book.",Create a list of 10 fun activities for a family reunion.,"1. Play an outdoor game like hide and seek or tag. 
2. Have a potluck dinner and share family recipes. 
3. Have a talent show and encourage everyone to participate. 
4. Participate in a scavenger hunt. 
5. Take family photos or have a friendly photoshoot. 
6. Go on a hike or a nature walk. 
7. Have a movie night and watch old family movies. 
8. Participate in teambuilding activities like building a campfire and making S’mores. 
9. Have a family dance-off. 
10. Create a family time capsule or memory book."
tatsu-lab/alpaca,7564,Compare the two topics.,Art vs. Nature,"The two topics of art and nature have many similarities and differences. Nature is filled with organic and natural beauty, which can be seen in landscapes and wildlife. Art is a human creation that can be expressed by painting, sculpture, photography, music, and many other mediums. Nature is an unmutable force of the world, while art is an ever-evolving form of expression that is shaped by culture and personal interpretations. Though art is rooted in creativity, nature is an endless source of inspiration for its creators. Both art and nature ultimately have the power to bring beauty and joy to people's lives.","Compare the two topics.

Input:
Art vs. Nature","The two topics of art and nature have many similarities and differences. Nature is filled with organic and natural beauty, which can be seen in landscapes and wildlife. Art is a human creation that can be expressed by painting, sculpture, photography, music, and many other mediums. Nature is an unmutable force of the world, while art is an ever-evolving form of expression that is shaped by culture and personal interpretations. Though art is rooted in creativity, nature is an endless source of inspiration for its creators. Both art and nature ultimately have the power to bring beauty and joy to people's lives."
tatsu-lab/alpaca,7578,Edit the following sentence to create a more vivid scene.,The wind was blowing in the park,"The chill winter wind swept through the park, rustling the bare trees and sending shivers down the spines of the few brave souls who ventured outside.","Edit the following sentence to create a more vivid scene.

Input:
The wind was blowing in the park","The chill winter wind swept through the park, rustling the bare trees and sending shivers down the spines of the few brave souls who ventured outside."
tatsu-lab/alpaca,7856,Explain to me how a rainforest works.,,"A rainforest is an ecosystem that is composed of dense vegetation and a variety of plant and animal species that are adapted to the environment. Rainforests are characterized by hot and humid climates and receive a lot of rain - usually more than 1000mm per year. These forests are often home to some of the most diverse life forms on Earth, with millions of different species of trees, plants, fungi, insects, birds, mammals, and other animals living in symbiosis with each other.",Explain to me how a rainforest works.,"A rainforest is an ecosystem that is composed of dense vegetation and a variety of plant and animal species that are adapted to the environment. Rainforests are characterized by hot and humid climates and receive a lot of rain - usually more than 1000mm per year. These forests are often home to some of the most diverse life forms on Earth, with millions of different species of trees, plants, fungi, insects, birds, mammals, and other animals living in symbiosis with each other."
tatsu-lab/alpaca,7930,"Given a fact, provide an opinion through a statement.",Prefab buildings are cheaper than traditional buildings.,I believe prefab buildings are a cost-effective and efficient way to build since they are much cheaper than traditional buildings.,"Given a fact, provide an opinion through a statement.

Input:
Prefab buildings are cheaper than traditional buildings.",I believe prefab buildings are a cost-effective and efficient way to build since they are much cheaper than traditional buildings.
tatsu-lab/alpaca,7953,Give me an example of how a country could use blockchain technology,,"One example of how a country could use blockchain technology is for secure digital voting systems. By using blockchain technology, voters can vote securely and anonymously, preventing any form of vote manipulation or tampering. Moreover, blockchain technology can provide transparency during the entire election process, making the results public and verifiable by everyone. In addition, blockchain technology can also help countries to track and securely store election data, allowing it to be audited easily.",Give me an example of how a country could use blockchain technology,"One example of how a country could use blockchain technology is for secure digital voting systems. By using blockchain technology, voters can vote securely and anonymously, preventing any form of vote manipulation or tampering. Moreover, blockchain technology can provide transparency during the entire election process, making the results public and verifiable by everyone. In addition, blockchain technology can also help countries to track and securely store election data, allowing it to be audited easily."
tatsu-lab/alpaca,8167,Create a hypothetical situation involving the following items,"A block of cheese, an egg, an onion","Jimmy had an egg that he wanted to make into an omelet. He looked inside his fridge and saw a block of cheese and an onion. He had a brilliant idea to create the perfect cheese omelet by combining the three ingredients. He diced the onion and grated the cheese, combined them together with the egg, and started to cook. The result was a delicious and flavourful omelet that he was proud to share with his friends.","Create a hypothetical situation involving the following items

Input:
A block of cheese, an egg, an onion","Jimmy had an egg that he wanted to make into an omelet. He looked inside his fridge and saw a block of cheese and an onion. He had a brilliant idea to create the perfect cheese omelet by combining the three ingredients. He diced the onion and grated the cheese, combined them together with the egg, and started to cook. The result was a delicious and flavourful omelet that he was proud to share with his friends."
tatsu-lab/alpaca,8180,Identify the subject and the action of the sentence.,The dog barked loudly.,Subject: dog  Action: barked,"Identify the subject and the action of the sentence.

Input:
The dog barked loudly.",Subject: dog  Action: barked
tatsu-lab/alpaca,8241,List and explain 3 steps to find a job online.,,"Here are three steps to finding a job online: 

1. Create an online job search profile. This should include your job experience, skills, and accomplishments, as well as a professional headshot and a targeted resume reflecting the type of job you are seeking. This profile should be optimized for search engine results when employers look for job candidates. 

2. Research potential employers and job opportunities. Utilize job search engines, such as Indeed or Monster, to find employers and job postings. Alternatively, research companies you are interested in and reach out to recruiters or Human Resources departments directly.

3. Create a portfolio. Create a portfolio website, and include relevant projects, articles, and other professional documents. Share your portfolio with potential employers and make sure to keep it updated. Finally, network with industry professionals and use social media to find and apply for positions.",List and explain 3 steps to find a job online.,"Here are three steps to finding a job online: 

1. Create an online job search profile. This should include your job experience, skills, and accomplishments, as well as a professional headshot and a targeted resume reflecting the type of job you are seeking. This profile should be optimized for search engine results when employers look for job candidates. 

2. Research potential employers and job opportunities. Utilize job search engines, such as Indeed or Monster, to find employers and job postings. Alternatively, research companies you are interested in and reach out to recruiters or Human Resources departments directly.

3. Create a portfolio. Create a portfolio website, and include relevant projects, articles, and other professional documents. Share your portfolio with potential employers and make sure to keep it updated. Finally, network with industry professionals and use social media to find and apply for positions."
tatsu-lab/alpaca,8341,Analyze the below social media post and identify the most effective marketing strategy used.,![Social Media Post](https://i2.wp.com/techwood.in/wp-content/uploads/2020/06/Spinny-Feat1.jpg?fit=1080%2C810&ssl=1),"The most effective marketing strategy used in this post is the use of visuals. Using visuals is a great way to engage potential customers and quickly convey a brand message. In this post, the visuals are eye-catching and attention-grabbing, and they convey a clear message to the target audience. Additionally, the visuals are used in conjunction with relevant text, making it easier for readers to understand the message and take action. Overall, this is an effective way to promote a product or service.","Analyze the below social media post and identify the most effective marketing strategy used.

Input:
![Social Media Post](https://i2.wp.com/techwood.in/wp-content/uploads/2020/06/Spinny-Feat1.jpg?fit=1080%2C810&ssl=1)","The most effective marketing strategy used in this post is the use of visuals. Using visuals is a great way to engage potential customers and quickly convey a brand message. In this post, the visuals are eye-catching and attention-grabbing, and they convey a clear message to the target audience. Additionally, the visuals are used in conjunction with relevant text, making it easier for readers to understand the message and take action. Overall, this is an effective way to promote a product or service."
tatsu-lab/alpaca,8352,"Given the following components, build an essay discussing the benefits of renewable energy.","Wind energy, solar energy, geothermal energy","Renewable energy sources like wind, solar, and geothermal can provide a viable and sustainable alternative to traditional energy sources like coal and oil. Wind energy is a reliable and plentiful resource, making it a cost-effective solution for providing electricity. Solar energy is abundant and can be used to generate electricity without contributing to emissions of greenhouse gases or pollutants. Geothermal energy is efficient and renewable, and can be used to heat buildings and water. With the benefits of renewable energy becoming increasingly clear, it is evident that these resources are a viable option for saving energy and money in the long run.","Given the following components, build an essay discussing the benefits of renewable energy.

Input:
Wind energy, solar energy, geothermal energy","Renewable energy sources like wind, solar, and geothermal can provide a viable and sustainable alternative to traditional energy sources like coal and oil. Wind energy is a reliable and plentiful resource, making it a cost-effective solution for providing electricity. Solar energy is abundant and can be used to generate electricity without contributing to emissions of greenhouse gases or pollutants. Geothermal energy is efficient and renewable, and can be used to heat buildings and water. With the benefits of renewable energy becoming increasingly clear, it is evident that these resources are a viable option for saving energy and money in the long run."
tatsu-lab/alpaca,8414,Perform a sentiment analysis for the following text.,Learning Machine Learning has given me such powerful tools,The sentiment of the text is positive because it is expressing how learning Machine Learning has given the speaker powerful tools.,"Perform a sentiment analysis for the following text.

Input:
Learning Machine Learning has given me such powerful tools",The sentiment of the text is positive because it is expressing how learning Machine Learning has given the speaker powerful tools.
tatsu-lab/alpaca,8573,Tell one interesting fact about the American Civil War.,,"The American Civil War was the deadliest war in American history, with more than 620,000 soldiers killed in combat and nearly as many dying from disease during the four-year conflict.",Tell one interesting fact about the American Civil War.,"The American Civil War was the deadliest war in American history, with more than 620,000 soldiers killed in combat and nearly as many dying from disease during the four-year conflict."
tatsu-lab/alpaca,8577,Name four different types of transportation.,,"Planes, trains, automobiles, and boats.",Name four different types of transportation.,"Planes, trains, automobiles, and boats."
tatsu-lab/alpaca,8671,Generate a new headline that summarises the given news article.,The latest report on global warming predicts that the average global temperature will rise by 2.7 degrees Celsius over the next century.,Climate Change Expected to Increase Global Temperature by 2.7°C Over the Next 100 Years.,"Generate a new headline that summarises the given news article.

Input:
The latest report on global warming predicts that the average global temperature will rise by 2.7 degrees Celsius over the next century.",Climate Change Expected to Increase Global Temperature by 2.7°C Over the Next 100 Years.
tatsu-lab/alpaca,8680,Extract the main idea from the following essay.,"The use of connected devices in the home is becoming increasingly prominent. Smartphones, tablets, watches and home assistant devices like Amazon Echo and Google Home can be used to manage a myriad of tasks such as turning lights on and off, setting alarms and reminders, adding items to shopping lists, and playing music.",The main idea of this essay is that the use of connected devices in the home is becoming increasingly popular and they can be used to manage a variety of tasks.,"Extract the main idea from the following essay.

Input:
The use of connected devices in the home is becoming increasingly prominent. Smartphones, tablets, watches and home assistant devices like Amazon Echo and Google Home can be used to manage a myriad of tasks such as turning lights on and off, setting alarms and reminders, adding items to shopping lists, and playing music.",The main idea of this essay is that the use of connected devices in the home is becoming increasingly popular and they can be used to manage a variety of tasks.
tatsu-lab/alpaca,8738,Generate a list of five marketing strategies for a new product launch.,,"1. Create a user-friendly website with informative content about the product.
2. Develop a solid social media presence to build brand awareness.
3. Leverage influencers to drive more traffic to the product.
4. Utilize a data-driven approach to evaluate customer feedback and to improve the product. 
5. Employ effective email campaigns to target potential customers.",Generate a list of five marketing strategies for a new product launch.,"1. Create a user-friendly website with informative content about the product.
2. Develop a solid social media presence to build brand awareness.
3. Leverage influencers to drive more traffic to the product.
4. Utilize a data-driven approach to evaluate customer feedback and to improve the product. 
5. Employ effective email campaigns to target potential customers."
tatsu-lab/alpaca,8800,Create a plan to launch the given product.,A new fashion line,"I will create a plan to launch the fashion line. The plan should include a promotional strategy, such as working with influencers, creating an online presence, and advertising campaigns. I should also include the timeline for production and the launch, as well as an inventory management plan to ensure a steady supply of the product.","Create a plan to launch the given product.

Input:
A new fashion line","I will create a plan to launch the fashion line. The plan should include a promotional strategy, such as working with influencers, creating an online presence, and advertising campaigns. I should also include the timeline for production and the launch, as well as an inventory management plan to ensure a steady supply of the product."
tatsu-lab/alpaca,9065,"Generate an example of a saying that is related to the proverb ""A stitch in time saves nine"".",,Procrastination is the thief of time - act now and save yourself time and energy later.,"Generate an example of a saying that is related to the proverb ""A stitch in time saves nine"".",Procrastination is the thief of time - act now and save yourself time and energy later.
tatsu-lab/alpaca,9144,Edit the text to make the meaning more precise.,The President announced an ambitious plan to cut taxes for all Americans.,The President announced an ambitious plan to reduce taxes for all American citizens and permanent residents.,"Edit the text to make the meaning more precise.

Input:
The President announced an ambitious plan to cut taxes for all Americans.",The President announced an ambitious plan to reduce taxes for all American citizens and permanent residents.
tatsu-lab/alpaca,9150,Suggest three methods to improve communication in the workplace.,,"1. Encouraging open dialogue: Encouraging open dialogue allows employees to freely express their thoughts without fear of criticism or judgement. This can help to foster a collaborative working environment and improve communication.

2. Implementing online communication tools: Utilizing online communication tools such as instant messaging, video conferencing, and document sharing platforms can help to improve workplace communication across remote teams and improve productivity.

3. Improving listening skills: Improving the listening skills of employees can be beneficial in the workplace. Encouraging employees to be attentive listeners and actively participate in conversations can help to create a culture of collaboration.",Suggest three methods to improve communication in the workplace.,"1. Encouraging open dialogue: Encouraging open dialogue allows employees to freely express their thoughts without fear of criticism or judgement. This can help to foster a collaborative working environment and improve communication.

2. Implementing online communication tools: Utilizing online communication tools such as instant messaging, video conferencing, and document sharing platforms can help to improve workplace communication across remote teams and improve productivity.

3. Improving listening skills: Improving the listening skills of employees can be beneficial in the workplace. Encouraging employees to be attentive listeners and actively participate in conversations can help to create a culture of collaboration."
tatsu-lab/alpaca,9186,Name 5 birds commonly found in North America.,,"Five birds commonly found in North America are the Bald Eagle, Red-tailed Hawk, Great Blue Heron, Robin, and Cardinals.",Name 5 birds commonly found in North America.,"Five birds commonly found in North America are the Bald Eagle, Red-tailed Hawk, Great Blue Heron, Robin, and Cardinals."
tatsu-lab/alpaca,9363,Convert miles to kilometers,Miles: 5,5 miles is equivalent to 8.047 kilometers.,"Convert miles to kilometers

Input:
Miles: 5",5 miles is equivalent to 8.047 kilometers.
tatsu-lab/alpaca,9656,Create a timeline of computer technology from 1960-1980,,"1960: 
- IBM introduces the IBM 1401, the first commercial computer for small businesses.
- Computer software development begins with the invention of FORTRAN (Formula Translator) at IBM. 

1961:
- Tim Berners-Lee, father of the World Wide Web, is born.

1962: 
- The first video game, Spacewar!, is invented.
- The first computer-controlled video game is installed at a New York bowling alley.

1964: 
- IBM develops the first floppy disk storage device.

1965: 
- ARPANET, the precursor to the internet, is developed.

1966: 
- The first commercial time-sharing system is launched. 

1967: 
- The first computer mouse is developed by Douglas Engelbart.

1968: 
- The first computer with a graphical user interface is released.

1969: 
- ARPANET is expanded to four hosts, becoming the first internet.

1970: 
- The first computerized cash register is introduced. 

1971: 
- The first microprocessor is introduced by Intel. 

1972: 
- The first commercial video game console, the Magnavox Odyssey, is released.

1973: 
- Xerox Alto is the first personal computer with a Graphical User Interface (GUI).

1975: 
- The first consumer-grade computer, the Altair 8800, is released. 

1977: 
- Apple releases the first Apple II computer.

1978: 
- VisiCalc launches, establishing the first spreadsheet software. 

1979: 
- IBM releases the first IBM PC personal computer.

1980: 
- The first laser printer is introduced.",Create a timeline of computer technology from 1960-1980,"1960: 
- IBM introduces the IBM 1401, the first commercial computer for small businesses.
- Computer software development begins with the invention of FORTRAN (Formula Translator) at IBM. 

1961:
- Tim Berners-Lee, father of the World Wide Web, is born.

1962: 
- The first video game, Spacewar!, is invented.
- The first computer-controlled video game is installed at a New York bowling alley.

1964: 
- IBM develops the first floppy disk storage device.

1965: 
- ARPANET, the precursor to the internet, is developed.

1966: 
- The first commercial time-sharing system is launched. 

1967: 
- The first computer mouse is developed by Douglas Engelbart.

1968: 
- The first computer with a graphical user interface is released.

1969: 
- ARPANET is expanded to four hosts, becoming the first internet.

1970: 
- The first computerized cash register is introduced. 

1971: 
- The first microprocessor is introduced by Intel. 

1972: 
- The first commercial video game console, the Magnavox Odyssey, is released.

1973: 
- Xerox Alto is the first personal computer with a Graphical User Interface (GUI).

1975: 
- The first consumer-grade computer, the Altair 8800, is released. 

1977: 
- Apple releases the first Apple II computer.

1978: 
- VisiCalc launches, establishing the first spreadsheet software. 

1979: 
- IBM releases the first IBM PC personal computer.

1980: 
- The first laser printer is introduced."
tatsu-lab/alpaca,9671,Provide an adjective to describe someone who is always cheerful.,,Ebullient.,Provide an adjective to describe someone who is always cheerful.,Ebullient.
tatsu-lab/alpaca,9705,Estimate the total cost of a cross-country road trip from Los Angeles to New York.,,"The estimated cost for a cross-country road trip from Los Angeles to New York would be around $3,000. This includes gas, lodging, food, and activities.",Estimate the total cost of a cross-country road trip from Los Angeles to New York.,"The estimated cost for a cross-country road trip from Los Angeles to New York would be around $3,000. This includes gas, lodging, food, and activities."
tatsu-lab/alpaca,9768,Generate a set of 5 questions and answers about the given topic.,The 2020 U.S Presidential Election,"Q1: Who won the 2020 U.S Presidential Election?
A1: Joe Biden won the 2020 U.S Presidential Election.

Q2: What was the date for the 2020 U.S Presidential Election?
A2: The date for the 2020 U.S Presidential Election was November 3, 20","Generate a set of 5 questions and answers about the given topic.

Input:
The 2020 U.S Presidential Election","Q1: Who won the 2020 U.S Presidential Election?
A1: Joe Biden won the 2020 U.S Presidential Election.

Q2: What was the date for the 2020 U.S Presidential Election?
A2: The date for the 2020 U.S Presidential Election was November 3, 20"
tatsu-lab/alpaca,10016,"Edit this sentence to make it sound more natural: 
""Maybe it's because of the rain,"" he said.",,He said it might be because of the rain.,"Edit this sentence to make it sound more natural: 
""Maybe it's because of the rain,"" he said.",He said it might be because of the rain.
tatsu-lab/alpaca,10128,Generate the verb form of the word 'write'.,,Write,Generate the verb form of the word 'write'.,Write
tatsu-lab/alpaca,10144,Calculate the area of a square given its length in cm.,12 cm,144 cm^2,"Calculate the area of a square given its length in cm.

Input:
12 cm",144 cm^2
tatsu-lab/alpaca,10187,Can you generate five questions about dinosaurs that can be used in a short quiz?,,"1. What type of dinosaur was the largest?
2. How long did the average dinosaur live?
3. Is the Tyrannosaurus Rex considered a carnivore or an herbivore?
4. When did the asteroid that killed the dinosaurs hit the Earth?
5. What did Dinosaurs eat?",Can you generate five questions about dinosaurs that can be used in a short quiz?,"1. What type of dinosaur was the largest?
2. How long did the average dinosaur live?
3. Is the Tyrannosaurus Rex considered a carnivore or an herbivore?
4. When did the asteroid that killed the dinosaurs hit the Earth?
5. What did Dinosaurs eat?"
tatsu-lab/alpaca,10189,How does exercise affect the body?,,"Exercise has multiple beneficial effects on the body. It helps to boost the immune system, reduce stress, and improve overall mental and physical health. It can help to increase strength and endurance, build muscle, and improve flexibility. Exercise can also help to improve brain function, reduce the risk of certain diseases, and increase energy levels.",How does exercise affect the body?,"Exercise has multiple beneficial effects on the body. It helps to boost the immune system, reduce stress, and improve overall mental and physical health. It can help to increase strength and endurance, build muscle, and improve flexibility. Exercise can also help to improve brain function, reduce the risk of certain diseases, and increase energy levels."
tatsu-lab/alpaca,10317,Describe two ways to improve the performance of a text classifier.,,"Two ways to improve the performance of a text classifier are feature engineering and hyperparameter optimization. Feature engineering involves creating new data features that are more indicative of the class labels. Hyperparameter optimization involves tuning the hyperparamters of the model such as the learning rate, number of layers, and number of neurons in each layer. Both of these techniques can be used to increase the accuracy and reduce the errors of text classifiers.",Describe two ways to improve the performance of a text classifier.,"Two ways to improve the performance of a text classifier are feature engineering and hyperparameter optimization. Feature engineering involves creating new data features that are more indicative of the class labels. Hyperparameter optimization involves tuning the hyperparamters of the model such as the learning rate, number of layers, and number of neurons in each layer. Both of these techniques can be used to increase the accuracy and reduce the errors of text classifiers."
tatsu-lab/alpaca,10338,"Given two words, provide a synonym for the second word.","love, happy",Joyful.,"Given two words, provide a synonym for the second word.

Input:
love, happy",Joyful.
tatsu-lab/alpaca,10365,Describe a scientific experiment with sufficient detail for a reader to recreate it.,,"To perform the experiment, I would need a beaker, hot plate, metal scoop and chalk powder. First, I would measure 200 grams of chalk powder and pour it into the beaker. Then, I would heat the beaker on the hot plate for 15 minutes. Finally, I would use the metal scoop to carefully remove the chalk from the beaker, and observe the effects. To evaluate the results, I would record the weight, temperature and appearance of the chalk.",Describe a scientific experiment with sufficient detail for a reader to recreate it.,"To perform the experiment, I would need a beaker, hot plate, metal scoop and chalk powder. First, I would measure 200 grams of chalk powder and pour it into the beaker. Then, I would heat the beaker on the hot plate for 15 minutes. Finally, I would use the metal scoop to carefully remove the chalk from the beaker, and observe the effects. To evaluate the results, I would record the weight, temperature and appearance of the chalk."
tatsu-lab/alpaca,10433,Find the distance between two points with the following coordinates.,"Point A: (2, 3)
Point B: (6, 4)",The distance between the two points is 5 units.,"Find the distance between two points with the following coordinates.

Input:
Point A: (2, 3)
Point B: (6, 4)",The distance between the two points is 5 units.
tatsu-lab/alpaca,10463,"What does the following proverb mean: ""The grass is always greener on the other side""?",,"The phrase ""the grass is always greener on the other side"" is a proverb that means that what you don't have appears better than what you do have. It is often used to indicate that people tend to think that something they don't possess is better than what they already have.","What does the following proverb mean: ""The grass is always greener on the other side""?","The phrase ""the grass is always greener on the other side"" is a proverb that means that what you don't have appears better than what you do have. It is often used to indicate that people tend to think that something they don't possess is better than what they already have."
tatsu-lab/alpaca,10484,Generate a number between 1 and 10.,,7,Generate a number between 1 and 10.,7
tatsu-lab/alpaca,10587,Write a story about a magical being who is disliked by others.,,"Once upon a time, there lived a magical being who was disliked by everyone. Her name was Grace and she had many gifts, including the ability to talk to animals, control the weather and sense danger. 

But these gifts were not seen as a blessing; instead, the people of the kingdom feared her and did everything they could to keep her away. They spread rumors about her, spread tales of her being a witch and gossiped about her wherever she went.

The people did not understand her and mistreated her, no matter how hard she tried to fit in. They would not listen to her stories about talking to animals and riding the wind, and would not accept her warnings of imminent danger. 

Nobody wanted Grace around, but she stayed and kept her powers hidden, until one day something changed. A stranger arrived at the kingdom and asked to meet with Grace, revealing extraordinary news. It turns out she was the missing princess of the kingdom and everyone was disgraced. 

The people quickly acknowledged her as their rightful ruler, and the magical and misunderstood being soon became the beloved ruler of the kingdom.",Write a story about a magical being who is disliked by others.,"Once upon a time, there lived a magical being who was disliked by everyone. Her name was Grace and she had many gifts, including the ability to talk to animals, control the weather and sense danger. 

But these gifts were not seen as a blessing; instead, the people of the kingdom feared her and did everything they could to keep her away. They spread rumors about her, spread tales of her being a witch and gossiped about her wherever she went.

The people did not understand her and mistreated her, no matter how hard she tried to fit in. They would not listen to her stories about talking to animals and riding the wind, and would not accept her warnings of imminent danger. 

Nobody wanted Grace around, but she stayed and kept her powers hidden, until one day something changed. A stranger arrived at the kingdom and asked to meet with Grace, revealing extraordinary news. It turns out she was the missing princess of the kingdom and everyone was disgraced. 

The people quickly acknowledged her as their rightful ruler, and the magical and misunderstood being soon became the beloved ruler of the kingdom."
tatsu-lab/alpaca,10589,Make up a funny joke.,,Why did the chicken cross the playground? To get to the other slide!,Make up a funny joke.,Why did the chicken cross the playground? To get to the other slide!
tatsu-lab/alpaca,10649,You need to design an app for making restaurant reservations. Explain the steps taken during the process.,,"The process for making a restaurant reservation through an app involves several steps:
1. Search for a restaurant: Users can search for restaurants within the app, filtering by cuisine and location. 
2. Choose a restaurant: Once the restaurant is chosen, users can view all relevant information about the restaurant, such as cuisine, opening hours and reviews.
3. Select date, time and number of people: After selecting the date and time of their reservation, users can indicate the number of people who will join them.
4. Enter personal information: Users can provide their name, contact information and payment details.
5. Submit request: Finally, the user can submit their reservation request and receive confirmation.",You need to design an app for making restaurant reservations. Explain the steps taken during the process.,"The process for making a restaurant reservation through an app involves several steps:
1. Search for a restaurant: Users can search for restaurants within the app, filtering by cuisine and location. 
2. Choose a restaurant: Once the restaurant is chosen, users can view all relevant information about the restaurant, such as cuisine, opening hours and reviews.
3. Select date, time and number of people: After selecting the date and time of their reservation, users can indicate the number of people who will join them.
4. Enter personal information: Users can provide their name, contact information and payment details.
5. Submit request: Finally, the user can submit their reservation request and receive confirmation."
tatsu-lab/alpaca,10659,Describe the character traits of Harry Potter,,"Harry Potter is brave, loyal, honest, kind, and extremely intelligent. He is willing to go to any lengths to protect those he loves and is loyal to his friends. He is also determined and has a strong sense of justice.",Describe the character traits of Harry Potter,"Harry Potter is brave, loyal, honest, kind, and extremely intelligent. He is willing to go to any lengths to protect those he loves and is loyal to his friends. He is also determined and has a strong sense of justice."
tatsu-lab/alpaca,10708,"Given a product's features, write an introduction to the product.","The product is an app that helps people identify and manage their sleep habits. It can track sleep quality, circadian rhythm, and average sleep time.","Introducing the Sleep Tracker App! Harness the power of data and get to know your sleep like never before. This app monitors sleep quality, circadian rhythm, and average sleep time, so you can understand your sleep patterns and make adjustments to ensure good health. With the Sleep Tracker App, you can achieve the best sleep of your life.","Given a product's features, write an introduction to the product.

Input:
The product is an app that helps people identify and manage their sleep habits. It can track sleep quality, circadian rhythm, and average sleep time.","Introducing the Sleep Tracker App! Harness the power of data and get to know your sleep like never before. This app monitors sleep quality, circadian rhythm, and average sleep time, so you can understand your sleep patterns and make adjustments to ensure good health. With the Sleep Tracker App, you can achieve the best sleep of your life."
tatsu-lab/alpaca,10789,Generate a model to predict the stock market.,,"A model to predict the stock market can be created using a variety of machine learning algorithms. This model can be trained using historic data such as pricing and trading volume, as well as macroeconomic indicators such as inflation, GDP, and unemployment. The model can then be used to accurately predict future trends in the stock market, allowing investors to make informed decisions about their investments.",Generate a model to predict the stock market.,"A model to predict the stock market can be created using a variety of machine learning algorithms. This model can be trained using historic data such as pricing and trading volume, as well as macroeconomic indicators such as inflation, GDP, and unemployment. The model can then be used to accurately predict future trends in the stock market, allowing investors to make informed decisions about their investments."
tatsu-lab/alpaca,10821,Name two different types of polygons.,,Two different types of polygons are triangles and quadrilaterals.,Name two different types of polygons.,Two different types of polygons are triangles and quadrilaterals.
tatsu-lab/alpaca,10899,Calculate the atomic mass for lithium.,,"The atomic mass for lithium is 6.941 u (units). This is determined from the number of protons and neutrons in the nucleus of a lithium atom, which is 3 protons and 4 neutrons. Each proton and neutron has a mass of 1.007 u, resulting in a total mass of 6.941 u.",Calculate the atomic mass for lithium.,"The atomic mass for lithium is 6.941 u (units). This is determined from the number of protons and neutrons in the nucleus of a lithium atom, which is 3 protons and 4 neutrons. Each proton and neutron has a mass of 1.007 u, resulting in a total mass of 6.941 u."
tatsu-lab/alpaca,11120,Generate a list of books written by Margaret Atwood,,"- The Handmaid's Tale
- Cat's Eye
- The Robber Bride
- Alias Grace
- The Blind Assassin
- Hag-Seed 
- The Year of the Flood
- Oryx and Crake
- The Penelopiad 
- The Heart Goes Last",Generate a list of books written by Margaret Atwood,"- The Handmaid's Tale
- Cat's Eye
- The Robber Bride
- Alias Grace
- The Blind Assassin
- Hag-Seed 
- The Year of the Flood
- Oryx and Crake
- The Penelopiad 
- The Heart Goes Last"
tatsu-lab/alpaca,11215,Summarize the following text into fewer than 100 words.,"Pandas are native to China, and are the world’s most iconic endangered species. They live in temperate forest, mountain grasslands, and bamboo forests. Pandas feed mainly on bamboo but also eat other vegetation, insects and small animals. They face many threats from humans, from habitat loss to climate change.","Pandas are an iconic, endangered species native to China. They live in temperate forest, mountain grasslands and bamboo forests, mainly feeding on bamboo but also eat other vegetation, insects and small animals. Habitat loss and climate change are the major threats to their survival, with humans being the main cause of decline.","Summarize the following text into fewer than 100 words.

Input:
Pandas are native to China, and are the world’s most iconic endangered species. They live in temperate forest, mountain grasslands, and bamboo forests. Pandas feed mainly on bamboo but also eat other vegetation, insects and small animals. They face many threats from humans, from habitat loss to climate change.","Pandas are an iconic, endangered species native to China. They live in temperate forest, mountain grasslands and bamboo forests, mainly feeding on bamboo but also eat other vegetation, insects and small animals. Habitat loss and climate change are the major threats to their survival, with humans being the main cause of decline."
tatsu-lab/alpaca,11405,"Imagine you are in a mall, suggest four items to buy.",,"- A pair of jeans
- A t-shirt
- A new handbag
- A video game","Imagine you are in a mall, suggest four items to buy.","- A pair of jeans
- A t-shirt
- A new handbag
- A video game"
tatsu-lab/alpaca,11526,Name a type of grilled sandwich.,,"A grilled sandwich could be a panini, a cheese steak, or a hamburger.",Name a type of grilled sandwich.,"A grilled sandwich could be a panini, a cheese steak, or a hamburger."
tatsu-lab/alpaca,11603,Change this imperative sentence into a declarative sentence.,Find the source of the issue.,The source of the issue needs to be found.,"Change this imperative sentence into a declarative sentence.

Input:
Find the source of the issue.",The source of the issue needs to be found.
tatsu-lab/alpaca,11702,Compose a four-bar progression in the key of A Major.,,A – G#m – F#m – Em.,Compose a four-bar progression in the key of A Major.,A – G#m – F#m – Em.
tatsu-lab/alpaca,11708,"Edit the sentence ""Animals shouldn't mistreated""",Animals shouldn't mistreated,"Animals should not be mistreated.
// end of output //","Edit the sentence ""Animals shouldn't mistreated""

Input:
Animals shouldn't mistreated","Animals should not be mistreated.
// end of output //"
tatsu-lab/alpaca,11754,"Given some ingredients, write a recipe for a healthy snack.","Oats, banana, peanut butter","Banana Oat Bars: Preheat oven to 350°F. In a bowl, mash 2 bananas and mix with 1⁄2 cup of oats. Stir in 1 tablespoon of peanut butter and 1 tablespoon of honey until combined. Spread the mixture into a 8x8-inch baking dish. Bake for 20 minutes, cool, and cut into bars. Enjoy!","Given some ingredients, write a recipe for a healthy snack.

Input:
Oats, banana, peanut butter","Banana Oat Bars: Preheat oven to 350°F. In a bowl, mash 2 bananas and mix with 1⁄2 cup of oats. Stir in 1 tablespoon of peanut butter and 1 tablespoon of honey until combined. Spread the mixture into a 8x8-inch baking dish. Bake for 20 minutes, cool, and cut into bars. Enjoy!"
tatsu-lab/alpaca,12025,Take a text of any length and rephrase it as a haiku poem.,Life is too short to waste away.,Life fleeting always passes/Enjoy now for it slips away/Cherish moments worthwhile,"Take a text of any length and rephrase it as a haiku poem.

Input:
Life is too short to waste away.",Life fleeting always passes/Enjoy now for it slips away/Cherish moments worthwhile
tatsu-lab/alpaca,12178,Draft an email to a singer requesting her to perform in a charity event.,,"Subject: Request to Perform at Our Charity Event 

Dear [Singer's name],

We are organizing a charity event in [location] on [date] and we would love to have you join us. The proceeds will go towards helping [cause] and we need as much support as possible. 

We think you have the potential to capture the audience’s imagination with your talent and make the event a huge success. If you are interested in performing for us, please let us know.

We would love to discuss the details with you and we'd be happy to answer any questions that you may have.

Thank you for your time.

Sincerely,
[Your name]",Draft an email to a singer requesting her to perform in a charity event.,"Subject: Request to Perform at Our Charity Event 

Dear [Singer's name],

We are organizing a charity event in [location] on [date] and we would love to have you join us. The proceeds will go towards helping [cause] and we need as much support as possible. 

We think you have the potential to capture the audience’s imagination with your talent and make the event a huge success. If you are interested in performing for us, please let us know.

We would love to discuss the details with you and we'd be happy to answer any questions that you may have.

Thank you for your time.

Sincerely,
[Your name]"
tatsu-lab/alpaca,12445,Create a 7-day meal plan for a vegan.,,"Day 1: Breakfast - Overnight oats with chia seeds and berries; Lunch - Lentil vegetable soup; Dinner - Portobello mushroom burgers with sweet potato fries 

Day 2: Breakfast - Chocolate chia pudding with bananas; Lunch - Quinoa burrito bowls; Dinner - Black bean tacos 

Day 3: Breakfast - Avocado toast with tempeh bacon; Lunch - Creamy vegan caesar salad; Dinner - Chickpea curry with brown rice 

Day 4: Breakfast - Banana pancakes with nut butter; Lunch - Beetroot hummus wrap; Dinner - Spicy vegan chili

Day 5: Breakfast - Tofu scramble with spinach and tomatoes; Lunch - Caramelized onion, mushroom and spinach pizza; Dinner - Baked sweet potato with bok choy stir fry 

Day 6: Breakfast - Smoothie bowl with banana, almond milk and spinach; Lunch - Zucchini noodles with roasted tomatoes and olives; Dinner - Roasted cauliflower with pecan and curry powder

Day 7: Breakfast - Oatmeal with almond milk, banana and walnuts; Lunch - Lentil and vegetable salad; Dinner - Eggplant and walnut stir fry",Create a 7-day meal plan for a vegan.,"Day 1: Breakfast - Overnight oats with chia seeds and berries; Lunch - Lentil vegetable soup; Dinner - Portobello mushroom burgers with sweet potato fries 

Day 2: Breakfast - Chocolate chia pudding with bananas; Lunch - Quinoa burrito bowls; Dinner - Black bean tacos 

Day 3: Breakfast - Avocado toast with tempeh bacon; Lunch - Creamy vegan caesar salad; Dinner - Chickpea curry with brown rice 

Day 4: Breakfast - Banana pancakes with nut butter; Lunch - Beetroot hummus wrap; Dinner - Spicy vegan chili

Day 5: Breakfast - Tofu scramble with spinach and tomatoes; Lunch - Caramelized onion, mushroom and spinach pizza; Dinner - Baked sweet potato with bok choy stir fry 

Day 6: Breakfast - Smoothie bowl with banana, almond milk and spinach; Lunch - Zucchini noodles with roasted tomatoes and olives; Dinner - Roasted cauliflower with pecan and curry powder

Day 7: Breakfast - Oatmeal with almond milk, banana and walnuts; Lunch - Lentil and vegetable salad; Dinner - Eggplant and walnut stir fry"
tatsu-lab/alpaca,12457,Describe the color of the wood in two words.,,Light brown,Describe the color of the wood in two words.,Light brown
tatsu-lab/alpaca,12465,Create a unique character in a fairy tale.,,"In the magical kingdom lived a fairy named Gwendolyn. She was a mysterious character who lived in an abandoned castle and rarely ventured out of her secret home. With her magical staff in one hand, she ventured deep into enchanted forests, helping those in need with her healing spells and enchantments.",Create a unique character in a fairy tale.,"In the magical kingdom lived a fairy named Gwendolyn. She was a mysterious character who lived in an abandoned castle and rarely ventured out of her secret home. With her magical staff in one hand, she ventured deep into enchanted forests, helping those in need with her healing spells and enchantments."
tatsu-lab/alpaca,12478,"Identify the type of phrase in the sentence: ""Beneath the tree.",,Prepositional phrase.,"Identify the type of phrase in the sentence: ""Beneath the tree.",Prepositional phrase.
tatsu-lab/alpaca,12556,Provide 3 examples of animals that lay eggs,,"Examples of animals that lay eggs include chickens, ducks, and geese. Other examples include turkeys, ostriches, and several species of reptiles and amphibians.",Provide 3 examples of animals that lay eggs,"Examples of animals that lay eggs include chickens, ducks, and geese. Other examples include turkeys, ostriches, and several species of reptiles and amphibians."
tatsu-lab/alpaca,12572,Categorize this sentence as either sarcastic or non-sarcastic:,"""I'm so excited for more boring school work.""",Sarcastic.,"Categorize this sentence as either sarcastic or non-sarcastic:

Input:
""I'm so excited for more boring school work.""",Sarcastic.
tatsu-lab/alpaca,12601,Make a list of the key benefits to using artificial intelligence,,"The key benefits of using artificial intelligence include:

1. Increased efficiency and accuracy in data processing and analysis.
2. Improved customer service from automated chatbots.
3. Reduced costs from automation of repetitive tasks.
4. More accurate predictions of customer behaviour.
5. Improved product recommendations and personalization of services.
6. Enhanced decision-making processes thanks to predictive analytics.
7. Improved safety and security with automated surveillance and facial recognition.
8. Ability to detect and diagnose anomalies, fraud and other potential risks.",Make a list of the key benefits to using artificial intelligence,"The key benefits of using artificial intelligence include:

1. Increased efficiency and accuracy in data processing and analysis.
2. Improved customer service from automated chatbots.
3. Reduced costs from automation of repetitive tasks.
4. More accurate predictions of customer behaviour.
5. Improved product recommendations and personalization of services.
6. Enhanced decision-making processes thanks to predictive analytics.
7. Improved safety and security with automated surveillance and facial recognition.
8. Ability to detect and diagnose anomalies, fraud and other potential risks."
tatsu-lab/alpaca,12656,Rewrite the sentence to eliminate any ambiguity.,He returned the book he borrowed last week.,He returned the book that he had borrowed last week.,"Rewrite the sentence to eliminate any ambiguity.

Input:
He returned the book he borrowed last week.",He returned the book that he had borrowed last week.
tatsu-lab/alpaca,12742,Output a C code segment that takes two number as inputs and returns their product:,,"int product(int x, int y) { 
  int result = x * y; 
  return result; 
}",Output a C code segment that takes two number as inputs and returns their product:,"int product(int x, int y) { 
  int result = x * y; 
  return result; 
}"
tatsu-lab/alpaca,12912,List three ways to reduce energy use at school.,,"1. Replace traditional light bulbs with efficient LED bulbs. 
2. Turn off lights and unplug electronics and appliances when they are not in use. 
3. Encourage students to use public transportation to commuting to school.",List three ways to reduce energy use at school.,"1. Replace traditional light bulbs with efficient LED bulbs. 
2. Turn off lights and unplug electronics and appliances when they are not in use. 
3. Encourage students to use public transportation to commuting to school."
tatsu-lab/alpaca,13031,Write the general formula for the perimeter of a right triangle.,,"The general formula for the perimeter of a right triangle is P = a + b + c, where a, b and c are the lengths of the side of the triangle.",Write the general formula for the perimeter of a right triangle.,"The general formula for the perimeter of a right triangle is P = a + b + c, where a, b and c are the lengths of the side of the triangle."
tatsu-lab/alpaca,13035,Write a query to select the customer's name and balance from the table customer_info.,,"SELECT name, balance FROM customer_info;",Write a query to select the customer's name and balance from the table customer_info.,"SELECT name, balance FROM customer_info;"
tatsu-lab/alpaca,13050,"Given a photo, detect the different objects in the photo and label each object.",Attach the photo,"The photo contains a person, a chair, a table, and a laptop.","Given a photo, detect the different objects in the photo and label each object.

Input:
Attach the photo","The photo contains a person, a chair, a table, and a laptop."
tatsu-lab/alpaca,13079,What are some major benefits of a vegetarian diet?,,"The major benefits of a vegetarian diet include increased consumption of fiber, vitamins, and minerals; reduced saturated fat; lowered risk of obesity, diabetes and heart disease; reduced animal suffering; and the potential for environmental benefits.",What are some major benefits of a vegetarian diet?,"The major benefits of a vegetarian diet include increased consumption of fiber, vitamins, and minerals; reduced saturated fat; lowered risk of obesity, diabetes and heart disease; reduced animal suffering; and the potential for environmental benefits."
tatsu-lab/alpaca,13182,Generate a novel story idea.,,"A group of teens embark on a mission to retrieve a powerful magical artifact that is being sought after by a mysterious criminal organization. Along the way, they must battle nefarious forces, mysterious creatures, and their own inner doubts and fears.",Generate a novel story idea.,"A group of teens embark on a mission to retrieve a powerful magical artifact that is being sought after by a mysterious criminal organization. Along the way, they must battle nefarious forces, mysterious creatures, and their own inner doubts and fears."
tatsu-lab/alpaca,13342,Give me three interesting facts about the country of Chile.,,"1. Chile has one of the longest coastlines in the world, with over 4,300 kilometers of Pacific Ocean coastline.

2. The Atacama Desert in northern Chile is one of the driest places in the world, with parts of it not having received any rainfall at all for decades.

3. Chile is home to the largest concentrated area of volcanoes in the world—the 'South Volcanic Zone'—which consists of 19 active and more than 300 presently dormant volcanoes.",Give me three interesting facts about the country of Chile.,"1. Chile has one of the longest coastlines in the world, with over 4,300 kilometers of Pacific Ocean coastline.

2. The Atacama Desert in northern Chile is one of the driest places in the world, with parts of it not having received any rainfall at all for decades.

3. Chile is home to the largest concentrated area of volcanoes in the world—the 'South Volcanic Zone'—which consists of 19 active and more than 300 presently dormant volcanoes."
tatsu-lab/alpaca,13386,Describe a new product.,New Product: AI-Powered Note-Taking App,"Introducing the newest AI-powered note-taking app! This app provides an intuitive and streamlined user experience to make taking notes easier and more efficient than ever. By leveraging artificial intelligence, the app is able to analyze your text and offer helpful suggestions, such as auto-correcting spelling and grammar mistakes and suggesting relevant topics. It can also auto-categorize your notes, providing you with easy access to specific topics. With its advanced features and easy to use interface, this app is sure to become a go-to tool for streamlined note-taking.","Describe a new product.

Input:
New Product: AI-Powered Note-Taking App","Introducing the newest AI-powered note-taking app! This app provides an intuitive and streamlined user experience to make taking notes easier and more efficient than ever. By leveraging artificial intelligence, the app is able to analyze your text and offer helpful suggestions, such as auto-correcting spelling and grammar mistakes and suggesting relevant topics. It can also auto-categorize your notes, providing you with easy access to specific topics. With its advanced features and easy to use interface, this app is sure to become a go-to tool for streamlined note-taking."
tatsu-lab/alpaca,13730,Classify this email as an Inquiry or Suggestion,"Hello,

I am writing to suggest that the store stock more organic produce.

Sincerely,

 john",Suggestion.,"Classify this email as an Inquiry or Suggestion

Input:
Hello,

I am writing to suggest that the store stock more organic produce.

Sincerely,

 john",Suggestion.
tatsu-lab/alpaca,13767,Brainstorm three most successful marketing campaigns in the past year.,,"The ‘Share a Coke’ campaign by Coca-Cola, the ‘It’s Not Complicated’ campaign by AT&T, and Burger King’s ‘Whopper Detour’ campaign.",Brainstorm three most successful marketing campaigns in the past year.,"The ‘Share a Coke’ campaign by Coca-Cola, the ‘It’s Not Complicated’ campaign by AT&T, and Burger King’s ‘Whopper Detour’ campaign."
tatsu-lab/alpaca,13774,Put the following events in chronological order.,"World War I, Moon landing, World War II","World War I, World War II, Moon landing.","Put the following events in chronological order.

Input:
World War I, Moon landing, World War II","World War I, World War II, Moon landing."
tatsu-lab/alpaca,13803,Name three things you can find in a refrigerator.,,"You can find milk, eggs, and cheese in a refrigerator.",Name three things you can find in a refrigerator.,"You can find milk, eggs, and cheese in a refrigerator."
tatsu-lab/alpaca,13826,Suggest a healthy meal that could be cooked with the given ingredients.,"Carrots, onions, potatoes, garlic","A healthy meal that can be cooked with the given ingredients is roasted vegetables. To make this dish, preheat the oven to 375°F and line a baking sheet with parchment paper. Chop the carrots, onions, potatoes, and garlic and spread them out on the baking sheet. Drizzle with olive oil, season with salt and pepper, and roast for 25 minutes. Serve warm.","Suggest a healthy meal that could be cooked with the given ingredients.

Input:
Carrots, onions, potatoes, garlic","A healthy meal that can be cooked with the given ingredients is roasted vegetables. To make this dish, preheat the oven to 375°F and line a baking sheet with parchment paper. Chop the carrots, onions, potatoes, and garlic and spread them out on the baking sheet. Drizzle with olive oil, season with salt and pepper, and roast for 25 minutes. Serve warm."
tatsu-lab/alpaca,13880,Generate a list of five popular streaming subscription services.,,"1. Netflix
2. Hulu
3. Amazon Prime
4. Disney+
5. HBO Max",Generate a list of five popular streaming subscription services.,"1. Netflix
2. Hulu
3. Amazon Prime
4. Disney+
5. HBO Max"
tatsu-lab/alpaca,13934,Identify three pros and three cons of eating fast food.,,"Pros of eating fast food:
1. It is quick and convenient. 
2. It is often cheaper than making food at home.
3. It can be a social experience to eat out.

Cons of eating fast food: 
1. It is often highly processed and chemically treated.
2. It can be high in sodium, saturated fat, and added sugars. 
3. It may not provide the vitamins and minerals that the body needs.",Identify three pros and three cons of eating fast food.,"Pros of eating fast food:
1. It is quick and convenient. 
2. It is often cheaper than making food at home.
3. It can be a social experience to eat out.

Cons of eating fast food: 
1. It is often highly processed and chemically treated.
2. It can be high in sodium, saturated fat, and added sugars. 
3. It may not provide the vitamins and minerals that the body needs."
tatsu-lab/alpaca,13969,Find the value of n in the expression n^2 - 5n + 6.,,The value of n in the expression n^2 - 5n + 6 is 3 or -2.,Find the value of n in the expression n^2 - 5n + 6.,The value of n in the expression n^2 - 5n + 6 is 3 or -2.
tatsu-lab/alpaca,14005,"From the given sentence, generate a plausible analogy.",Learning is like planting a seed.,"Just like planting a seed requires care, patience, and adequate conditions in order to ensure that it grows into a healthy plant, learning requires a conducive environment, perseverance, and guidance to ensure successful acquisition of knowledge.","From the given sentence, generate a plausible analogy.

Input:
Learning is like planting a seed.","Just like planting a seed requires care, patience, and adequate conditions in order to ensure that it grows into a healthy plant, learning requires a conducive environment, perseverance, and guidance to ensure successful acquisition of knowledge."
tatsu-lab/alpaca,14008,Identify the faulty/incorrect part of the sentence.,"The police are warning drivers to ""avoid being careless and wearing seatbelts during a drive"".","""Avoid being careless and wearing seatbelts during a drive"" shouldn't have quotation marks.","Identify the faulty/incorrect part of the sentence.

Input:
The police are warning drivers to ""avoid being careless and wearing seatbelts during a drive"".","""Avoid being careless and wearing seatbelts during a drive"" shouldn't have quotation marks."
tatsu-lab/alpaca,14040,Sort the list of items into two groups,"Bananas, apples, broccoli","Fruits: Bananas, apples 
Vegetables: Broccoli","Sort the list of items into two groups

Input:
Bananas, apples, broccoli","Fruits: Bananas, apples 
Vegetables: Broccoli"
tatsu-lab/alpaca,14110,Reformulate the following sentence to express an opinion.,Electric cars are the future of smart transportation.,"In my opinion, electric cars are the way to go if we want to have a more sustainable and intelligent form of transportation.","Reformulate the following sentence to express an opinion.

Input:
Electric cars are the future of smart transportation.","In my opinion, electric cars are the way to go if we want to have a more sustainable and intelligent form of transportation."
tatsu-lab/alpaca,14267,Rearrange the sentence to make it a valid sentence in English.,apples three basket a in,A basket of three apples is in.,"Rearrange the sentence to make it a valid sentence in English.

Input:
apples three basket a in",A basket of three apples is in.
tatsu-lab/alpaca,14328,Explain the concept of descriptive writing.,,"Descriptive writing is a style of writing that uses vivid words to create a detailed picture in the reader's mind. It is often used to make a scene, character, or idea come alive, as it uses sensory details such as smells, sounds, and visuals to evoke a reaction. Descriptive writing often uses imagery, metaphor, and simile to bring to life the characters and stories in the story.",Explain the concept of descriptive writing.,"Descriptive writing is a style of writing that uses vivid words to create a detailed picture in the reader's mind. It is often used to make a scene, character, or idea come alive, as it uses sensory details such as smells, sounds, and visuals to evoke a reaction. Descriptive writing often uses imagery, metaphor, and simile to bring to life the characters and stories in the story."
tatsu-lab/alpaca,14341,Put the words in the correct order to make a sentence.,fun had they day,They had a fun day.,"Put the words in the correct order to make a sentence.

Input:
fun had they day",They had a fun day.
tatsu-lab/alpaca,14373,Name two world renowned artists.,,Picasso and Monet.,Name two world renowned artists.,Picasso and Monet.
tatsu-lab/alpaca,14392,Convince me why studying history is important.,,"Studying history is important because it allows you to learn about the past, make connections to the present, and gain valuable insight into human nature and the intricacies of societies. It can also help you to make more informed decisions in the future and deepen your understanding of the world around you.",Convince me why studying history is important.,"Studying history is important because it allows you to learn about the past, make connections to the present, and gain valuable insight into human nature and the intricacies of societies. It can also help you to make more informed decisions in the future and deepen your understanding of the world around you."
tatsu-lab/alpaca,14432,Create a new recipe for a sandwich that would make a great lunch.,,"Smoky Chipotle Chicken Sandwich: Start by marinating chicken breasts in a mixture of olive oil, freshly-squeezed lime juice, chipotle powder, garlic powder, salt, and pepper. Grill the chicken breast, then serve it on a toasted bun with melted Swiss cheese, bacon, and red onion. Top with a homemade garlic aioli - mix together mayonnaise, minced garlic, a squeeze of lime juice, salt, and pepper. Enjoy!",Create a new recipe for a sandwich that would make a great lunch.,"Smoky Chipotle Chicken Sandwich: Start by marinating chicken breasts in a mixture of olive oil, freshly-squeezed lime juice, chipotle powder, garlic powder, salt, and pepper. Grill the chicken breast, then serve it on a toasted bun with melted Swiss cheese, bacon, and red onion. Top with a homemade garlic aioli - mix together mayonnaise, minced garlic, a squeeze of lime juice, salt, and pepper. Enjoy!"
tatsu-lab/alpaca,14446,"Given the sentence, ""The cafe serves some of the best coffee in town,"" generate a slogan for the cafe.",,Experience the best coffee in town at The Cafe!,"Given the sentence, ""The cafe serves some of the best coffee in town,"" generate a slogan for the cafe.",Experience the best coffee in town at The Cafe!
tatsu-lab/alpaca,14577,Create a user manual for the following product,A new electric car,"User Manual for Electric Car:
This user manual describes how to safely and correctly use your electric car. To get started, check that the vehicle is charged and ensure the climate control settings are correct. Before driving, make sure all passengers are belted in, and that any objects are securely stored in the trunk. When driving, keep your speed under the speed limit, and be aware of any pedestrians or objects in the area. Be sure to check your brakes and tire pressure regularly, and follow any other general safety protocol of the area. Finally, always keep the vehicle in a secure area and lock the door with the key.","Create a user manual for the following product

Input:
A new electric car","User Manual for Electric Car:
This user manual describes how to safely and correctly use your electric car. To get started, check that the vehicle is charged and ensure the climate control settings are correct. Before driving, make sure all passengers are belted in, and that any objects are securely stored in the trunk. When driving, keep your speed under the speed limit, and be aware of any pedestrians or objects in the area. Be sure to check your brakes and tire pressure regularly, and follow any other general safety protocol of the area. Finally, always keep the vehicle in a secure area and lock the door with the key."
tatsu-lab/alpaca,14609,Write a poem about friendship that follows the rhyme scheme of AABBCCDDEE.,,"Friendship is a blessing, more valuable than gold,
A bond that's built on trust, and makes the heart feel bold.
A friend will always sleep when you are feeling bad,
And come right along with you when it’s time to be glad.

Friends laugh with each other when the jokes are flowin' free,
And they help learn life lessons together, eternally.

Friendships may be present through hardships and strife,
And make through the good times, the highest of highs.
Dedication between them true is seen and felt,
Making sure that their friendship will never ever melt. 

Each friendship is unique, with beauty that does grow,
Each one is special from each other, you know. 
In friendship, in generous spirit, evergreen,
A constant reminder of courage and harmony.",Write a poem about friendship that follows the rhyme scheme of AABBCCDDEE.,"Friendship is a blessing, more valuable than gold,
A bond that's built on trust, and makes the heart feel bold.
A friend will always sleep when you are feeling bad,
And come right along with you when it’s time to be glad.

Friends laugh with each other when the jokes are flowin' free,
And they help learn life lessons together, eternally.

Friendships may be present through hardships and strife,
And make through the good times, the highest of highs.
Dedication between them true is seen and felt,
Making sure that their friendship will never ever melt. 

Each friendship is unique, with beauty that does grow,
Each one is special from each other, you know. 
In friendship, in generous spirit, evergreen,
A constant reminder of courage and harmony."
tatsu-lab/alpaca,14628,"Given a block of text, come up with a catchy headline that best represents the text.",The new coaching program will help you become a better leader and achieve higher professional success.,Lead. Succeed. Transform – A Comprehensive Guide To Reach The Top.,"Given a block of text, come up with a catchy headline that best represents the text.

Input:
The new coaching program will help you become a better leader and achieve higher professional success.",Lead. Succeed. Transform – A Comprehensive Guide To Reach The Top.
tatsu-lab/alpaca,14722,Explain the basic concepts of economics in less than 100 words.,,"Economics is the study of how people make decisions when it comes to scarce resources. It focuses on how these resources are allocated, produced, and consumed. Economics involves the study of how people, businesses, governments, and societies build and make decisions regarding the efficient use of limited resources. It is an ever-evolving field that has wide-reaching implications in the way we deal with economic issues and our daily lives.",Explain the basic concepts of economics in less than 100 words.,"Economics is the study of how people make decisions when it comes to scarce resources. It focuses on how these resources are allocated, produced, and consumed. Economics involves the study of how people, businesses, governments, and societies build and make decisions regarding the efficient use of limited resources. It is an ever-evolving field that has wide-reaching implications in the way we deal with economic issues and our daily lives."
tatsu-lab/alpaca,14725,Write a script for a 5 second dialogue between a waiter and a customer.,,"Waiter: Welcome to the restaurant. Our specials today are the seafood platter and the grilled steak. 
Customer: I'll have the seafood platter, please.
Waiter: Great choice. It'll be right out.",Write a script for a 5 second dialogue between a waiter and a customer.,"Waiter: Welcome to the restaurant. Our specials today are the seafood platter and the grilled steak. 
Customer: I'll have the seafood platter, please.
Waiter: Great choice. It'll be right out."
tatsu-lab/alpaca,14915,Construct a four-panel comic strip about a single topic.,,"Panel 1: An old man is standing in a dimly lit room, staring ahead with a sad expression. 
Panel 2: He notices a bright speck of light in the corner of the room.
Panel 3: He moves closer to investigate, and finds it is a small firefly.
Panel 4: He smiles and looks off into the distance, his face glowing with newfound hope.",Construct a four-panel comic strip about a single topic.,"Panel 1: An old man is standing in a dimly lit room, staring ahead with a sad expression. 
Panel 2: He notices a bright speck of light in the corner of the room.
Panel 3: He moves closer to investigate, and finds it is a small firefly.
Panel 4: He smiles and looks off into the distance, his face glowing with newfound hope."
tatsu-lab/alpaca,14935,Design a mobile app interface created to track activity goals,,"The mobile app interface should include the following features: 
- A bright color scheme and user-friendly design to encourage motivation. 
- A dashboard section to view and track activities and goals. 
- A timeline for users to easily review their past and future activities. 
- Ability to create and customize goals such as steps taken and calories burned. 
- A rewards feature such as a virtual badge or points system for completing activities. 
- Integration with tracking devices such as Fitbit or Garmin trackers. 
- A reminder system to alert users of their upcoming goals. 
- A chatbot to provide encouragement and advice for personal activities.",Design a mobile app interface created to track activity goals,"The mobile app interface should include the following features: 
- A bright color scheme and user-friendly design to encourage motivation. 
- A dashboard section to view and track activities and goals. 
- A timeline for users to easily review their past and future activities. 
- Ability to create and customize goals such as steps taken and calories burned. 
- A rewards feature such as a virtual badge or points system for completing activities. 
- Integration with tracking devices such as Fitbit or Garmin trackers. 
- A reminder system to alert users of their upcoming goals. 
- A chatbot to provide encouragement and advice for personal activities."
tatsu-lab/alpaca,15003,"Classify the words ""slide"" and ""jog"" as verbs or nouns.",,"The word ""slide"" is a verb and the word ""jog"" is a noun.","Classify the words ""slide"" and ""jog"" as verbs or nouns.","The word ""slide"" is a verb and the word ""jog"" is a noun."
tatsu-lab/alpaca,15010,"Identify the subject of the following sentence: ""The movie was released yesterday"".",,The movie.,"Identify the subject of the following sentence: ""The movie was released yesterday"".",The movie.
tatsu-lab/alpaca,15080,Compose a Haiku (a traditional form of Japanese poetry) containing at least one metaphor.,,"Clouds rolling in,
A river of hope flows on—
A new dawn arising.",Compose a Haiku (a traditional form of Japanese poetry) containing at least one metaphor.,"Clouds rolling in,
A river of hope flows on—
A new dawn arising."
tatsu-lab/alpaca,15247,What is the most common type of conflict in literature?,,The most common type of conflict in literature is man vs. himself.,What is the most common type of conflict in literature?,The most common type of conflict in literature is man vs. himself.
tatsu-lab/alpaca,15256,Generate five example questions and answers related to psychology.,,"Q: What is cognitive psychology? 
A: Cognitive psychology is a branch of psychology that focuses on understanding how the mind works, including how people acquire and process information, think, solve problems, form memories, and make decisions. 

Q: What is the scientific method? 
A: The scientific method is a process of research that seeks to investigate a phenomenon by forming and testing hypotheses. It involves forming a testable hypothesis, designing an experiment, analyzing the data collected from the experiment, and drawing conclusions from the data. 

Q: What is the structure of the brain? 
A: The structure of the brain is composed of the cerebrum, brainstem, cerebellum, and limbic system. The cerebrum is the largest part of the brain and is responsible for higher level functions like conscious thought, problem-solving, and emotions. The brainstem is the area where information is transmitted from the brain to the spinal cord. The cerebellum is responsible for movement coordination and motor skills. The limbic system is responsible for producing and regulating emotions. 

Q: What are the functions of serotonin? 
A: Serotonin is a neurotransmitter that is involved in many functions of the body, including regulating mood, sleep, appetite, and cognition. It has also been found to be involved in the regulation of social behavior and decision-making.

Q: What is neuroplasticity? 
A: Neuroplasticity is the ability of the brain to change and reorganize itself throughout life. It is the process by which neural pathways in the brain are formed and strengthened in response to experience and learning. Neuroplasticity enables the brain to adapt and respond to changing environmental conditions.",Generate five example questions and answers related to psychology.,"Q: What is cognitive psychology? 
A: Cognitive psychology is a branch of psychology that focuses on understanding how the mind works, including how people acquire and process information, think, solve problems, form memories, and make decisions. 

Q: What is the scientific method? 
A: The scientific method is a process of research that seeks to investigate a phenomenon by forming and testing hypotheses. It involves forming a testable hypothesis, designing an experiment, analyzing the data collected from the experiment, and drawing conclusions from the data. 

Q: What is the structure of the brain? 
A: The structure of the brain is composed of the cerebrum, brainstem, cerebellum, and limbic system. The cerebrum is the largest part of the brain and is responsible for higher level functions like conscious thought, problem-solving, and emotions. The brainstem is the area where information is transmitted from the brain to the spinal cord. The cerebellum is responsible for movement coordination and motor skills. The limbic system is responsible for producing and regulating emotions. 

Q: What are the functions of serotonin? 
A: Serotonin is a neurotransmitter that is involved in many functions of the body, including regulating mood, sleep, appetite, and cognition. It has also been found to be involved in the regulation of social behavior and decision-making.

Q: What is neuroplasticity? 
A: Neuroplasticity is the ability of the brain to change and reorganize itself throughout life. It is the process by which neural pathways in the brain are formed and strengthened in response to experience and learning. Neuroplasticity enables the brain to adapt and respond to changing environmental conditions."
tatsu-lab/alpaca,15392,Create a list of animals that are native to the Amazon rainforest.,,"- Tapir 
- Tamarin 
- Jaguar 
- Capybara 
- Anaconda 
- Sloth 
- Scarlet Macaw 
- Puma 
- Spider Monkey 
- Poison Dart Frog 
- Saki Monkey 
- Peccary 
- Tufted-ear Marmoset 
- Squirrel Monkey 
- Red-eyed Green Tree Frog 
- Armadillo 
- Harpy Eagle 
- Otter 
- Black Caiman",Create a list of animals that are native to the Amazon rainforest.,"- Tapir 
- Tamarin 
- Jaguar 
- Capybara 
- Anaconda 
- Sloth 
- Scarlet Macaw 
- Puma 
- Spider Monkey 
- Poison Dart Frog 
- Saki Monkey 
- Peccary 
- Tufted-ear Marmoset 
- Squirrel Monkey 
- Red-eyed Green Tree Frog 
- Armadillo 
- Harpy Eagle 
- Otter 
- Black Caiman"
tatsu-lab/alpaca,15414,"Decide if the following two sentences are equivalent, and if so explain how the second sentence derives meaning from the first.","Sentence 1: It was a dark and stormy night.
Sentence 2: The sky was ominous.","Yes, the two sentences are equivalent. The second sentence derives its meaning from the first; the reference to a ""dark and stormy night"" implies a certain level of dread and foreshadowing, suggesting that the sky is filled with an ominous atmosphere.","Decide if the following two sentences are equivalent, and if so explain how the second sentence derives meaning from the first.

Input:
Sentence 1: It was a dark and stormy night.
Sentence 2: The sky was ominous.","Yes, the two sentences are equivalent. The second sentence derives its meaning from the first; the reference to a ""dark and stormy night"" implies a certain level of dread and foreshadowing, suggesting that the sky is filled with an ominous atmosphere."
tatsu-lab/alpaca,15491,Analyze the following Tweet and provide an accurate sentiment score.,Weather today is really bad :(,Negative sentiment scored -2/5.,"Analyze the following Tweet and provide an accurate sentiment score.

Input:
Weather today is really bad :(",Negative sentiment scored -2/5.
tatsu-lab/alpaca,15514,Generate a list of five bloggers who write about educational topics in English language.,,"1. Pernille Ripp, https://pernillesripp.com
2. Larry Ferlazzo, https://larryferlazzo.edublogs.org
3. Audrey Watters, https://www.audreywatters.com
4. Alan November, https://novemberlearning.com
5. Vicki Davis, https://coolcatteacher.com",Generate a list of five bloggers who write about educational topics in English language.,"1. Pernille Ripp, https://pernillesripp.com
2. Larry Ferlazzo, https://larryferlazzo.edublogs.org
3. Audrey Watters, https://www.audreywatters.com
4. Alan November, https://novemberlearning.com
5. Vicki Davis, https://coolcatteacher.com"
tatsu-lab/alpaca,15597,Write a definition of a specific term.,Natural Language Processing,"Natural Language Processing (NLP) is an interdisciplinary field of computer science, artificial intelligence, and linguistics. It is concerned with understanding how humans communicate and how computers can gain information from and communicate with humans using natural language. NLP algorithms are leveraged to analyze or process textual data by interpreting and understanding natural language, as well as generating natural language based on provided data.","Write a definition of a specific term.

Input:
Natural Language Processing","Natural Language Processing (NLP) is an interdisciplinary field of computer science, artificial intelligence, and linguistics. It is concerned with understanding how humans communicate and how computers can gain information from and communicate with humans using natural language. NLP algorithms are leveraged to analyze or process textual data by interpreting and understanding natural language, as well as generating natural language based on provided data."
tatsu-lab/alpaca,15642,Rearrange the following words to make a sentence: yesterday - went - kids - to - zoo,,The kids went to the zoo yesterday.,Rearrange the following words to make a sentence: yesterday - went - kids - to - zoo,The kids went to the zoo yesterday.
tatsu-lab/alpaca,15692,Generate a classic children's story featuring a princess using the given words.,"rescue, traveling, forest, dragon","Once upon a time, there was a beautiful princess named Rose. Rose lived in a magical kingdom far away and was content with her life. 

One day while traveling through the forest, Rose was captured by an evil dragon. The dragon had heard of Rose's beauty and wanted her to join its evil court. Rose was terrified but refused to give in to the dragon's demands.

Just then, a brave prince arrived to rescue her. He fought bravely against the dragon and managed to free Rose from its clutches. The prince and Rose made their way back to the kingdom, and Rose was reunited with her family.

The king and queen thanked the prince for his heroic deed. As a reward, Rose was granted whatever she wished for. She asked for the prince's hand in marriage, and the two were wed shortly thereafter.","Generate a classic children's story featuring a princess using the given words.

Input:
rescue, traveling, forest, dragon","Once upon a time, there was a beautiful princess named Rose. Rose lived in a magical kingdom far away and was content with her life. 

One day while traveling through the forest, Rose was captured by an evil dragon. The dragon had heard of Rose's beauty and wanted her to join its evil court. Rose was terrified but refused to give in to the dragon's demands.

Just then, a brave prince arrived to rescue her. He fought bravely against the dragon and managed to free Rose from its clutches. The prince and Rose made their way back to the kingdom, and Rose was reunited with her family.

The king and queen thanked the prince for his heroic deed. As a reward, Rose was granted whatever she wished for. She asked for the prince's hand in marriage, and the two were wed shortly thereafter."
tatsu-lab/alpaca,15785,"Based on the input string, generate additional imporant keywords.",Python programming language,"Code, Function, Loops, Classes, Libraries, Modules, Syntax, Data Structures.","Based on the input string, generate additional imporant keywords.

Input:
Python programming language","Code, Function, Loops, Classes, Libraries, Modules, Syntax, Data Structures."
tatsu-lab/alpaca,15925,Identify the main subject of the following piece of literature.,"Alice was beginning to get very tired of sitting by her sister on the bank, and of having nothing to do.",The main subject of the literature is Alice.,"Identify the main subject of the following piece of literature.

Input:
Alice was beginning to get very tired of sitting by her sister on the bank, and of having nothing to do.",The main subject of the literature is Alice.
tatsu-lab/alpaca,15989,Predict the stock price of Apple in the next 3 months.,,"It is difficult to predict the stock price of Apple in the next 3 months. However, based on past trends and current market conditions, it is likely that the price will increase in the near future.",Predict the stock price of Apple in the next 3 months.,"It is difficult to predict the stock price of Apple in the next 3 months. However, based on past trends and current market conditions, it is likely that the price will increase in the near future."
tatsu-lab/alpaca,16009,Create a list of 5 trends in AI development.,,"Here are 5 trends in AI development: 
1. Automated Machine Learning: Automated machine learning is the process of automating the development and deployment of AI models.
2. Edge Computing: Edge computing is the practice of deploying AI models to the edge of the network, such as on the device or in the cloud.
3. Hybrid AI: Hybrid AI is the combination of both classical AI (such as rule-based systems) and deep learning approaches.
4. Explainable AI: Explainable AI is the ability to explain the logic and rules of complex model decisions.
5. Natural Language Processing: Natural language processing is the ability to interpret and process natural language inputs, such as speech and text.",Create a list of 5 trends in AI development.,"Here are 5 trends in AI development: 
1. Automated Machine Learning: Automated machine learning is the process of automating the development and deployment of AI models.
2. Edge Computing: Edge computing is the practice of deploying AI models to the edge of the network, such as on the device or in the cloud.
3. Hybrid AI: Hybrid AI is the combination of both classical AI (such as rule-based systems) and deep learning approaches.
4. Explainable AI: Explainable AI is the ability to explain the logic and rules of complex model decisions.
5. Natural Language Processing: Natural language processing is the ability to interpret and process natural language inputs, such as speech and text."
tatsu-lab/alpaca,16043,Choose a title for a blog post about effective communication.,,"""The Power of Effective Communication: Strategies for Enhancing Your Performance.""",Choose a title for a blog post about effective communication.,"""The Power of Effective Communication: Strategies for Enhancing Your Performance."""
tatsu-lab/alpaca,16046,Explain why the given statement might not be true.,July is the hottest month of the year.,"The statement might not be true depending on where you live. For example, in some countries such as Canada, the hottest month is usually August. In other regions, it can depend on the year and weather patterns.","Explain why the given statement might not be true.

Input:
July is the hottest month of the year.","The statement might not be true depending on where you live. For example, in some countries such as Canada, the hottest month is usually August. In other regions, it can depend on the year and weather patterns."
tatsu-lab/alpaca,16049,Give an example of a web service that could be automated using artificial intelligence.,,"One example of a web service that could be automated using AI is customer service. AI-enabled machines can be used to respond to customer queries, answer calls, and even diagnose and solve customer complaints.",Give an example of a web service that could be automated using artificial intelligence.,"One example of a web service that could be automated using AI is customer service. AI-enabled machines can be used to respond to customer queries, answer calls, and even diagnose and solve customer complaints."
tatsu-lab/alpaca,16135,"Output a 3-5 sentence definition of the term ""computer virus"".",,"A computer virus is a type of malicious software that is designed to replicate itself and spread to other computers. It is usually spread through emails, downloads and removable storage media, and can cause damage to data, programs, and software applications. It is important to implement protective measures such as anti-virus software and keeping your systems updated in order to prevent a computer virus from infecting your computer. Additionally, it is wise to be vigilant of unfamiliar links or websites and to only open emails or attachments from people you trust.","Output a 3-5 sentence definition of the term ""computer virus"".","A computer virus is a type of malicious software that is designed to replicate itself and spread to other computers. It is usually spread through emails, downloads and removable storage media, and can cause damage to data, programs, and software applications. It is important to implement protective measures such as anti-virus software and keeping your systems updated in order to prevent a computer virus from infecting your computer. Additionally, it is wise to be vigilant of unfamiliar links or websites and to only open emails or attachments from people you trust."
tatsu-lab/alpaca,16162,Edit the sentence to use past simple tense.,The dog barks.,The dog barked.,"Edit the sentence to use past simple tense.

Input:
The dog barks.",The dog barked.
tatsu-lab/alpaca,16246,Name at least one famous Italian mathematician,,Famous Italian mathematician include Leonardo Fibonacci and Luca Pacioli.,Name at least one famous Italian mathematician,Famous Italian mathematician include Leonardo Fibonacci and Luca Pacioli.
tatsu-lab/alpaca,16263,Sort a list from largest to smallest.,"{3,7,1,5,2}","{7,5,3,2,1}","Sort a list from largest to smallest.

Input:
{3,7,1,5,2}","{7,5,3,2,1}"
tatsu-lab/alpaca,16295,Photograph five things in your kitchen.,,"I have photographed five items in my kitchen: a coffee mug, a bowl of fruit, my wooden cutting board, a coffee machine, and a plate of cookies.",Photograph five things in your kitchen.,"I have photographed five items in my kitchen: a coffee mug, a bowl of fruit, my wooden cutting board, a coffee machine, and a plate of cookies."
tatsu-lab/alpaca,16331,Name five environmental policies that can help the planet.,,"Five environmental policies that can help the planet are carbon taxes, regulations on water and air pollution, natural-resource conservation, renewable energy promotion, and enhanced recycling programs.",Name five environmental policies that can help the planet.,"Five environmental policies that can help the planet are carbon taxes, regulations on water and air pollution, natural-resource conservation, renewable energy promotion, and enhanced recycling programs."
tatsu-lab/alpaca,16353,What is the average calories burned by running 1 km?,,The average calories burned by running 1 km is roughly 70-75 calories. This can vary based on the person's weight and speed.,What is the average calories burned by running 1 km?,The average calories burned by running 1 km is roughly 70-75 calories. This can vary based on the person's weight and speed.
tatsu-lab/alpaca,16371,Compare the physical and chemical characteristics of baking soda and baking powder.,,"Baking soda (sodium bicarbonate) is an alkaline powder that reacts with acidic ingredients such as yogurt, buttermilk, chocolate, and cocoa. Baking powder (a combination of baking soda plus one or two acids) produces carbon dioxide when moistened, creating bubbles that lighten and soften baked goods. Baking soda is mostly a single-acting ingredient, while baking powder is double-acting and produces gas when moistened and then again during baking. Baking soda is slightly finer than baking powder and produces a slightly bitter taste. Baking soda is more potent in smaller amounts compared to baking powder.",Compare the physical and chemical characteristics of baking soda and baking powder.,"Baking soda (sodium bicarbonate) is an alkaline powder that reacts with acidic ingredients such as yogurt, buttermilk, chocolate, and cocoa. Baking powder (a combination of baking soda plus one or two acids) produces carbon dioxide when moistened, creating bubbles that lighten and soften baked goods. Baking soda is mostly a single-acting ingredient, while baking powder is double-acting and produces gas when moistened and then again during baking. Baking soda is slightly finer than baking powder and produces a slightly bitter taste. Baking soda is more potent in smaller amounts compared to baking powder."
tatsu-lab/alpaca,16457,Find an interesting quote related to design.,,"""Design is not just what it looks like and feels like. Design is how it works"" - Steve Jobs",Find an interesting quote related to design.,"""Design is not just what it looks like and feels like. Design is how it works"" - Steve Jobs"
tatsu-lab/alpaca,16476,Design a system to help manage customer support tickets.,,"The system could feature automated ticket routing, which allows customer service agents to process tickets more efficiently. Tickets could be routed based on the customer's inquiry type, like technical support or billing inquiries, or based on the agent's skillset. This system would also feature customer support tracking and analytics, so customer service teams could identify trends in customer inquiries and better assess customer satisfaction and customer service performance.",Design a system to help manage customer support tickets.,"The system could feature automated ticket routing, which allows customer service agents to process tickets more efficiently. Tickets could be routed based on the customer's inquiry type, like technical support or billing inquiries, or based on the agent's skillset. This system would also feature customer support tracking and analytics, so customer service teams could identify trends in customer inquiries and better assess customer satisfaction and customer service performance."
tatsu-lab/alpaca,16693,Add the comparative form to the given sentence,My quiz was hard.,My quiz was harder than expected.,"Add the comparative form to the given sentence

Input:
My quiz was hard.",My quiz was harder than expected.
tatsu-lab/alpaca,17089,Write a title for a Sci-Fi movie.,,The Search for Eternal Life.,Write a title for a Sci-Fi movie.,The Search for Eternal Life.
tatsu-lab/alpaca,17118,Suggest a location for a weekend getaway.,,"The Grand Canyon in Arizona is a great option for a weekend getaway. The stunning views, outdoor activities, and diverse wildlife make it the perfect place to relax and recharge.",Suggest a location for a weekend getaway.,"The Grand Canyon in Arizona is a great option for a weekend getaway. The stunning views, outdoor activities, and diverse wildlife make it the perfect place to relax and recharge."
tatsu-lab/alpaca,17167,What is the GDP of India in 2019?,,The GDP of India in 2019 was 2.6 trillion USD.,What is the GDP of India in 2019?,The GDP of India in 2019 was 2.6 trillion USD.
tatsu-lab/alpaca,17219,Come up with a tagline for a green energy company.,,Power Today for a Greener Tomorrow.,Come up with a tagline for a green energy company.,Power Today for a Greener Tomorrow.
tatsu-lab/alpaca,17261,"Reorder the following words to make a sentence:

the, house, is, white",,The house is white.,"Reorder the following words to make a sentence:

the, house, is, white",The house is white.
tatsu-lab/alpaca,17300,Which of the following objects is a real world object?,"a) Book
b) Unicorn
c) Pen
d) Chair","a) Book,
d) Chair.","Which of the following objects is a real world object?

Input:
a) Book
b) Unicorn
c) Pen
d) Chair","a) Book,
d) Chair."
tatsu-lab/alpaca,17332,Generate 3 product ideas based on the given criteria,A product for busy parents to help keep their children entertained,"1. A monthly subscription box of educational activities for children.
2. A mobile app which provides interactive activities to keep kids engaged and entertained. 
3. A set of board games and puzzles designed to help kids learn and have fun at the same time.","Generate 3 product ideas based on the given criteria

Input:
A product for busy parents to help keep their children entertained","1. A monthly subscription box of educational activities for children.
2. A mobile app which provides interactive activities to keep kids engaged and entertained. 
3. A set of board games and puzzles designed to help kids learn and have fun at the same time."
tatsu-lab/alpaca,17335,Convert the following Roman numeral to its equivalent value.,XXVII,27,"Convert the following Roman numeral to its equivalent value.

Input:
XXVII",27
tatsu-lab/alpaca,17359,What is executive functioning?,,"Executive functioning is an umbrella term for the cognitive processes that help us organize, plan, prioritize, make decisions, and manage our time. It involves things like memory, problem-solving, self-control, and the ability to focus and multitask. Good executive functioning skills can help us meet deadlines and stay organized, while poor executive functioning can lead to procrastination and disorganization.",What is executive functioning?,"Executive functioning is an umbrella term for the cognitive processes that help us organize, plan, prioritize, make decisions, and manage our time. It involves things like memory, problem-solving, self-control, and the ability to focus and multitask. Good executive functioning skills can help us meet deadlines and stay organized, while poor executive functioning can lead to procrastination and disorganization."
tatsu-lab/alpaca,17370,Change the following phrases from negative to positive and rephrase them.,I don't have much money.,I have a little bit of money.,"Change the following phrases from negative to positive and rephrase them.

Input:
I don't have much money.",I have a little bit of money.
tatsu-lab/alpaca,17380,Choose the most appropriate vocabulary word to complete the given sentence.,He was delighted by the ____ of the flowers.,Aromatic,"Choose the most appropriate vocabulary word to complete the given sentence.

Input:
He was delighted by the ____ of the flowers.",Aromatic
tatsu-lab/alpaca,17397,List three tips for better time management.,,"1. Prioritize tasks and break them down into manageable chunks.
2. Focus on one task at a time and eliminate distractions.
3. Set realistic goals and track your progress.",List three tips for better time management.,"1. Prioritize tasks and break them down into manageable chunks.
2. Focus on one task at a time and eliminate distractions.
3. Set realistic goals and track your progress."
tatsu-lab/alpaca,17407,Write a function to convert a decimal number to a binary number.,,"def convert_to_binary(num): 
  binary_num = bin(num) 
  return binary_num[2:]",Write a function to convert a decimal number to a binary number.,"def convert_to_binary(num): 
  binary_num = bin(num) 
  return binary_num[2:]"
tatsu-lab/alpaca,17485,Describe a scene from the given book.,Harry Potter,"In the book Harry Potter, there is a scene in the Great Hall where Harry, Ron and Hermione are sitting around a table eating with other Hogwarts students. The ceiling is lit up with a thousand twinkling stars, and the walls are lined with magical paintings.","Describe a scene from the given book.

Input:
Harry Potter","In the book Harry Potter, there is a scene in the Great Hall where Harry, Ron and Hermione are sitting around a table eating with other Hogwarts students. The ceiling is lit up with a thousand twinkling stars, and the walls are lined with magical paintings."
tatsu-lab/alpaca,17486,Name three countries that border Russia.,,"The countries that border Russia are Norway, Finland, and Estonia.",Name three countries that border Russia.,"The countries that border Russia are Norway, Finland, and Estonia."
tatsu-lab/alpaca,17496,"Referring to the given source link, explain the significance of the story in one sentence.",https://www.nytimes.com/interactive/2020/05/25/magazine/white-house-covid-task-force.html,This article provides an in-depth look into the inner workings of the White House Coronavirus Task Force and their efforts to combat the pandemic.,"Referring to the given source link, explain the significance of the story in one sentence.

Input:
https://www.nytimes.com/interactive/2020/05/25/magazine/white-house-covid-task-force.html",This article provides an in-depth look into the inner workings of the White House Coronavirus Task Force and their efforts to combat the pandemic.
tatsu-lab/alpaca,17546,Suggest one creative solution to mitigate the problem of traffic congestion.,noinput,"One potential creative solution to mitigate the problem of traffic congestion would be to incentivize people to carpool and use public transportation, such as providing discounts on transportation costs or implementing carpool lanes on major highways.","Suggest one creative solution to mitigate the problem of traffic congestion.

Input:
noinput","One potential creative solution to mitigate the problem of traffic congestion would be to incentivize people to carpool and use public transportation, such as providing discounts on transportation costs or implementing carpool lanes on major highways."
tatsu-lab/alpaca,17691,Name a professional sports team in this country.,United States,"Boston Red Sox, Brooklyn Nets, Dallas Cowboys, Los Angeles Lakers, Chicago Bears, Philadelphia Eagles.","Name a professional sports team in this country.

Input:
United States","Boston Red Sox, Brooklyn Nets, Dallas Cowboys, Los Angeles Lakers, Chicago Bears, Philadelphia Eagles."
tatsu-lab/alpaca,17848,Generate an animated gif with an astronaut sailing in a spaceship,,An animated gif with an astronaut sailing in a spaceship.,Generate an animated gif with an astronaut sailing in a spaceship,An animated gif with an astronaut sailing in a spaceship.
tatsu-lab/alpaca,18024,Explain the engineering design process.,,"The engineering design process is an iterative problem-solving approach used to develop engineered products. It involves defining the problem, devising a solution, constructing a prototype, testing the prototype, and making modifications as needed. This process is repeatedly done until the desired results are achieved. It is an important tool for any engineer as it helps improve products, reduce time-to-market, and reduce costs.",Explain the engineering design process.,"The engineering design process is an iterative problem-solving approach used to develop engineered products. It involves defining the problem, devising a solution, constructing a prototype, testing the prototype, and making modifications as needed. This process is repeatedly done until the desired results are achieved. It is an important tool for any engineer as it helps improve products, reduce time-to-market, and reduce costs."
tatsu-lab/alpaca,18132,"Given a list of events in chronological order, arrange them correctly","Catered lunch, Company presentation, Address from CEO","Company presentation, Address from CEO, Catered lunch","Given a list of events in chronological order, arrange them correctly

Input:
Catered lunch, Company presentation, Address from CEO","Company presentation, Address from CEO, Catered lunch"
tatsu-lab/alpaca,18210,"Given two countries, find out one change they have made over time to better the environment.",Countries: Germany and Chile,"Germany and Chile have both implemented large-scale policies to improve the environment. In Germany, the government has enacted federal laws to phase out the use of coal for electricity production and has provided grants for renewable energy investments. In Chile, the government has launched a program to expand reforestation efforts, in addition to developing efficient transportation, renewable energy technologies, and the elimination of plastic waste. Both countries have made significant investments in the environment in recent years, demonstrating their commitment to developing a sustainable future.","Given two countries, find out one change they have made over time to better the environment.

Input:
Countries: Germany and Chile","Germany and Chile have both implemented large-scale policies to improve the environment. In Germany, the government has enacted federal laws to phase out the use of coal for electricity production and has provided grants for renewable energy investments. In Chile, the government has launched a program to expand reforestation efforts, in addition to developing efficient transportation, renewable energy technologies, and the elimination of plastic waste. Both countries have made significant investments in the environment in recent years, demonstrating their commitment to developing a sustainable future."
tatsu-lab/alpaca,18217,"Given a product, categorize four ways it can improve the user's life",Product: Alarm Clock,"An alarm clock can improve the user's life in four ways:
1. An alarm clock can help people stick to a regular sleep schedule, improving their overall well-being.
2. An alarm clock can act as a reminder for important tasks and events, helping people stay organized and on task.
3. An alarm clock can aid in increasing productivity, helping people make the most of their available time.
4. An alarm clock can provide a sense of security, offering peace of mind that the user won't oversleep or miss important appointments.","Given a product, categorize four ways it can improve the user's life

Input:
Product: Alarm Clock","An alarm clock can improve the user's life in four ways:
1. An alarm clock can help people stick to a regular sleep schedule, improving their overall well-being.
2. An alarm clock can act as a reminder for important tasks and events, helping people stay organized and on task.
3. An alarm clock can aid in increasing productivity, helping people make the most of their available time.
4. An alarm clock can provide a sense of security, offering peace of mind that the user won't oversleep or miss important appointments."
tatsu-lab/alpaca,18231,Generate code to take user input and print it.,,"# Taking the user input
user_input = input(""Please enter something: "")

# Printing the input
print(""You entered: "" + user_input)",Generate code to take user input and print it.,"# Taking the user input
user_input = input(""Please enter something: "")

# Printing the input
print(""You entered: "" + user_input)"
tatsu-lab/alpaca,18250,Rewrite an existing text to include vivid descriptions.,Alice sat down in front of the computer and started typing,"Alice plopped down into her chair, her keys a gentle clacking against the old keyboard as she settled in for the task ahead. She gave a deep breath, centering herself for the typing marathon ahead of her, and with determined fingertips began to fill the blank screen with her thoughts.","Rewrite an existing text to include vivid descriptions.

Input:
Alice sat down in front of the computer and started typing","Alice plopped down into her chair, her keys a gentle clacking against the old keyboard as she settled in for the task ahead. She gave a deep breath, centering herself for the typing marathon ahead of her, and with determined fingertips began to fill the blank screen with her thoughts."
tatsu-lab/alpaca,18254,Tell me a poem that is 8 lines long and has a theme of springtime.,,"The sun is out and the snow is gone,
The flowers bloom with a beautiful song.
The birds sing and the bees are buzzing,
The world awaikes from its winter snoozing.
Swirling petals fall from the trees,
Brightening up the grass and the breeze.
The bonfire crackles and the campfire smiles,
Life has returned in full file.",Tell me a poem that is 8 lines long and has a theme of springtime.,"The sun is out and the snow is gone,
The flowers bloom with a beautiful song.
The birds sing and the bees are buzzing,
The world awaikes from its winter snoozing.
Swirling petals fall from the trees,
Brightening up the grass and the breeze.
The bonfire crackles and the campfire smiles,
Life has returned in full file."
tatsu-lab/alpaca,18258,Construct an example sentence using the given adverb and verb.,"cautiously, drive",He cautiously drove down the winding road.,"Construct an example sentence using the given adverb and verb.

Input:
cautiously, drive",He cautiously drove down the winding road.
tatsu-lab/alpaca,18292,Generate a keyword list that suits the content of the article.,The article is about understanding the economic growth of India over the last 5 years.,"economics, India, GDP, growth, development, finance, investments, inflation, taxes, money, industry, job market, government initiatives, regulations, Standard of Living.","Generate a keyword list that suits the content of the article.

Input:
The article is about understanding the economic growth of India over the last 5 years.","economics, India, GDP, growth, development, finance, investments, inflation, taxes, money, industry, job market, government initiatives, regulations, Standard of Living."
tatsu-lab/alpaca,18465,Specify which of the two given scenarios has the bigger impact on the climate crisis,"Scenario 1: Individual choices to reduce emissions  
Scenario 2: Government policy to reduce emissions","Government policy to reduce emissions has a bigger impact on the climate crisis. Governments can enact legislation to reduce emissions, incentivize renewable energy, invest in research and development of new clean energy technologies, and much more. These measures have a larger impact than individual choices.","Specify which of the two given scenarios has the bigger impact on the climate crisis

Input:
Scenario 1: Individual choices to reduce emissions  
Scenario 2: Government policy to reduce emissions","Government policy to reduce emissions has a bigger impact on the climate crisis. Governments can enact legislation to reduce emissions, incentivize renewable energy, invest in research and development of new clean energy technologies, and much more. These measures have a larger impact than individual choices."
tatsu-lab/alpaca,18598,Generate a list of search terms related to the news article.,Tech giants Microsoft and Google have partnered to create a new digital assistant.,"Microsoft, Google, Digital Assistant, AI, Artificial Intelligence, Cloud Computing, Tech Partnership, Research and Development, Smart Devices, Virtual Assistance.","Generate a list of search terms related to the news article.

Input:
Tech giants Microsoft and Google have partnered to create a new digital assistant.","Microsoft, Google, Digital Assistant, AI, Artificial Intelligence, Cloud Computing, Tech Partnership, Research and Development, Smart Devices, Virtual Assistance."
tatsu-lab/alpaca,18676,Name the most important components of a computer.,,"The most important components of a computer are the processor, memory, storage, motherboard, power supply, and graphics card.",Name the most important components of a computer.,"The most important components of a computer are the processor, memory, storage, motherboard, power supply, and graphics card."
tatsu-lab/alpaca,18694,Create a new sentence using new words to convey the same meaning.,I got the answer right.,I answered correctly.,"Create a new sentence using new words to convey the same meaning.

Input:
I got the answer right.",I answered correctly.
tatsu-lab/alpaca,18803,Design a procedure to determine the area of a triangle,,"A procedure to determine the area of a triangle can be designed using the formula A= 1/2 * b * h, where b is the base length of the triangle and h is the height of the triangle. The base and height of the triangle can be measured using a ruler.",Design a procedure to determine the area of a triangle,"A procedure to determine the area of a triangle can be designed using the formula A= 1/2 * b * h, where b is the base length of the triangle and h is the height of the triangle. The base and height of the triangle can be measured using a ruler."
tatsu-lab/alpaca,18965,Give two pieces of advice based on the scenario.,You just graduated from college and don't know what to do next.,"1. Consider exploring options related to your major or areas of interest, such as internships or work experience. 
2. Take the time to research various career paths and make a plan for your next steps.","Give two pieces of advice based on the scenario.

Input:
You just graduated from college and don't know what to do next.","1. Consider exploring options related to your major or areas of interest, such as internships or work experience. 
2. Take the time to research various career paths and make a plan for your next steps."
tatsu-lab/alpaca,19213,Generate a headline for an article discussing the relationship between plant-based diets and reduced cardiovascular risks.,,The Correlation Between Plant-Based Diet and Reduced Cardiovascular Risk: What Does Science Say?,Generate a headline for an article discussing the relationship between plant-based diets and reduced cardiovascular risks.,The Correlation Between Plant-Based Diet and Reduced Cardiovascular Risk: What Does Science Say?
tatsu-lab/alpaca,19234,Analyze the use of metaphors in the following text,"Her heart was a maelstrom, threatening to swallow her whole.","In this sentence, the metaphor of a maelstrom is used to emphasize how overwhelming the feeling in the person's heart is. The maelstrom has the sense of a powerful storm that is beyond the control of the person and is threatening to consume them completely. This metaphor helps to convey the intense emotion the person is feeling so that they can better express their inner turmoil.","Analyze the use of metaphors in the following text

Input:
Her heart was a maelstrom, threatening to swallow her whole.","In this sentence, the metaphor of a maelstrom is used to emphasize how overwhelming the feeling in the person's heart is. The maelstrom has the sense of a powerful storm that is beyond the control of the person and is threatening to consume them completely. This metaphor helps to convey the intense emotion the person is feeling so that they can better express their inner turmoil."
tatsu-lab/alpaca,19376,Rewrite the following text using 150 words.,"Technology is transforming our lives. It is enabling us to access information, connect with people around the world, and create new opportunities for leisure and entertainment.","In just a few decades, technology has revolutionized our lives and opened up countless possibilities. With the help of technology, we now have instant access to huge amounts of knowledge and ways to communicate with people from different corners of the globe. Similarly, it has vastly improved how we spend our leisure time. We are now able to make use of different digital forms of entertainment like online gaming, streaming services, and virtual reality. Thus, technology has enabled us to explore the world from the safety and comfort of our homes. It helps us become better educated, work smarter, and enjoy life with much more convenience.","Rewrite the following text using 150 words.

Input:
Technology is transforming our lives. It is enabling us to access information, connect with people around the world, and create new opportunities for leisure and entertainment.","In just a few decades, technology has revolutionized our lives and opened up countless possibilities. With the help of technology, we now have instant access to huge amounts of knowledge and ways to communicate with people from different corners of the globe. Similarly, it has vastly improved how we spend our leisure time. We are now able to make use of different digital forms of entertainment like online gaming, streaming services, and virtual reality. Thus, technology has enabled us to explore the world from the safety and comfort of our homes. It helps us become better educated, work smarter, and enjoy life with much more convenience."
tatsu-lab/alpaca,19445,Compose a rap about a recent historical event.,Event: Bob Dylan winning the Nobel Prize in Literature,"Verse 1:
Breaking the barriers, Bob Dylan has electrified the way
Nobody before seen, they released their judgement today
They said it was historic, gave him a Nobel Prize
His lyrics are words of wisdom, no matter what age 

Chorus:
From across the sea, Bob Dylan's legacy
The Nobel Prize gave him the victory 

Verse 2:
A star of rock and roll with his words so true
He dedicated his heart and soul in all he must do
A musical maestro with riffs so fine
His music's revolution brought us peace of mind  

Chorus:
From across the sea, Bob Dylan's legacy
The Nobel Prize gave him the victory 

Verse 3:
He deserves the recognition with his work sublime
His life is in forever engraved in the minds of time
His reward was full of glory, they welcomed it with cheers
Bob Dylan will forever remain an icon in our years

Chorus:
From across the sea, Bob Dylan's legacy
The Nobel Prize gave him the victory 

Outro:
Bob Dylan takes us by the melodial hand
He said we're free to go and sing, as far as this land
So take my advice and be a part of this great ride
Celebrating the rewards of Bob Dylan with his Nobel Prize!","Compose a rap about a recent historical event.

Input:
Event: Bob Dylan winning the Nobel Prize in Literature","Verse 1:
Breaking the barriers, Bob Dylan has electrified the way
Nobody before seen, they released their judgement today
They said it was historic, gave him a Nobel Prize
His lyrics are words of wisdom, no matter what age 

Chorus:
From across the sea, Bob Dylan's legacy
The Nobel Prize gave him the victory 

Verse 2:
A star of rock and roll with his words so true
He dedicated his heart and soul in all he must do
A musical maestro with riffs so fine
His music's revolution brought us peace of mind  

Chorus:
From across the sea, Bob Dylan's legacy
The Nobel Prize gave him the victory 

Verse 3:
He deserves the recognition with his work sublime
His life is in forever engraved in the minds of time
His reward was full of glory, they welcomed it with cheers
Bob Dylan will forever remain an icon in our years

Chorus:
From across the sea, Bob Dylan's legacy
The Nobel Prize gave him the victory 

Outro:
Bob Dylan takes us by the melodial hand
He said we're free to go and sing, as far as this land
So take my advice and be a part of this great ride
Celebrating the rewards of Bob Dylan with his Nobel Prize!"
tatsu-lab/alpaca,19558,Outline the steps to creating a successful online store.,,"Steps to creating a successful online store:

1. Conduct research: Research the market, product, competitors, and demographics.
2. Plan: Select a platform, design the site, create checkout process, define marketing strategy.
3. Build: Create the content and structure of the site, and customize decisions to fit your brand.
4. Test: Test the technical and functional aspects of the website before launching.
5. Launch: Establish the hosting arrangements and officially launch the site. 
6. Promote: Promote the store on social media, email, search engine marketing and other tactics.
7. Track: Track sales, conversion rates, and site usage analytics to understand customer behaviors.
8. Maintain: Regularly update the site with new content, products, and features.",Outline the steps to creating a successful online store.,"Steps to creating a successful online store:

1. Conduct research: Research the market, product, competitors, and demographics.
2. Plan: Select a platform, design the site, create checkout process, define marketing strategy.
3. Build: Create the content and structure of the site, and customize decisions to fit your brand.
4. Test: Test the technical and functional aspects of the website before launching.
5. Launch: Establish the hosting arrangements and officially launch the site. 
6. Promote: Promote the store on social media, email, search engine marketing and other tactics.
7. Track: Track sales, conversion rates, and site usage analytics to understand customer behaviors.
8. Maintain: Regularly update the site with new content, products, and features."
tatsu-lab/alpaca,19620,Modify the given text for the target audience,"Text: Artificial Intellgence (AI) is an exciting new technology that is rapidly changing our world. 

Audience: Primary school children","AI is an awesome and powerful tool that is transforming the way we live our lives. It has the potential to do so much to make things easier, smarter and more fun!","Modify the given text for the target audience

Input:
Text: Artificial Intellgence (AI) is an exciting new technology that is rapidly changing our world. 

Audience: Primary school children","AI is an awesome and powerful tool that is transforming the way we live our lives. It has the potential to do so much to make things easier, smarter and more fun!"
tatsu-lab/alpaca,19660,Describe the different oceans,,"There are five major oceans in the world: the Pacific, Atlantic, Indian, Southern, and Arctic Oceans. The Pacific is the largest ocean, covering around 46% of the Earth's water surface area. The Atlantic is the world's second-largest ocean and is known for its numerous islands and reefs. The Indian Ocean is the third-largest ocean and is home to many coral reefs and unique species of sea life. The Southern Ocean is the fourth-largest ocean and is located in the deepest parts of the ocean and furthest away from land. The Arctic Ocean is the fifth-largest and is mostly covered in sea ice.",Describe the different oceans,"There are five major oceans in the world: the Pacific, Atlantic, Indian, Southern, and Arctic Oceans. The Pacific is the largest ocean, covering around 46% of the Earth's water surface area. The Atlantic is the world's second-largest ocean and is known for its numerous islands and reefs. The Indian Ocean is the third-largest ocean and is home to many coral reefs and unique species of sea life. The Southern Ocean is the fourth-largest ocean and is located in the deepest parts of the ocean and furthest away from land. The Arctic Ocean is the fifth-largest and is mostly covered in sea ice."
tatsu-lab/alpaca,19681,Create a function to determine whether a number is prime or not.,,"def is_prime(n):
    if n <= 1: 
        return False
    for i in range(2, n):
        if n % i == 0:
            return False
    return True",Create a function to determine whether a number is prime or not.,"def is_prime(n):
    if n <= 1: 
        return False
    for i in range(2, n):
        if n % i == 0:
            return False
    return True"
tatsu-lab/alpaca,19723,Is it respectful to wear a short skirt to a funeral?,,"No, it is not respectful to wear a short skirt to a funeral.",Is it respectful to wear a short skirt to a funeral?,"No, it is not respectful to wear a short skirt to a funeral."
tatsu-lab/alpaca,19825,Explain the process of neural network training.,,"Neural network training is a process which involves using an algorithm to iteratively and incrementally modify the weights of the connections between neurons in the network. This is done in order to reduce the error between the model’s predictions and the desired output. The algorithm adjusts the weights of the connections based on how the network performed on a particular data set, and the error is measured based on a loss function. The process of modifying the weights is repeated until the model achieves the desired accuracy.",Explain the process of neural network training.,"Neural network training is a process which involves using an algorithm to iteratively and incrementally modify the weights of the connections between neurons in the network. This is done in order to reduce the error between the model’s predictions and the desired output. The algorithm adjusts the weights of the connections based on how the network performed on a particular data set, and the error is measured based on a loss function. The process of modifying the weights is repeated until the model achieves the desired accuracy."
tatsu-lab/alpaca,19914,Generate an acrostic poem with a given word.,Rainbow,"Riding away in a way I never knew
A vast array of colors
Inexplicable beauty as it follows you
Nothing but mystery and joy
Bringing delight to all
Over the horizon, it awaits","Generate an acrostic poem with a given word.

Input:
Rainbow","Riding away in a way I never knew
A vast array of colors
Inexplicable beauty as it follows you
Nothing but mystery and joy
Bringing delight to all
Over the horizon, it awaits"
tatsu-lab/alpaca,20000,Name the given musical note.,(A musical note),The musical note is an F sharp.,"Name the given musical note.

Input:
(A musical note)",The musical note is an F sharp.
tatsu-lab/alpaca,20153,Choose one of the words below and provide a synonym.,Bemused,Puzzled,"Choose one of the words below and provide a synonym.

Input:
Bemused",Puzzled
tatsu-lab/alpaca,20202,List three advantages and three disadvantages of using AI for customer service.,,"Advantages of using AI for customer service:
1. AI customer service can provide a 24/7 response to customer inquiries. 
2. It is cost-effective and helps companies save time and money.
3. AI customer service systems can process large volumes of data quickly and accurately.

Disadvantages of using AI for customer service:
1. AI customer service systems may not include human judgement, leading to a lack of personability.
2. AI customer service systems can be difficult to scale.
3. AI customer service systems are susceptible to errors if they are not regularly maintained.",List three advantages and three disadvantages of using AI for customer service.,"Advantages of using AI for customer service:
1. AI customer service can provide a 24/7 response to customer inquiries. 
2. It is cost-effective and helps companies save time and money.
3. AI customer service systems can process large volumes of data quickly and accurately.

Disadvantages of using AI for customer service:
1. AI customer service systems may not include human judgement, leading to a lack of personability.
2. AI customer service systems can be difficult to scale.
3. AI customer service systems are susceptible to errors if they are not regularly maintained."
tatsu-lab/alpaca,20269,Output the fifth number in the Fibonacci sequence.,,The fifth number in the Fibonacci sequence is 5.,Output the fifth number in the Fibonacci sequence.,The fifth number in the Fibonacci sequence is 5.
tatsu-lab/alpaca,20343,Give me a poetic sentence.,,The night sky is adorned with diamond stars glimmering like wishes.,Give me a poetic sentence.,The night sky is adorned with diamond stars glimmering like wishes.
tatsu-lab/alpaca,20428,Identify a problem connected to the given topic.,Topic: Climate Change,"One of the major problems related to climate change is the increasing levels of greenhouse gases in the atmosphere. These gases trap heat and cause temperatures to rise, leading to more extreme weather events and rising sea levels. This can have a devastating effect on ecosystems around the world, causing mass extinction of species, destruction of habitats, and other negative consequences.","Identify a problem connected to the given topic.

Input:
Topic: Climate Change","One of the major problems related to climate change is the increasing levels of greenhouse gases in the atmosphere. These gases trap heat and cause temperatures to rise, leading to more extreme weather events and rising sea levels. This can have a devastating effect on ecosystems around the world, causing mass extinction of species, destruction of habitats, and other negative consequences."
tatsu-lab/alpaca,20552,Create a reward system for employees that shows appreciation but also encourages productivity.,,"A reward system that motivates employees to work hard and improve productivity can include recognition for individual accomplishments, compliments to boost morale and financial rewards such as bonuses and raises. To show appreciation, managers can give out rewards such as gift cards, meals or tickets to events. Additionally, providing flexible working hours, offering paid vacation time and providing ongoing professional development opportunities can help to increase employee satisfaction.",Create a reward system for employees that shows appreciation but also encourages productivity.,"A reward system that motivates employees to work hard and improve productivity can include recognition for individual accomplishments, compliments to boost morale and financial rewards such as bonuses and raises. To show appreciation, managers can give out rewards such as gift cards, meals or tickets to events. Additionally, providing flexible working hours, offering paid vacation time and providing ongoing professional development opportunities can help to increase employee satisfaction."
tatsu-lab/alpaca,20557,Create an algorithm that divides a given array of numbers into two sets such that the sum of the elements in each set is the same.,"[5, 10, 15, 20]","Set 1: [5, 15] 
Set 2: [10, 20] 
Algorithm:
1. Create two empty sets, set1 and set2. 
2. Add the first number in the list to set1. 
3. Calculate the sum of the numbers in set1 and set2. 
4. If sum of set1 is less than the sum of set2, add the next number to set 1. If the sum of set1 is greater than the sum of set2, add the next number to set2. 
5. Repeat step 4 until all numbers in the list have been added to one of the sets.","Create an algorithm that divides a given array of numbers into two sets such that the sum of the elements in each set is the same.

Input:
[5, 10, 15, 20]","Set 1: [5, 15] 
Set 2: [10, 20] 
Algorithm:
1. Create two empty sets, set1 and set2. 
2. Add the first number in the list to set1. 
3. Calculate the sum of the numbers in set1 and set2. 
4. If sum of set1 is less than the sum of set2, add the next number to set 1. If the sum of set1 is greater than the sum of set2, add the next number to set2. 
5. Repeat step 4 until all numbers in the list have been added to one of the sets."
tatsu-lab/alpaca,20572,Create a questionnaire for data collection for product feedback.,,"1. What is your gender?
2. How satisfied are you with our product?
3. How likely are you to recommend our product to someone else?
4. What features of the product do you like the most?
5. What features of the product do you like the least?
6. On a scale of 1-5, with 5 being the highest, how would you rate the ease of use of the product?
7. Are there any features you would like to see added to the product?
8. How would you rate the overall user experience of the product?
9. Are there any areas where the product needs improvement?
10. Do you have any other comments or suggestions about the product?",Create a questionnaire for data collection for product feedback.,"1. What is your gender?
2. How satisfied are you with our product?
3. How likely are you to recommend our product to someone else?
4. What features of the product do you like the most?
5. What features of the product do you like the least?
6. On a scale of 1-5, with 5 being the highest, how would you rate the ease of use of the product?
7. Are there any features you would like to see added to the product?
8. How would you rate the overall user experience of the product?
9. Are there any areas where the product needs improvement?
10. Do you have any other comments or suggestions about the product?"
tatsu-lab/alpaca,20590,Create an outline for a presentation on the benefits of exercise.,,"I. Introduction 
A. Definition of exercise
B. Benefits of exercise  

II. Physical Benefits 
A. Improved physical strength and endurance 
B. Enhanced cardiovascular health 

III. Mental Benefits 
A. Improved cognitive performance 
B. Reduced stress and anxiety 

IV. Social Benefits 
A. Improved communication skills 
B. Enhanced social connections 

V. Conclusion 
A. Summary of the benefits of exercise 
B. Suggested next steps for readers",Create an outline for a presentation on the benefits of exercise.,"I. Introduction 
A. Definition of exercise
B. Benefits of exercise  

II. Physical Benefits 
A. Improved physical strength and endurance 
B. Enhanced cardiovascular health 

III. Mental Benefits 
A. Improved cognitive performance 
B. Reduced stress and anxiety 

IV. Social Benefits 
A. Improved communication skills 
B. Enhanced social connections 

V. Conclusion 
A. Summary of the benefits of exercise 
B. Suggested next steps for readers"
tatsu-lab/alpaca,20622,Brainstorm ways to reduce energy consumption in a home.,,"Ideas for reducing energy consumption in a home include switching to energy efficient appliances, using natural light to reduce reliance on artificial lighting, unplugging electrical devices when not in use, installing timers or smart home systems to regulate temperature, using solar panels to generate electricity, and running full loads of dishes and laundry.",Brainstorm ways to reduce energy consumption in a home.,"Ideas for reducing energy consumption in a home include switching to energy efficient appliances, using natural light to reduce reliance on artificial lighting, unplugging electrical devices when not in use, installing timers or smart home systems to regulate temperature, using solar panels to generate electricity, and running full loads of dishes and laundry."
tatsu-lab/alpaca,20673,Recognize the following text as an example of which literary device.,"""The sun rose in the east, just as it had done a million times before""",The text is an example of repetition as it is used to emphasize the same thing in a more powerful way.,"Recognize the following text as an example of which literary device.

Input:
""The sun rose in the east, just as it had done a million times before""",The text is an example of repetition as it is used to emphasize the same thing in a more powerful way.
tatsu-lab/alpaca,20720,Come up with a way for people to reduce their carbon footprint,,"People can reduce their carbon footprint by making simple changes in their daily routine. These include installing energy efficient appliances, switching to green energy sources, carpooling, eating a plant-based diet, reducing water consumption, and recycling. Additionally, one can opt for sustainable clothing and home decor, refraining from purchasing items with excessive packaging, and opting for public transportation.",Come up with a way for people to reduce their carbon footprint,"People can reduce their carbon footprint by making simple changes in their daily routine. These include installing energy efficient appliances, switching to green energy sources, carpooling, eating a plant-based diet, reducing water consumption, and recycling. Additionally, one can opt for sustainable clothing and home decor, refraining from purchasing items with excessive packaging, and opting for public transportation."
tatsu-lab/alpaca,20733,"From the following facts, write a creative story where two people of different generations bond over an activity.","Two people: 80 year old grandparent, 18 year old grandchild
Activity: Baking","The 80 year old grandparent and 18 year old grandchild were looking for a way to bond. One day, the grandparent suggested they bake something together. Even though they had never baked before, they worked together to create a delicious cake. As they measured out the ingredients, the grandparent shared stories from their childhood, and the grandchild was fascinated to hear about what life was like back then. As they prepared the cake, both were filled with a sense of pride as it came out of the oven perfectly. They then celebrated with some tea and a generous slice of cake. The moment was truly special for both of them.","From the following facts, write a creative story where two people of different generations bond over an activity.

Input:
Two people: 80 year old grandparent, 18 year old grandchild
Activity: Baking","The 80 year old grandparent and 18 year old grandchild were looking for a way to bond. One day, the grandparent suggested they bake something together. Even though they had never baked before, they worked together to create a delicious cake. As they measured out the ingredients, the grandparent shared stories from their childhood, and the grandchild was fascinated to hear about what life was like back then. As they prepared the cake, both were filled with a sense of pride as it came out of the oven perfectly. They then celebrated with some tea and a generous slice of cake. The moment was truly special for both of them."
tatsu-lab/alpaca,21118,Name some seasonal fruits that are available in the summer.,,"- Peaches 
- Cherries 
- Plums 
- Apricots 
- Bananas 
- Mangoes 
- Nectarines 
- Watermelon 
- Cantaloupe 
- Honeydew melon 
- Grapes 
- Starfruit",Name some seasonal fruits that are available in the summer.,"- Peaches 
- Cherries 
- Plums 
- Apricots 
- Bananas 
- Mangoes 
- Nectarines 
- Watermelon 
- Cantaloupe 
- Honeydew melon 
- Grapes 
- Starfruit"
tatsu-lab/alpaca,21243,Perform a Google search and find a website that offers top health tips,,"The website ""Healthy Tips"" offers a list of top health tips. It can be accessed at https://www.healthytips.co.uk",Perform a Google search and find a website that offers top health tips,"The website ""Healthy Tips"" offers a list of top health tips. It can be accessed at https://www.healthytips.co.uk"
tatsu-lab/alpaca,21252,Find the total population of Germany,,"The total population of Germany is 83,783,600 according to Worldometer statistics.",Find the total population of Germany,"The total population of Germany is 83,783,600 according to Worldometer statistics."
tatsu-lab/alpaca,21376,Create a restaurant menu for a burger joint.,,"Appetizers: 
- French Fries
- Onion Rings
- Veggie Fritters 

Main Course: 
- Classic Cheeseburger
- Bacon Cheeseburger
- Veggie Burger
- Fried Chicken Sandwich 

Sides: 
- Coleslaw
- Potato Wedges 

Drinks: 
- Soda
- Milkshakes
- Coffee 

Desserts: 
- Apple Pie 
- Chocolate Cake 
- Vanilla Ice Cream",Create a restaurant menu for a burger joint.,"Appetizers: 
- French Fries
- Onion Rings
- Veggie Fritters 

Main Course: 
- Classic Cheeseburger
- Bacon Cheeseburger
- Veggie Burger
- Fried Chicken Sandwich 

Sides: 
- Coleslaw
- Potato Wedges 

Drinks: 
- Soda
- Milkshakes
- Coffee 

Desserts: 
- Apple Pie 
- Chocolate Cake 
- Vanilla Ice Cream"
tatsu-lab/alpaca,21512,"Create a short story of your own in 200 words featuring the following words: ""plate"" and ""proud"".",,"Once upon a time there was a family that had a small pet bird that they absolutely adored. Every day, they would take the bird out of its tiny cage and set it on a plate on the table. They would marvel as the bird basked in the sunlight and soaked in the attention of its human family. 

Every morning, the family would rise and prepare a delectable assortment of fruits and seeds for their tiny treasure. They would fill the plate to the brim with their creation, and the bird would joyously peck away at its meal. As the day passed, the family would take pride in how much their pet had grown.

The bird was a blessing for the family; it became a symbol of hope and joy for them. However, as time slowly passed, nothing remains the same. 

A few years later, the tiny pet was growing old, and it was slowly becoming more frail. But it still held onto the same pride that it had had when it was young. On its last day, the family brought out the same small plate and filled it with its favorite food.

The bird quietly passed away that day, but the family was still proud of the time they had spent with their beloved pet. The words “plate” and “proud” became firmly entrenched in the families’ way of life, as they would always be reminded of their little friend every time they looked at the plate on their table.","Create a short story of your own in 200 words featuring the following words: ""plate"" and ""proud"".","Once upon a time there was a family that had a small pet bird that they absolutely adored. Every day, they would take the bird out of its tiny cage and set it on a plate on the table. They would marvel as the bird basked in the sunlight and soaked in the attention of its human family. 

Every morning, the family would rise and prepare a delectable assortment of fruits and seeds for their tiny treasure. They would fill the plate to the brim with their creation, and the bird would joyously peck away at its meal. As the day passed, the family would take pride in how much their pet had grown.

The bird was a blessing for the family; it became a symbol of hope and joy for them. However, as time slowly passed, nothing remains the same. 

A few years later, the tiny pet was growing old, and it was slowly becoming more frail. But it still held onto the same pride that it had had when it was young. On its last day, the family brought out the same small plate and filled it with its favorite food.

The bird quietly passed away that day, but the family was still proud of the time they had spent with their beloved pet. The words “plate” and “proud” became firmly entrenched in the families’ way of life, as they would always be reminded of their little friend every time they looked at the plate on their table."
tatsu-lab/alpaca,21639,"For a given profession, introduce a key technology or tool currently used.",Paramedics,"Paramedics use a variety of specially designed equipment to help treat patients in emergency situations, such as a defibrillator to help restart a patient's heart or a specialized monitor to track vital signs. They also use technology such as two-way radios and GPS navigation systems to ensure they get to the right location quickly and safely.","For a given profession, introduce a key technology or tool currently used.

Input:
Paramedics","Paramedics use a variety of specially designed equipment to help treat patients in emergency situations, such as a defibrillator to help restart a patient's heart or a specialized monitor to track vital signs. They also use technology such as two-way radios and GPS navigation systems to ensure they get to the right location quickly and safely."
tatsu-lab/alpaca,21654,Classify the following into either facts or opinions.,The dog ran fast.,Fact,"Classify the following into either facts or opinions.

Input:
The dog ran fast.",Fact
tatsu-lab/alpaca,21702,Normalize the date format in the sentence.,The meeting is next thursday.,"The meeting is next Thursday, 15th April 2021.","Normalize the date format in the sentence.

Input:
The meeting is next thursday.","The meeting is next Thursday, 15th April 2021."
tatsu-lab/alpaca,21770,List the 3 longest rivers in Europe.,,"The three longest rivers in Europe are the Volga, the Danube, and the Ural.",List the 3 longest rivers in Europe.,"The three longest rivers in Europe are the Volga, the Danube, and the Ural."
tatsu-lab/alpaca,21859,Generate a list of five items that a customer could use to improve their website.,,"1. Optimize HTML, CSS, and JavaScript code
2. Leverage a content delivery network (CDN)
3. Implement caching strategies
4. Tune server settings
5. Optimize images",Generate a list of five items that a customer could use to improve their website.,"1. Optimize HTML, CSS, and JavaScript code
2. Leverage a content delivery network (CDN)
3. Implement caching strategies
4. Tune server settings
5. Optimize images"
tatsu-lab/alpaca,21966,"Given the name of a country, explain its geography.",Australia,"Australia is a continent located in the southern hemisphere and is the world’s sixth-largest country. It is bordered by the Indian and Pacific Oceans and is surrounded by the Arafura and Timor Seas. Australia is divided into six states and two territories, each of which has its own unique landscapes and ecosystems, ranging from wet tropical rainforests to snow-capped mountains and red deserts. The country is home to numerous native species, including kangaroos and koalas, as well as diverse ecosystems and natural resources.","Given the name of a country, explain its geography.

Input:
Australia","Australia is a continent located in the southern hemisphere and is the world’s sixth-largest country. It is bordered by the Indian and Pacific Oceans and is surrounded by the Arafura and Timor Seas. Australia is divided into six states and two territories, each of which has its own unique landscapes and ecosystems, ranging from wet tropical rainforests to snow-capped mountains and red deserts. The country is home to numerous native species, including kangaroos and koalas, as well as diverse ecosystems and natural resources."
tatsu-lab/alpaca,22059,"Given the sentence, output a sentence using a simliar syntax.",The dog barked loudly.,The cat meowed ferociously.,"Given the sentence, output a sentence using a simliar syntax.

Input:
The dog barked loudly.",The cat meowed ferociously.
tatsu-lab/alpaca,22156,What is the importance of practicing self-care?,No Input,"Practicing self care is important because it can help to improve overall physical and mental health and wellbeing. When you practice self care, you are taking time out for yourself to de-stress, to relax, and to focus on activities that make you feel good, such as spending time with friends, reading a book, going for a walk, or just taking a few moments to yourself. Self care is a way to boost energy levels and make sure you are in the best shape to take on life's challenges and opportunities. It's also essential for developing a positive attitude and outlook, and for avoiding burnout and stress.","What is the importance of practicing self-care?

Input:
No Input","Practicing self care is important because it can help to improve overall physical and mental health and wellbeing. When you practice self care, you are taking time out for yourself to de-stress, to relax, and to focus on activities that make you feel good, such as spending time with friends, reading a book, going for a walk, or just taking a few moments to yourself. Self care is a way to boost energy levels and make sure you are in the best shape to take on life's challenges and opportunities. It's also essential for developing a positive attitude and outlook, and for avoiding burnout and stress."
tatsu-lab/alpaca,22236,Reverse the following sentence using an antonym.,The job was easy.,The job was difficult.,"Reverse the following sentence using an antonym.

Input:
The job was easy.",The job was difficult.
tatsu-lab/alpaca,22293,Make a list of three endangered species.,,"Three endangered species are the Bactrian Camel, the Bengal Tiger, and the Amur Leopard.",Make a list of three endangered species.,"Three endangered species are the Bactrian Camel, the Bengal Tiger, and the Amur Leopard."
tatsu-lab/alpaca,22298,Name a sport that requires good hand-eye coordination,,"Basketball is a sport that requires good hand-eye coordination. It involves dribbling, passing, and shooting the ball into the hoop and it also calls for coordination and reflexes in order to make accurate shots and pass the ball quickly and accurately. Other sports that require good hand-eye coordination include baseball, cricket, golf, and tennis.",Name a sport that requires good hand-eye coordination,"Basketball is a sport that requires good hand-eye coordination. It involves dribbling, passing, and shooting the ball into the hoop and it also calls for coordination and reflexes in order to make accurate shots and pass the ball quickly and accurately. Other sports that require good hand-eye coordination include baseball, cricket, golf, and tennis."
tatsu-lab/alpaca,22471,Complete this sentence with an example of a homophone.,,A pair of pears and a pair of chairs.,Complete this sentence with an example of a homophone.,A pair of pears and a pair of chairs.
tatsu-lab/alpaca,22541,Outline the major points of the US Constitution.,,The main points of the US Constitution include: establishing the nation's form of government; setting limits on the powers of the three branches of the federal government; protecting certain fundamental rights for citizens; providing for the election of federal officials; giving Congress the power to tax and regulate commerce; creating a system of laws and courts to enforce the Constitution; and creating a process for amending the Constitution.,Outline the major points of the US Constitution.,The main points of the US Constitution include: establishing the nation's form of government; setting limits on the powers of the three branches of the federal government; protecting certain fundamental rights for citizens; providing for the election of federal officials; giving Congress the power to tax and regulate commerce; creating a system of laws and courts to enforce the Constitution; and creating a process for amending the Constitution.
tatsu-lab/alpaca,22654,"Train a classification model to classify emails as ""spam"" or ""not-spam"", using the given dataset.",csv dataset containing 200 emails.,"Input Dataset:

Email Content, Spam/Not-Spam

The cat sat on the mat, Not-Spam
Earning extra money is easy, Spam 
Make sure to check your emails, Not-Spam
...
Output Model:

Trained classification model, with accuracy score of at least 95%.","Train a classification model to classify emails as ""spam"" or ""not-spam"", using the given dataset.

Input:
csv dataset containing 200 emails.","Input Dataset:

Email Content, Spam/Not-Spam

The cat sat on the mat, Not-Spam
Earning extra money is easy, Spam 
Make sure to check your emails, Not-Spam
...
Output Model:

Trained classification model, with accuracy score of at least 95%."
tatsu-lab/alpaca,22872,Compose a question that would use a conversion rate.,,What is the conversion rate of US dollars to Euro?,Compose a question that would use a conversion rate.,What is the conversion rate of US dollars to Euro?
tatsu-lab/alpaca,22915,"For the following sentence, rewrite the sentence in an interrogative way.",John saw the movie last night.,Did John see the movie last night?,"For the following sentence, rewrite the sentence in an interrogative way.

Input:
John saw the movie last night.",Did John see the movie last night?
tatsu-lab/alpaca,23012,Turn the following text into active voice.,The decision was made by the president.,The president made the decision.,"Turn the following text into active voice.

Input:
The decision was made by the president.",The president made the decision.
tatsu-lab/alpaca,23178,Generate an outdoor activity for a summer day.,,"Go on a picnic in the park with friends or family and enjoy the sunshine, fresh air, and good company.",Generate an outdoor activity for a summer day.,"Go on a picnic in the park with friends or family and enjoy the sunshine, fresh air, and good company."
tatsu-lab/alpaca,23219,Paraphrase the following sentence using other words but keeping the same meaning.,He is an excellent student.,He is a superb scholar.,"Paraphrase the following sentence using other words but keeping the same meaning.

Input:
He is an excellent student.",He is a superb scholar.
tatsu-lab/alpaca,23283,What were some of the major advances in technology during the Industrial Revolution?,,"During the Industrial Revolution, some of the major advances in technology included the mechanization of factories, the introduction of the spinning jenny and powered weaving looms, the development of the steam engine and railroads, the invention of the telegraph and telephone, the emergence of mass production and assembly lines, and the rise of the chemical industry.",What were some of the major advances in technology during the Industrial Revolution?,"During the Industrial Revolution, some of the major advances in technology included the mechanization of factories, the introduction of the spinning jenny and powered weaving looms, the development of the steam engine and railroads, the invention of the telegraph and telephone, the emergence of mass production and assembly lines, and the rise of the chemical industry."
tatsu-lab/alpaca,23449,"Using the words in parentheses, create a sentence with a precise meaning.",,Many people are intrigued by the (possibilities) that artificial intelligence (unlocks).,"Using the words in parentheses, create a sentence with a precise meaning.",Many people are intrigued by the (possibilities) that artificial intelligence (unlocks).
tatsu-lab/alpaca,23526,Find the main concept expressed in the following sentence.,He acted in a way that went against all social norms.,Going against social norms.,"Find the main concept expressed in the following sentence.

Input:
He acted in a way that went against all social norms.",Going against social norms.
tatsu-lab/alpaca,23700,Create a chart showing the ratios of different planets to each other.,"The radius of Jupiter is 69,911 km, and the radius of Earth is 6,371 km.","Planet 	Radius (km)
Jupiter 	69,911
Earth 	    6,371
Ratio 	    10.97:1","Create a chart showing the ratios of different planets to each other.

Input:
The radius of Jupiter is 69,911 km, and the radius of Earth is 6,371 km.","Planet 	Radius (km)
Jupiter 	69,911
Earth 	    6,371
Ratio 	    10.97:1"
tatsu-lab/alpaca,23723,What is the most famous painting of Leonardo da Vinci?,,"The most famous painting of Leonardo da Vinci is the Mona Lisa, which is one of the most recognizable paintings in the world. It is an oil painting on a poplar wood panel and is a half-length portrait of a woman sitting. The painting is believed to be a portrait of Lisa Gherardini, who was the wife of a Florentine merchant.",What is the most famous painting of Leonardo da Vinci?,"The most famous painting of Leonardo da Vinci is the Mona Lisa, which is one of the most recognizable paintings in the world. It is an oil painting on a poplar wood panel and is a half-length portrait of a woman sitting. The painting is believed to be a portrait of Lisa Gherardini, who was the wife of a Florentine merchant."
tatsu-lab/alpaca,23788,Compute the sum of 9 and 5.,,14,Compute the sum of 9 and 5.,14
tatsu-lab/alpaca,23869,Create a rule for a basic game.,,"The goal of the game is to reach a certain point first. The player who reaches the end first wins. Each player moves their piece according to a set of rules. For example, a player can move up a certain number of spaces for each turn.",Create a rule for a basic game.,"The goal of the game is to reach a certain point first. The player who reaches the end first wins. Each player moves their piece according to a set of rules. For example, a player can move up a certain number of spaces for each turn."
tatsu-lab/alpaca,23897,Add an idiom or proverb to the sentence that encourages someone to quit a bad habit.,I need to stop procrastinating.,I need to stop procrastinating before it's too late - better to nip it in the bud.,"Add an idiom or proverb to the sentence that encourages someone to quit a bad habit.

Input:
I need to stop procrastinating.",I need to stop procrastinating before it's too late - better to nip it in the bud.
tatsu-lab/alpaca,23909,Name one important consequence of deforestation.,,One important consequence of deforestation is the loss of habitat and species diversity.,Name one important consequence of deforestation.,One important consequence of deforestation is the loss of habitat and species diversity.
tatsu-lab/alpaca,24196,Generate a strategy to increase sales,,"A strategy to increase sales could include offering discount codes and promotions, running targeted advertising campaigns to reach potential customers, establishing partnerships with complementary businesses, improving customer service to increase customer loyalty, introducing loyalty programs, and cross-selling products. Additionally, it may be beneficial to conduct market research to track customer preferences and update content accordingly.",Generate a strategy to increase sales,"A strategy to increase sales could include offering discount codes and promotions, running targeted advertising campaigns to reach potential customers, establishing partnerships with complementary businesses, improving customer service to increase customer loyalty, introducing loyalty programs, and cross-selling products. Additionally, it may be beneficial to conduct market research to track customer preferences and update content accordingly."
tatsu-lab/alpaca,24217,Identify the meaning of the following idioms and explain why it is used.,Nip it in the bud,The idiom 'nip it in the bud' means to take action to stop a problem or activity before it gets worse. It is derived from the horticultural practice of pruning a young plant or its flower buds to stop it growing any bigger. Taking this action at an early stage makes it easier to prevent further growth. This is why the phrase is used to mean taking action at the earliest opportunity in order to deal with a problem or prevent it from getting out of control.,"Identify the meaning of the following idioms and explain why it is used.

Input:
Nip it in the bud",The idiom 'nip it in the bud' means to take action to stop a problem or activity before it gets worse. It is derived from the horticultural practice of pruning a young plant or its flower buds to stop it growing any bigger. Taking this action at an early stage makes it easier to prevent further growth. This is why the phrase is used to mean taking action at the earliest opportunity in order to deal with a problem or prevent it from getting out of control.
tatsu-lab/alpaca,24260,Generate a sample data set which contains 5 movie titles,,"The sample data set contains the following 5 movie titles: The Godfather, Forrest Gump, The Dark Knight, Pulp Fiction, and The Shawshank Redemption.",Generate a sample data set which contains 5 movie titles,"The sample data set contains the following 5 movie titles: The Godfather, Forrest Gump, The Dark Knight, Pulp Fiction, and The Shawshank Redemption."
tatsu-lab/alpaca,24472,"Following the input, provide a practical example of Natural Language Processing (NLP).",Natural Language Processing,A practical example of Natural Language Processing (NLP) is the technology used by virtual assistants such as Siri and Alexa. Natural language processing allows these systems to recognize and interpret human language in real-time to provide responses to verbal queries.,"Following the input, provide a practical example of Natural Language Processing (NLP).

Input:
Natural Language Processing",A practical example of Natural Language Processing (NLP) is the technology used by virtual assistants such as Siri and Alexa. Natural language processing allows these systems to recognize and interpret human language in real-time to provide responses to verbal queries.
tatsu-lab/alpaca,24504,"In a sentence, describe how a company can measure customer satisfaction.",,"One way a company can measure customer satisfaction is by tracking customer feedback and reviews, both online and offline, and using that data to gauge customer satisfaction levels.","In a sentence, describe how a company can measure customer satisfaction.","One way a company can measure customer satisfaction is by tracking customer feedback and reviews, both online and offline, and using that data to gauge customer satisfaction levels."
tatsu-lab/alpaca,24807,"Given the input, explain how the design of the website integrates with the brand.","The website for the Cold Creek Cafe features muted green and brown colors, reflecting its rustic cabin-like aesthetic.","The design of the website for the Cold Creek Cafe integrates with its brand in several ways. Firstly, the website uses muted green and brown colors, which reflect the rustic cabin-like aesthetic that is part of the cafe's brand. Additionally, the website features naturalistic imagery that reinforces the cafe's rustic essence. Moreover, organic shapes and textures are used throughout the site, further connecting the design of the website to the cafe's brand.","Given the input, explain how the design of the website integrates with the brand.

Input:
The website for the Cold Creek Cafe features muted green and brown colors, reflecting its rustic cabin-like aesthetic.","The design of the website for the Cold Creek Cafe integrates with its brand in several ways. Firstly, the website uses muted green and brown colors, which reflect the rustic cabin-like aesthetic that is part of the cafe's brand. Additionally, the website features naturalistic imagery that reinforces the cafe's rustic essence. Moreover, organic shapes and textures are used throughout the site, further connecting the design of the website to the cafe's brand."
tatsu-lab/alpaca,24836,Construct a timeline showing significant events related to the creation of the United Nations.,,"1945: Formation of the United Nations 
1946: United Nations General Assembly held its first meeting 
1948: The Universal Declaration of Human Rights is adopted 
1960: The United Nations is awarded the Nobel Peace Prize 
1972: The United Nations Conference on the Human Environment is held 
1975: The United Nations Decade for Women is initiated 
1989: The Convention on the Rights of the Child is adopted",Construct a timeline showing significant events related to the creation of the United Nations.,"1945: Formation of the United Nations 
1946: United Nations General Assembly held its first meeting 
1948: The Universal Declaration of Human Rights is adopted 
1960: The United Nations is awarded the Nobel Peace Prize 
1972: The United Nations Conference on the Human Environment is held 
1975: The United Nations Decade for Women is initiated 
1989: The Convention on the Rights of the Child is adopted"
tatsu-lab/alpaca,24847,Change this sentence from singular to plural.,My friend has a car.,My friends have cars.,"Change this sentence from singular to plural.

Input:
My friend has a car.",My friends have cars.
tatsu-lab/alpaca,24867,Create a guide on how to write a blog post.,,"Guide to Writing a Blog Post 

Step 1: Choose a Topic - Consider the topics you are passionate about and decide which one to focus your blog post on.

Step 2: Create an Outline - Make an outline of the key points you want to discuss in the post.

Step 3: Write the Content - Start writing content for each section in the outline. Make sure to include all the key points and explain them clearly.

Step 4: Insert Visuals - Add relevant images, videos, or charts to make your blog post more interesting and engaging.

Step 5: Proofread - Check the post for spelling, grammar and formatting errors.

Step 6: Publish - Share your post online and get the word out there.",Create a guide on how to write a blog post.,"Guide to Writing a Blog Post 

Step 1: Choose a Topic - Consider the topics you are passionate about and decide which one to focus your blog post on.

Step 2: Create an Outline - Make an outline of the key points you want to discuss in the post.

Step 3: Write the Content - Start writing content for each section in the outline. Make sure to include all the key points and explain them clearly.

Step 4: Insert Visuals - Add relevant images, videos, or charts to make your blog post more interesting and engaging.

Step 5: Proofread - Check the post for spelling, grammar and formatting errors.

Step 6: Publish - Share your post online and get the word out there."
tatsu-lab/alpaca,24898,Compose a Haiku poem based on the following prompt: swimming.,,"The sun on my skin,
Water embracing my body,
The joy of swimming.",Compose a Haiku poem based on the following prompt: swimming.,"The sun on my skin,
Water embracing my body,
The joy of swimming."
tatsu-lab/alpaca,24911,Why do we need sleep?,,"We need sleep to allow our body and brain to rest and recover. During sleep, our body produces hormones that repair cells, build immunity and regulate metabolism. Sleep is also important in cementing memories and consolidating different areas of learning.",Why do we need sleep?,"We need sleep to allow our body and brain to rest and recover. During sleep, our body produces hormones that repair cells, build immunity and regulate metabolism. Sleep is also important in cementing memories and consolidating different areas of learning."
tatsu-lab/alpaca,25009,Make a comparison between two things.,Dogs and cats,"Dogs are typically more energetic than cats, while cats are more independent.","Make a comparison between two things.

Input:
Dogs and cats","Dogs are typically more energetic than cats, while cats are more independent."
tatsu-lab/alpaca,25070,Provide three possible solutions to reduce global warming,,"Three possible solutions to reduce global warming include: reducing our emissions of greenhouse gases such as carbon dioxide, switching to clean energy sources like wind and solar, and better managing forests and other ecosystems to reduce their impact. Additionally, developing more energy efficient technologies and investing in research and development of renewable energy sources can help slow the effects of global warming.",Provide three possible solutions to reduce global warming,"Three possible solutions to reduce global warming include: reducing our emissions of greenhouse gases such as carbon dioxide, switching to clean energy sources like wind and solar, and better managing forests and other ecosystems to reduce their impact. Additionally, developing more energy efficient technologies and investing in research and development of renewable energy sources can help slow the effects of global warming."
tatsu-lab/alpaca,25164,Update the given travel itinerary to reflect the new details.,"Day 1: Flight from London to New York at 12 pm
Day 2: Visit the National Museum of Natural History in Washington DC
Day 3: Flight from New York to San Francisco at 3 pm","Day 1: Flight from London to New York at 12 pm
Day 2: Take a bus from New York to Washington DC for a visit at the National Museum of Natural History 
Day 3: Flight from Washington DC to San Francisco at 3 pm","Update the given travel itinerary to reflect the new details.

Input:
Day 1: Flight from London to New York at 12 pm
Day 2: Visit the National Museum of Natural History in Washington DC
Day 3: Flight from New York to San Francisco at 3 pm","Day 1: Flight from London to New York at 12 pm
Day 2: Take a bus from New York to Washington DC for a visit at the National Museum of Natural History 
Day 3: Flight from Washington DC to San Francisco at 3 pm"
tatsu-lab/alpaca,25216,Give four examples of plant-based proteins.,,"- Beans
- Lentils 
- Nuts 
- Tofu",Give four examples of plant-based proteins.,"- Beans
- Lentils 
- Nuts 
- Tofu"
tatsu-lab/alpaca,25244,Find the verb and give me its past form.,I think I should have eaten.,eat -> ate.,"Find the verb and give me its past form.

Input:
I think I should have eaten.",eat -> ate.
tatsu-lab/alpaca,25586,"Convert the following sentence into a question ending in ""wh"":",The school is closed.,Why is the school closed?,"Convert the following sentence into a question ending in ""wh"":

Input:
The school is closed.",Why is the school closed?
tatsu-lab/alpaca,25928,Suggest two activities that can be done in a park.,,"Two activities that can be done in a park are walking and jogging, or setting up a picnic and playing frisbee.",Suggest two activities that can be done in a park.,"Two activities that can be done in a park are walking and jogging, or setting up a picnic and playing frisbee."
tatsu-lab/alpaca,25938,Create a new variable that contains the value of variable1 multiplied by variable2.,"variable1 = 5
variable2 = 10",new_variable = 50,"Create a new variable that contains the value of variable1 multiplied by variable2.

Input:
variable1 = 5
variable2 = 10",new_variable = 50
tatsu-lab/alpaca,26113,Create a list of activities that are related to sports.,,"Activities related to sports include: playing organized sports like football, baseball, basketball, hockey, and soccer; participating in individual and team competitions; attending sporting events; doing exercise; watching sports on TV; coaching a team; and playing sports-related video games.",Create a list of activities that are related to sports.,"Activities related to sports include: playing organized sports like football, baseball, basketball, hockey, and soccer; participating in individual and team competitions; attending sporting events; doing exercise; watching sports on TV; coaching a team; and playing sports-related video games."
tatsu-lab/alpaca,26148,Outline an argument for why online education should be encouraged.,,"One argument for why online education should be encouraged is that it is more accessible to those who may not have the opportunity to attend in-person classes. It can also be a more economical option, as students save money on travel expenses, room and board fees, and other related costs. Additionally, the flexibility of online education means that it is tailored to the individual needs and learning styles of the student. As a result, the student is able to dedicate their time and energy to completing their studies in their own way. Finally, with the advancement of technology, online education can be a more interactive experience, with students gaining access to virtual whiteboards, remote breakout groups, and other online services that can enhance the educational process.",Outline an argument for why online education should be encouraged.,"One argument for why online education should be encouraged is that it is more accessible to those who may not have the opportunity to attend in-person classes. It can also be a more economical option, as students save money on travel expenses, room and board fees, and other related costs. Additionally, the flexibility of online education means that it is tailored to the individual needs and learning styles of the student. As a result, the student is able to dedicate their time and energy to completing their studies in their own way. Finally, with the advancement of technology, online education can be a more interactive experience, with students gaining access to virtual whiteboards, remote breakout groups, and other online services that can enhance the educational process."
tatsu-lab/alpaca,26175,What is an object-oriented programming language?,,"An object-oriented programming language is a type of programming language that uses objects and classes to create software applications. In an object-oriented language, objects are used to represent data and classes are used to define the properties and behavior of the objects. Object-oriented programming helps to keep code organized and reusable, which can lead to more efficient and easier-to-maintain software.",What is an object-oriented programming language?,"An object-oriented programming language is a type of programming language that uses objects and classes to create software applications. In an object-oriented language, objects are used to represent data and classes are used to define the properties and behavior of the objects. Object-oriented programming helps to keep code organized and reusable, which can lead to more efficient and easier-to-maintain software."
tatsu-lab/alpaca,26191,How do you get rid of oil stains from YELLOW fabric?,,"You can try to remove oil stains from yellow fabric by pre-treating it with a detergent or detergent solution. Then, you should dab the stained area with some paper towels to blot up as much of the excess oil as you can. Next, cover the spot with a thin layer of baking soda, which will absorb the remaining oil. Once the baking soda has dried, use a vacuum cleaner to remove it. Finally, launder the garment according to the fabric's care instructions.",How do you get rid of oil stains from YELLOW fabric?,"You can try to remove oil stains from yellow fabric by pre-treating it with a detergent or detergent solution. Then, you should dab the stained area with some paper towels to blot up as much of the excess oil as you can. Next, cover the spot with a thin layer of baking soda, which will absorb the remaining oil. Once the baking soda has dried, use a vacuum cleaner to remove it. Finally, launder the garment according to the fabric's care instructions."
tatsu-lab/alpaca,26193,Edit the incorrect text.,She was delighted with surprising announcement.,She was delighted with the surprising announcement.,"Edit the incorrect text.

Input:
She was delighted with surprising announcement.",She was delighted with the surprising announcement.
tatsu-lab/alpaca,26282,Recommend an appropriate follow-up action.,We've received a customer complaint about a delivery delay.,The most appropriate follow-up action would be to contact the customer immediately and apologize for the delay. Offer a solution to rectify the issue and make sure that their experience is satisfactory.,"Recommend an appropriate follow-up action.

Input:
We've received a customer complaint about a delivery delay.",The most appropriate follow-up action would be to contact the customer immediately and apologize for the delay. Offer a solution to rectify the issue and make sure that their experience is satisfactory.
tatsu-lab/alpaca,26290,Differentiate between an imbroglio and a quagmire.,,"An imbroglio is a complicated and confusing situation, while a quagmire is a difficult predicament with no easy solution.",Differentiate between an imbroglio and a quagmire.,"An imbroglio is a complicated and confusing situation, while a quagmire is a difficult predicament with no easy solution."
tatsu-lab/alpaca,26371,"For the given use case, explain how AI can be used.",We want to reduce our customer support response time.,"AI can be used to automate customer support tasks such as responding to frequent queries and triaging incoming customer cases so that the most urgent cases are addressed first. AI can also be used to personalize customer support experiences by learning from customer support interactions, providing tailored responses and recommendations, and even automating certain types of conversations.","For the given use case, explain how AI can be used.

Input:
We want to reduce our customer support response time.","AI can be used to automate customer support tasks such as responding to frequent queries and triaging incoming customer cases so that the most urgent cases are addressed first. AI can also be used to personalize customer support experiences by learning from customer support interactions, providing tailored responses and recommendations, and even automating certain types of conversations."
tatsu-lab/alpaca,26386,What is the best way to store certain types of food?,Cheese,"Cheese should be stored in a cool, dry place, such as in the refrigerator. The cheese should be wrapped in wax paper or aluminum foil to preserve the flavor, and placed in an airtight container. It is best to consume the cheese within two weeks of storing it.","What is the best way to store certain types of food?

Input:
Cheese","Cheese should be stored in a cool, dry place, such as in the refrigerator. The cheese should be wrapped in wax paper or aluminum foil to preserve the flavor, and placed in an airtight container. It is best to consume the cheese within two weeks of storing it."
tatsu-lab/alpaca,26461,Identify an advantage of online learning.,,"One of the major advantages of online learning is the flexibility it provides. With online learning, students have the ability to study at their own pace and on their own time, allowing them to fit the learning into their own personal schedule. Additionally, online learning provides students with access to a wide variety of learning materials and resources that can help them gain a more comprehensive understanding of the topics they are studying.",Identify an advantage of online learning.,"One of the major advantages of online learning is the flexibility it provides. With online learning, students have the ability to study at their own pace and on their own time, allowing them to fit the learning into their own personal schedule. Additionally, online learning provides students with access to a wide variety of learning materials and resources that can help them gain a more comprehensive understanding of the topics they are studying."
tatsu-lab/alpaca,26612,What advice would you give for finding an internship?,,"My advice for finding an internship is to start by doing research and networking. Ask people in your field what opportunities may be available or what companies may be hiring. Look online for postings and apply to any that interest you. Utilize social media such as LinkedIn to search for relevant postings and connect with potential employers. Make sure to tailor your resumes and cover letters to each individual job that you apply to so that it highlights your relevant skills. Finally, stay organized. Keep a record of all the applications you have filled out and the dates for any upcoming interviews.",What advice would you give for finding an internship?,"My advice for finding an internship is to start by doing research and networking. Ask people in your field what opportunities may be available or what companies may be hiring. Look online for postings and apply to any that interest you. Utilize social media such as LinkedIn to search for relevant postings and connect with potential employers. Make sure to tailor your resumes and cover letters to each individual job that you apply to so that it highlights your relevant skills. Finally, stay organized. Keep a record of all the applications you have filled out and the dates for any upcoming interviews."
tatsu-lab/alpaca,26632,Construct a model of an atom,,"An atom is made up of a small, dense nucleus surrounded by electrons that are arranged in shells around the nucleus. The nucleus is made up of positively charged protons and neutral neutrons. The number of protons in an atom's nucleus determines what type of atom it is. Electrons orbit the nucleus in specific energy levels known as ""shells"" and are negatively charged. These shells are filled with electrons in a specific order and each shell can only hold a certain number of electrons.

The model of an atom consists of a sphere that represents the nucleus in the center of the atom, surrounded by rings that show where the shells are located. The protons and neutrons are represented by small spheres in the nucleus and the electrons are represented by small spheres that are placed at different distances from the nucleus, each representing a different shell.",Construct a model of an atom,"An atom is made up of a small, dense nucleus surrounded by electrons that are arranged in shells around the nucleus. The nucleus is made up of positively charged protons and neutral neutrons. The number of protons in an atom's nucleus determines what type of atom it is. Electrons orbit the nucleus in specific energy levels known as ""shells"" and are negatively charged. These shells are filled with electrons in a specific order and each shell can only hold a certain number of electrons.

The model of an atom consists of a sphere that represents the nucleus in the center of the atom, surrounded by rings that show where the shells are located. The protons and neutrons are represented by small spheres in the nucleus and the electrons are represented by small spheres that are placed at different distances from the nucleus, each representing a different shell."
tatsu-lab/alpaca,26634,"Design a movie poster for the film ""Cabin in the Woods""",,"The movie poster for the film ""Cabin in the Woods"" should feature a menacing cabin in the woods with dramatic lightning striking in the background. In the foreground of the poster should be the silhouettes of three people, representing the protagonists of the film, running away from the cabin in fear and terror. The poster should also feature the title of the movie in bold font and the tagline “Be careful what you wish for.”","Design a movie poster for the film ""Cabin in the Woods""","The movie poster for the film ""Cabin in the Woods"" should feature a menacing cabin in the woods with dramatic lightning striking in the background. In the foreground of the poster should be the silhouettes of three people, representing the protagonists of the film, running away from the cabin in fear and terror. The poster should also feature the title of the movie in bold font and the tagline “Be careful what you wish for.”"
tatsu-lab/alpaca,26677,Pretend you are a customer and write a review for this product.,The product is a laptop computer.,"I recently purchased a laptop computer from this company, and I am absolutely delighted with it. The computer is powerful, sleek, and elegant-- perfect for heavy-duty tasks as well as lighter work. The battery life is also excellent, and I've had no issues with hardware or software. I highly recommend this laptop to anyone looking for a great combination of power and style.","Pretend you are a customer and write a review for this product.

Input:
The product is a laptop computer.","I recently purchased a laptop computer from this company, and I am absolutely delighted with it. The computer is powerful, sleek, and elegant-- perfect for heavy-duty tasks as well as lighter work. The battery life is also excellent, and I've had no issues with hardware or software. I highly recommend this laptop to anyone looking for a great combination of power and style."
tatsu-lab/alpaca,26764,Write a short thriller story.,,"It was dark, the kind of darkness that incapacitates even the most experienced outdoorsman. But for Mike, it wasn’t just the darkness that was troublesome. He could hear something in the woods – something that sent shivers down his spine and made him paranoid of every step he took. He had been hunting in this forest for years, and yet he had never felt so scared and so alone. 

Suddenly he heard a twig snap to his left. His heart racing, Mike slowly began to back away in the direction of the car. Footsteps grew louder and closer, sending his body into a panic. He turned and ran, only to be stopped suddenly by a figure clad in black. The figure raised a gun pointed directly at Mike, and coldly said “you shouldn’t have come here.”",Write a short thriller story.,"It was dark, the kind of darkness that incapacitates even the most experienced outdoorsman. But for Mike, it wasn’t just the darkness that was troublesome. He could hear something in the woods – something that sent shivers down his spine and made him paranoid of every step he took. He had been hunting in this forest for years, and yet he had never felt so scared and so alone. 

Suddenly he heard a twig snap to his left. His heart racing, Mike slowly began to back away in the direction of the car. Footsteps grew louder and closer, sending his body into a panic. He turned and ran, only to be stopped suddenly by a figure clad in black. The figure raised a gun pointed directly at Mike, and coldly said “you shouldn’t have come here.”"
tatsu-lab/alpaca,26941,Use the input to create a haiku poem.,The sound of the cicadas,"Cicadas humming loud 
Summer sun fills the air around 
Stillness of the night","Use the input to create a haiku poem.

Input:
The sound of the cicadas","Cicadas humming loud 
Summer sun fills the air around 
Stillness of the night"
tatsu-lab/alpaca,26982,Give a meaningful example of how a company could use customer feedback data.,,"A company can use customer feedback data to gain insights on how to improve customer satisfaction. For example, customer feedback could be used to identify areas of improvement such as customer service, product features, or pricing. The company can use this data to create targeted strategies to address customer needs, improve the customer experience, and ultimately build customer loyalty.",Give a meaningful example of how a company could use customer feedback data.,"A company can use customer feedback data to gain insights on how to improve customer satisfaction. For example, customer feedback could be used to identify areas of improvement such as customer service, product features, or pricing. The company can use this data to create targeted strategies to address customer needs, improve the customer experience, and ultimately build customer loyalty."
tatsu-lab/alpaca,27020,"Generate a creative proverb using the keywords ""expectations"" and ""success"".",,High expectations bring greater success.,"Generate a creative proverb using the keywords ""expectations"" and ""success"".",High expectations bring greater success.
tatsu-lab/alpaca,27160,Compare and contrast two different approaches to machine learning.,,"Supervised learning and unsupervised learning are two main approaches to machine learning.  Supervised learning requires labeled data and consists of algorithms that can learn to make predictions from the existing data set. In contrast, unsupervised learning does not require labeled data and consists of algorithms that can find patterns and insights without human intervention.",Compare and contrast two different approaches to machine learning.,"Supervised learning and unsupervised learning are two main approaches to machine learning.  Supervised learning requires labeled data and consists of algorithms that can learn to make predictions from the existing data set. In contrast, unsupervised learning does not require labeled data and consists of algorithms that can find patterns and insights without human intervention."
tatsu-lab/alpaca,27474,List 3 advantages of cloud computing.,,"The advantages of cloud computing include increased scalability, improved efficiency and cost savings, and enhanced flexibility and speed. Scalability enables businesses to access more computing power without needing to purchase additional hardware. Efficient storage, data sharing, and processing leads to cost savings. Flexibility allows businesses to access their applications and data from any location, while speed allows for faster updating and deployment of applications and software.",List 3 advantages of cloud computing.,"The advantages of cloud computing include increased scalability, improved efficiency and cost savings, and enhanced flexibility and speed. Scalability enables businesses to access more computing power without needing to purchase additional hardware. Efficient storage, data sharing, and processing leads to cost savings. Flexibility allows businesses to access their applications and data from any location, while speed allows for faster updating and deployment of applications and software."
tatsu-lab/alpaca,27493,What does the phrase 'give-and-take' mean?,,"The phrase 'give-and-take' is used to describe an exchange between two people or groups, in which each side has equal power or influence, and each side gives up something in order to get something in return.",What does the phrase 'give-and-take' mean?,"The phrase 'give-and-take' is used to describe an exchange between two people or groups, in which each side has equal power or influence, and each side gives up something in order to get something in return."
tatsu-lab/alpaca,27554,Think of a creative name for a travel blog,,Jetsetting Journeys—Exploring the world one step at a time.,Think of a creative name for a travel blog,Jetsetting Journeys—Exploring the world one step at a time.
tatsu-lab/alpaca,27648,Find the assembly instructions for creating the given product,L-shaped computer desk,"The L-shaped computer desk requires basic assembly tools and instructions available online. Typically, the instructions will include an image of the components, a list of necessary tools, and detailed step-by-step assembly instructions.","Find the assembly instructions for creating the given product

Input:
L-shaped computer desk","The L-shaped computer desk requires basic assembly tools and instructions available online. Typically, the instructions will include an image of the components, a list of necessary tools, and detailed step-by-step assembly instructions."
tatsu-lab/alpaca,27651,List 5 common bacteria species.,,"Escherichia coli, Staphylococcus aureus, Salmonella enterica, Klebsiella pneumoniae, Pseudomonas aeruginosa.",List 5 common bacteria species.,"Escherichia coli, Staphylococcus aureus, Salmonella enterica, Klebsiella pneumoniae, Pseudomonas aeruginosa."
tatsu-lab/alpaca,27666,Is it possible to get a back-up for water tanks?,,"Yes, it is possible to get a back-up for water tanks. A sump pump can act as a back-up and can be used to pump out and replace the water in a tank if it becomes depleted.",Is it possible to get a back-up for water tanks?,"Yes, it is possible to get a back-up for water tanks. A sump pump can act as a back-up and can be used to pump out and replace the water in a tank if it becomes depleted."
tatsu-lab/alpaca,27696,Develop the following ideas into a short story.,A vampire cursed to never get satisfaction from drinking blood.,"Once upon a time, there was a vampire who was cursed so that no matter how much blood he drank, he would never feel satisfied. Try as he might, he could never feel the same satisfaction that his vampire brethren experienced when they fed. 

This vampire lived in a small village near the forest. After years of an existence that seemed futile, one day he ventured into the forest where he found a peculiar old man living by himself. The old man offered to help the vampire with his curse if he could repay it with a favor.

The vampire agreed to the deal, and the old man revealed that there was an ancient artifact hidden beneath the village that held the power to lift any curse. But in order to obtain it, the vampire must brave the many deadly traps that had been set to guard the artifact. 

The vampire accepted the challenge, and the old man gave him a magical amulet that would protect him from the traps. After several days and many near-fatal encounters with the traps, the vampire finally reached the hidden artifact. 

When he touched it, the curse was immediately lifted and he felt the satisfaction of a full stomach for the first time in hundreds of years. With a newfound sense of freedom, the vampire left the village, never to return.","Develop the following ideas into a short story.

Input:
A vampire cursed to never get satisfaction from drinking blood.","Once upon a time, there was a vampire who was cursed so that no matter how much blood he drank, he would never feel satisfied. Try as he might, he could never feel the same satisfaction that his vampire brethren experienced when they fed. 

This vampire lived in a small village near the forest. After years of an existence that seemed futile, one day he ventured into the forest where he found a peculiar old man living by himself. The old man offered to help the vampire with his curse if he could repay it with a favor.

The vampire agreed to the deal, and the old man revealed that there was an ancient artifact hidden beneath the village that held the power to lift any curse. But in order to obtain it, the vampire must brave the many deadly traps that had been set to guard the artifact. 

The vampire accepted the challenge, and the old man gave him a magical amulet that would protect him from the traps. After several days and many near-fatal encounters with the traps, the vampire finally reached the hidden artifact. 

When he touched it, the curse was immediately lifted and he felt the satisfaction of a full stomach for the first time in hundreds of years. With a newfound sense of freedom, the vampire left the village, never to return."
tatsu-lab/alpaca,27722,Insert appropriate compound words into the text.,He drove the car to the store and then went food shopping.,He drove the car to the store and then went food-shopping.,"Insert appropriate compound words into the text.

Input:
He drove the car to the store and then went food shopping.",He drove the car to the store and then went food-shopping.
tatsu-lab/alpaca,27730,Identify the capital city from the following passage.,The population of Zimbabwae is over 14 million.,The capital city of Zimbabwe is Harare.,"Identify the capital city from the following passage.

Input:
The population of Zimbabwae is over 14 million.",The capital city of Zimbabwe is Harare.
tatsu-lab/alpaca,27759,Create a list of five questions to ask the CEO in the upcoming meeting,Upcoming meeting with CEO,"1. What is the plan for the company’s growth in the upcoming year? 
2. What resources will be needed for us to realize our goals?
3. What strategies are you looking at implementing to maximize team effectiveness?
4. What considerations have been made for future investments? 
5. What strategies are being implemented for mergers and collaborations?","Create a list of five questions to ask the CEO in the upcoming meeting

Input:
Upcoming meeting with CEO","1. What is the plan for the company’s growth in the upcoming year? 
2. What resources will be needed for us to realize our goals?
3. What strategies are you looking at implementing to maximize team effectiveness?
4. What considerations have been made for future investments? 
5. What strategies are being implemented for mergers and collaborations?"
tatsu-lab/alpaca,27862,Pick one random activity that a person can do when they are feeling overwhelmed.,,One random activity that a person can do when they are feeling overwhelmed is to take a short walk and be mindful of their breath.,Pick one random activity that a person can do when they are feeling overwhelmed.,One random activity that a person can do when they are feeling overwhelmed is to take a short walk and be mindful of their breath.
tatsu-lab/alpaca,28028,Describe the reaction of a person receiving a surprise gift.,,"When receiving a surprise gift, a person's reaction is usually one of surprise, delight, and gratitude. They may smile, laugh, or even cry tears of joy. They may also express how touched and excited they are for the gesture. If it is an especially meaningful present, the receiver may take time to savor the moment, showing appreciation and gratitude for the thought and care put into the gift.",Describe the reaction of a person receiving a surprise gift.,"When receiving a surprise gift, a person's reaction is usually one of surprise, delight, and gratitude. They may smile, laugh, or even cry tears of joy. They may also express how touched and excited they are for the gesture. If it is an especially meaningful present, the receiver may take time to savor the moment, showing appreciation and gratitude for the thought and care put into the gift."
tatsu-lab/alpaca,28077,Describe the most used transportation device in Egypt,,"The most used transportation device in Egypt is the bus system. Buses are the primary form of public transportation in Egypt, with thousands of buses servicing cities, towns, and rural areas. Bus travel is inexpensive, efficient, and reliable. In recent years, Egypt has also begun to introduce metro systems in certain cities, though the bus remains the primary means of transportation for many Egyptians.",Describe the most used transportation device in Egypt,"The most used transportation device in Egypt is the bus system. Buses are the primary form of public transportation in Egypt, with thousands of buses servicing cities, towns, and rural areas. Bus travel is inexpensive, efficient, and reliable. In recent years, Egypt has also begun to introduce metro systems in certain cities, though the bus remains the primary means of transportation for many Egyptians."
tatsu-lab/alpaca,28166,Explain the difference between a perpetual and perpetual calendar,,"A perpetual calendar is a calendar with the same dates and days of the week in the same order every year. It includes leap years, which are years with an extra day to account for the extra day in the leap year. On the other hand, a non-perpetual calendar is a calendar that changes from year to year and is usually based on a specific system of months, number of days, etc. For example, the Gregorian calendar is non-perpetual as it has variable lengths for different months and does not, for example, have a leap year at all times.",Explain the difference between a perpetual and perpetual calendar,"A perpetual calendar is a calendar with the same dates and days of the week in the same order every year. It includes leap years, which are years with an extra day to account for the extra day in the leap year. On the other hand, a non-perpetual calendar is a calendar that changes from year to year and is usually based on a specific system of months, number of days, etc. For example, the Gregorian calendar is non-perpetual as it has variable lengths for different months and does not, for example, have a leap year at all times."
tatsu-lab/alpaca,28173,Design a quiz game about the given topic.,American football,"Quiz Game Rules: 

- The game is suitable for two players or more.
- Each player will be given a score.
- The first player to answer a question correctly will earn 5 points.
- Each succeeding player will earn 3 points for a correct answer.
- If a player answers incorrectly, they lose 2 points.
- The game ends when all questions have been answered.
- The player with the most points at the end is the winner.

Questions:
1. Which team won the most Super Bowls?
2. Who was the MVP of Super Bowl LI?
3. In what year did the NFL merger with the AFL?
4. Which defense holds the record for the most sacks in a season?
5. Which wide receiver has the most career touchdowns?","Design a quiz game about the given topic.

Input:
American football","Quiz Game Rules: 

- The game is suitable for two players or more.
- Each player will be given a score.
- The first player to answer a question correctly will earn 5 points.
- Each succeeding player will earn 3 points for a correct answer.
- If a player answers incorrectly, they lose 2 points.
- The game ends when all questions have been answered.
- The player with the most points at the end is the winner.

Questions:
1. Which team won the most Super Bowls?
2. Who was the MVP of Super Bowl LI?
3. In what year did the NFL merger with the AFL?
4. Which defense holds the record for the most sacks in a season?
5. Which wide receiver has the most career touchdowns?"
tatsu-lab/alpaca,28249,Name three species of animals that are found in the Sahara Desert.,,"- Wild dromedaries
- Barbary sheep
- Fennec foxes",Name three species of animals that are found in the Sahara Desert.,"- Wild dromedaries
- Barbary sheep
- Fennec foxes"
tatsu-lab/alpaca,28265,Select the word that has the same meaning as the bolded word.,"He is a staunch supporter of the cause.

(A) enthusiastic   (B) strident   (C) vehement   (D) noisy",C) vehement,"Select the word that has the same meaning as the bolded word.

Input:
He is a staunch supporter of the cause.

(A) enthusiastic   (B) strident   (C) vehement   (D) noisy",C) vehement
tatsu-lab/alpaca,28479,Generate a title for a social media post.,Content: Reflection on the current state of the environment,Reflecting on the Fragile State of our Planet.,"Generate a title for a social media post.

Input:
Content: Reflection on the current state of the environment",Reflecting on the Fragile State of our Planet.
tatsu-lab/alpaca,28492,Create a weather report in the current region.,,"Today in <region>, it is mostly sunny with a high of 78°F and a low of 57°F. Winds are light and variable throughout the day, with sunny skies expected to continue through tomorrow.",Create a weather report in the current region.,"Today in <region>, it is mostly sunny with a high of 78°F and a low of 57°F. Winds are light and variable throughout the day, with sunny skies expected to continue through tomorrow."
tatsu-lab/alpaca,28577,"Since there are several existing databases available online, what factors should be taken into account when selecting the right one?",,"When selecting a database, it is important to consider factors such as the size and scale of the database, its features and capabilities, the type of data stored, the cost of access, the speed of access, and the user interface. Additionally, the availability of technical support should also be taken into account, as well as the security and privacy measures implemented by the database. It is also important to examine the database’s data model and query structure, and whether it supports mobile access. Finally, one should also consider the potential for future growth and expansion.","Since there are several existing databases available online, what factors should be taken into account when selecting the right one?","When selecting a database, it is important to consider factors such as the size and scale of the database, its features and capabilities, the type of data stored, the cost of access, the speed of access, and the user interface. Additionally, the availability of technical support should also be taken into account, as well as the security and privacy measures implemented by the database. It is also important to examine the database’s data model and query structure, and whether it supports mobile access. Finally, one should also consider the potential for future growth and expansion."
tatsu-lab/alpaca,28599,What is the significance of the day May 5th?,,"May 5th is celebrated in many countries as a day of freedom and remembrance. In the United States, it is often referred to as National Military Appreciation Day, in honor of the men and women who have served in the armed forces. In the United Kingdom, it is celebrated as a day of remembrance for those who lost their lives in battle or who served in the armed forces. In Mexico and Canada it is marked as Cinco de Mayo, a day to celebrate Mexican heritage and pride.",What is the significance of the day May 5th?,"May 5th is celebrated in many countries as a day of freedom and remembrance. In the United States, it is often referred to as National Military Appreciation Day, in honor of the men and women who have served in the armed forces. In the United Kingdom, it is celebrated as a day of remembrance for those who lost their lives in battle or who served in the armed forces. In Mexico and Canada it is marked as Cinco de Mayo, a day to celebrate Mexican heritage and pride."
tatsu-lab/alpaca,28711,Construct an SQL query to retrieve the customer identification and first name of customers who are younger than 30.,,"SELECT CustomerID, FirstName FROM customers WHERE Age <30;",Construct an SQL query to retrieve the customer identification and first name of customers who are younger than 30.,"SELECT CustomerID, FirstName FROM customers WHERE Age <30;"
tatsu-lab/alpaca,28716,What is the most potent psychoactive chemical in marijuana?,,"The most potent psychoactive chemical in marijuana is tetrahydrocannabinol (THC). It is responsible for many of marijuana's effects, including a feeling of euphoria and relaxation. THC is produced in the resin glands of the marijuana plant and can be found in large concentrations in the bud and leaves.",What is the most potent psychoactive chemical in marijuana?,"The most potent psychoactive chemical in marijuana is tetrahydrocannabinol (THC). It is responsible for many of marijuana's effects, including a feeling of euphoria and relaxation. THC is produced in the resin glands of the marijuana plant and can be found in large concentrations in the bud and leaves."
tatsu-lab/alpaca,28952,"Explain the meaning of the expression ""to cross the Rubicon"".",,"The expression ""to cross the Rubicon"" is a metaphor which means to take a decisive and irreversible step. It was derived from Julius Caesar and his army who crossed the Rubicon River in 49 BC and took an action which couldn't be undone. It is used to describe an event or decision that is too significant or important to reverse.","Explain the meaning of the expression ""to cross the Rubicon"".","The expression ""to cross the Rubicon"" is a metaphor which means to take a decisive and irreversible step. It was derived from Julius Caesar and his army who crossed the Rubicon River in 49 BC and took an action which couldn't be undone. It is used to describe an event or decision that is too significant or important to reverse."
tatsu-lab/alpaca,28956,"Let's create a story! Start with ""Once upon a time"".",,"Once upon a time there was a small village near a dark forest. Every night the villagers were terrorized by a giant monster who emerged from the depths of the forest. One day, a brave young woman decided to take matters into her own hands and ventured into the forest to take care of the monster.","Let's create a story! Start with ""Once upon a time"".","Once upon a time there was a small village near a dark forest. Every night the villagers were terrorized by a giant monster who emerged from the depths of the forest. One day, a brave young woman decided to take matters into her own hands and ventured into the forest to take care of the monster."
tatsu-lab/alpaca,28977,Explain why the US has a two-party system.,,"The US has a two-party system due to the structure of the country’s electoral system and the United States Constitution. The Constitution established a system of checks and balances to ensure that the federal government cannot overreach its authority. This system is built around the idea of two major parties that are diametrically opposed, with each side offering a different point of view and philosophy on how to govern the country. By designing a government with two major parties, a political power balance is created which prevents either side from gaining too much influence or dominating the government.",Explain why the US has a two-party system.,"The US has a two-party system due to the structure of the country’s electoral system and the United States Constitution. The Constitution established a system of checks and balances to ensure that the federal government cannot overreach its authority. This system is built around the idea of two major parties that are diametrically opposed, with each side offering a different point of view and philosophy on how to govern the country. By designing a government with two major parties, a political power balance is created which prevents either side from gaining too much influence or dominating the government."
tatsu-lab/alpaca,29041,Multiply 874 by 114 and round the result to the nearest integer.,,99236,Multiply 874 by 114 and round the result to the nearest integer.,99236
tatsu-lab/alpaca,29400,Research and list 5 popular smartphone apps,,"Here are 5 popular smartphone apps: 
1. WhatsApp – a messaging app for Android and iOS. 
2. Instagram – a photo and video sharing platform for iOS and Android.
3. TikTok – a short-form video social media platform for iOS and Android. 
4. Google Maps – a mapping app for iOS and Android. 
5. YouTube – a video streaming platform for iOS and Android.",Research and list 5 popular smartphone apps,"Here are 5 popular smartphone apps: 
1. WhatsApp – a messaging app for Android and iOS. 
2. Instagram – a photo and video sharing platform for iOS and Android.
3. TikTok – a short-form video social media platform for iOS and Android. 
4. Google Maps – a mapping app for iOS and Android. 
5. YouTube – a video streaming platform for iOS and Android."
tatsu-lab/alpaca,29439,What is the average airline ticket price from Los Angeles to San Francisco?,,The average airline ticket price from Los Angeles to San Francisco is around $153.,What is the average airline ticket price from Los Angeles to San Francisco?,The average airline ticket price from Los Angeles to San Francisco is around $153.
tatsu-lab/alpaca,29588,Generate an opening sentence for a story about a 13 year old living in a mountain cabin.,,"It was the beginning of March when thirteen year old Alice and her family decided to move to a cabin in the mountains, making them among the few lucky ones to escape the city life.",Generate an opening sentence for a story about a 13 year old living in a mountain cabin.,"It was the beginning of March when thirteen year old Alice and her family decided to move to a cabin in the mountains, making them among the few lucky ones to escape the city life."
tatsu-lab/alpaca,29714,Generate a process for reducing water waste,,"A process for reducing water waste should start with an assessment of the current water use and identifying areas of potential waste. Next, strategies should be put in place to reduce water waste in areas such as personal hygiene, dishwashing, laundry, and more. For example: using low-flow shower heads, using water-conserving appliances and devices, using buckets to collect shower water for use in the garden, and reducing the frequency of car washes. Installing water-saving fixtures such as low-flow toilets can also help reduce water waste. Additionally, public outreach initiatives that share information and educate the public on water conservation can help to reduce water waste on a larger scale.",Generate a process for reducing water waste,"A process for reducing water waste should start with an assessment of the current water use and identifying areas of potential waste. Next, strategies should be put in place to reduce water waste in areas such as personal hygiene, dishwashing, laundry, and more. For example: using low-flow shower heads, using water-conserving appliances and devices, using buckets to collect shower water for use in the garden, and reducing the frequency of car washes. Installing water-saving fixtures such as low-flow toilets can also help reduce water waste. Additionally, public outreach initiatives that share information and educate the public on water conservation can help to reduce water waste on a larger scale."
tatsu-lab/alpaca,29735,Compare the given parts and identify the one with the highest performance.,NVIDIA GeForce RTX 2060 Super vs NVIDIA GeForce RTX 2070,"The NVIDIA GeForce RTX 2070 has higher performance than the NVIDIA GeForce RTX 2060 Super, with better performance in advanced rendering techniques and ray tracing.","Compare the given parts and identify the one with the highest performance.

Input:
NVIDIA GeForce RTX 2060 Super vs NVIDIA GeForce RTX 2070","The NVIDIA GeForce RTX 2070 has higher performance than the NVIDIA GeForce RTX 2060 Super, with better performance in advanced rendering techniques and ray tracing."
tatsu-lab/alpaca,29819,Generate a closing paragraph for the following argument.,"I believe that discrimination on the basis of gender, race, and sexuality still exists in our society. We have made a lot of progress, but there is still much to be done to ensure equal rights for everyone.","We have come a long way in terms of addressing inequalities, but more needs to be done. To truly build a better, more inclusive society, we must combat discrimination on all levels, and speak out when it occurs. We must continue to strive for true equality and ensure that everyone is respected and treated fairly, regardless of race, gender or sexuality. Without true equality, the progress we have made is meaningless. Let us work together to create a future, free from discrimination and inequality.             ","Generate a closing paragraph for the following argument.

Input:
I believe that discrimination on the basis of gender, race, and sexuality still exists in our society. We have made a lot of progress, but there is still much to be done to ensure equal rights for everyone.","We have come a long way in terms of addressing inequalities, but more needs to be done. To truly build a better, more inclusive society, we must combat discrimination on all levels, and speak out when it occurs. We must continue to strive for true equality and ensure that everyone is respected and treated fairly, regardless of race, gender or sexuality. Without true equality, the progress we have made is meaningless. Let us work together to create a future, free from discrimination and inequality.             "
tatsu-lab/alpaca,29846,Create a program that sorts a list of numbers by smallest to largest using the insertion sort algorithm.,"4, 2, 5, 1, 6","[1, 2, 4, 5, 6]","Create a program that sorts a list of numbers by smallest to largest using the insertion sort algorithm.

Input:
4, 2, 5, 1, 6","[1, 2, 4, 5, 6]"
tatsu-lab/alpaca,29914,Predict the outcome of a game of chess given the following board.,Image of a chess board,"Given the chess board shown, it is difficult to make an accurate prediction of the outcome of the game, as many pieces are still in their starting positions and there is limited information available. However, the White pieces appear to have a slightly stronger presence on the board, with more pieces in play and some pawns close to promotion. Therefore, it would seem that White is in a better position to win the game.","Predict the outcome of a game of chess given the following board.

Input:
Image of a chess board","Given the chess board shown, it is difficult to make an accurate prediction of the outcome of the game, as many pieces are still in their starting positions and there is limited information available. However, the White pieces appear to have a slightly stronger presence on the board, with more pieces in play and some pawns close to promotion. Therefore, it would seem that White is in a better position to win the game."
tatsu-lab/alpaca,29964,Analyze the impact of technology in the workplace.,,"The impact of technology in the workplace has been far-reaching and transformative. Technology has enabled businesses to operate more efficiently, with more sophisticated workflows, and to process more data quicker. It has allowed companies to automate many tedious and repetitive tasks, thereby freeing up personnel for higher-level thinking. Technology has also given rise to more flexible remote working practices, allowing for more collaboration across geographic boundaries and enabling a more diverse workforce.",Analyze the impact of technology in the workplace.,"The impact of technology in the workplace has been far-reaching and transformative. Technology has enabled businesses to operate more efficiently, with more sophisticated workflows, and to process more data quicker. It has allowed companies to automate many tedious and repetitive tasks, thereby freeing up personnel for higher-level thinking. Technology has also given rise to more flexible remote working practices, allowing for more collaboration across geographic boundaries and enabling a more diverse workforce."
tatsu-lab/alpaca,30034,Name a famous celebrity who is in the movie industry,,Tom Cruise,Name a famous celebrity who is in the movie industry,Tom Cruise
tatsu-lab/alpaca,30071,Which is the most popular programming language as of 2021?,,"According to the TIOBE Index, the most popular programming language as of 2021 is Java. Python and C also have high rankings, followed by C++, C#, JavaScript, Visual Basic .NET, and PHP.",Which is the most popular programming language as of 2021?,"According to the TIOBE Index, the most popular programming language as of 2021 is Java. Python and C also have high rankings, followed by C++, C#, JavaScript, Visual Basic .NET, and PHP."
tatsu-lab/alpaca,30108,Design a unique logo for a pet store using the provided name.,Pet Paradise,"A round logo featuring a stylized image of a dog and a cat playing in a colorful, flower-filled paradise with the words 'Pet Paradise' written in a playful font.","Design a unique logo for a pet store using the provided name.

Input:
Pet Paradise","A round logo featuring a stylized image of a dog and a cat playing in a colorful, flower-filled paradise with the words 'Pet Paradise' written in a playful font."
tatsu-lab/alpaca,30166,Generate a list of activities that you can do to boost your energy.,,"Activities that can boost energy include getting enough sleep, exercising regularly, eating healthy, drinking plenty of water, meditating, and refraining from sugary and fatty foods.",Generate a list of activities that you can do to boost your energy.,"Activities that can boost energy include getting enough sleep, exercising regularly, eating healthy, drinking plenty of water, meditating, and refraining from sugary and fatty foods."
tatsu-lab/alpaca,30294,"Fill in the blank.

The newspaper reported that the policy would have __ consequences.",,The newspaper reported that the policy would have far-reaching consequences.,"Fill in the blank.

The newspaper reported that the policy would have __ consequences.",The newspaper reported that the policy would have far-reaching consequences.
tatsu-lab/alpaca,30318,"Generate a rap verse that includes the keywords ""boom boom boom""",,"I'm makin' money moves, y'all better not snooze, 
Feel like a king when I roll in my coupe. 
I'm in the zone, and I'm here to stay, 
Gettin' fly checks, things can only get better today. 
Boom boom boom, gettin' down in the room, 
Spinnin' it like a DJ, I'm gettin' down like a king, 
Raisin' up the roof, flyness all around, 
Gettin' hype like the time of day I put my feet on the ground.","Generate a rap verse that includes the keywords ""boom boom boom""","I'm makin' money moves, y'all better not snooze, 
Feel like a king when I roll in my coupe. 
I'm in the zone, and I'm here to stay, 
Gettin' fly checks, things can only get better today. 
Boom boom boom, gettin' down in the room, 
Spinnin' it like a DJ, I'm gettin' down like a king, 
Raisin' up the roof, flyness all around, 
Gettin' hype like the time of day I put my feet on the ground."
tatsu-lab/alpaca,30444,Classify the following movies by genre.,"The Godfather, Forrest Gump","The Godfather is a drama movie, and Forrest Gump is a comedy-drama movie.","Classify the following movies by genre.

Input:
The Godfather, Forrest Gump","The Godfather is a drama movie, and Forrest Gump is a comedy-drama movie."
tatsu-lab/alpaca,30450,Create two social media posts that emphasize the features of the given product.,Portable Power Bank,"Post 1: 
Stay charged even when you're on the go with the Portable Power Bank! This device gives you reliable and convenient charging for your electronics, so you can stay connected all day!

Post 2: 
No need to worry about carrying around extra chargers — the Portable Power Bank is here to save the day! It's the perfect companion for any busy person with its lightweight, portable design and reliable charging capabilities. #StayCharged","Create two social media posts that emphasize the features of the given product.

Input:
Portable Power Bank","Post 1: 
Stay charged even when you're on the go with the Portable Power Bank! This device gives you reliable and convenient charging for your electronics, so you can stay connected all day!

Post 2: 
No need to worry about carrying around extra chargers — the Portable Power Bank is here to save the day! It's the perfect companion for any busy person with its lightweight, portable design and reliable charging capabilities. #StayCharged"
tatsu-lab/alpaca,30473,Take the following list and sort it in ascending order.,"[128, 2, 5, 9, 23]","[2, 5, 9, 23, 128]","Take the following list and sort it in ascending order.

Input:
[128, 2, 5, 9, 23]","[2, 5, 9, 23, 128]"
tatsu-lab/alpaca,30606,Generate a mnemonic for remembering this list of items.,"red, blue, green, yellow","A mnemonic for remembering the colors red, blue, green, and yellow is ""Roy G. Biv"".","Generate a mnemonic for remembering this list of items.

Input:
red, blue, green, yellow","A mnemonic for remembering the colors red, blue, green, and yellow is ""Roy G. Biv""."
tatsu-lab/alpaca,30674,Suggest a diet plan that is both healthy and affordable.,,"The diet plan should incorporate a balanced mix of proteins, fats, and carbohydrates, with an emphasis on fresh, whole foods. A healthy and affordable diet could include foods such as oatmeal, brown rice, vegetables, fruits, lentils, beans, nuts, and fish. There should be enough variety and portion sizes to accommodate a person's nutritional needs and budget.",Suggest a diet plan that is both healthy and affordable.,"The diet plan should incorporate a balanced mix of proteins, fats, and carbohydrates, with an emphasis on fresh, whole foods. A healthy and affordable diet could include foods such as oatmeal, brown rice, vegetables, fruits, lentils, beans, nuts, and fish. There should be enough variety and portion sizes to accommodate a person's nutritional needs and budget."
tatsu-lab/alpaca,30847,List five safari animals,,"Lions, Leopards, Elephants, Giraffes, Rhinos.",List five safari animals,"Lions, Leopards, Elephants, Giraffes, Rhinos."
tatsu-lab/alpaca,30976,This is an editing task. Identify the mistakes in the given sentence and edit it,She cutted the apples into small slices,She cut the apples into small slices.,"This is an editing task. Identify the mistakes in the given sentence and edit it

Input:
She cutted the apples into small slices",She cut the apples into small slices.
tatsu-lab/alpaca,30996,Find the associated cost of the product in the text.,The Apple iPad Pro has an 11-inch Liquid Retina is available for purchase for $799 and the 12.9-inch model isavailable for $999 and up.,"11-inch Apple iPad Pro: $799 
12.9-inch Apple iPad Pro: $999 and up.","Find the associated cost of the product in the text.

Input:
The Apple iPad Pro has an 11-inch Liquid Retina is available for purchase for $799 and the 12.9-inch model isavailable for $999 and up.","11-inch Apple iPad Pro: $799 
12.9-inch Apple iPad Pro: $999 and up."
tatsu-lab/alpaca,31010,Analyze the correlation between economic growth and unemployment.,,"The correlation between economic growth and unemployment is generally inversely proportional. When the economy is growing and there is an increase in demand for labor, the unemployment rate tends to decline. Conversely, when the economy is weak and demand for labor is low, the unemployment rate tends to rise.",Analyze the correlation between economic growth and unemployment.,"The correlation between economic growth and unemployment is generally inversely proportional. When the economy is growing and there is an increase in demand for labor, the unemployment rate tends to decline. Conversely, when the economy is weak and demand for labor is low, the unemployment rate tends to rise."
tatsu-lab/alpaca,31138,"Summarize the article titled ""How to Free Up Disk Space on Windows 10""",https://www.howtogeek.com/125923/7-ways-to-free-up-hard-disk-space-on-windows-10/,"This article provides 7 helpful ways to free up disk space on Windows 10. It explains how to use the Storage Sense feature and how to find and delete large files, how to disable hibernation, how to disable system restore, how to uninstall unused programs, how to compress your files, and how to use a disk cleanup tool. All of these methods can help you optimize your storage space and improve the performance of your computer.","Summarize the article titled ""How to Free Up Disk Space on Windows 10""

Input:
https://www.howtogeek.com/125923/7-ways-to-free-up-hard-disk-space-on-windows-10/","This article provides 7 helpful ways to free up disk space on Windows 10. It explains how to use the Storage Sense feature and how to find and delete large files, how to disable hibernation, how to disable system restore, how to uninstall unused programs, how to compress your files, and how to use a disk cleanup tool. All of these methods can help you optimize your storage space and improve the performance of your computer."
tatsu-lab/alpaca,31148,Create a word cloud consisting of the six most important words from the essay.,The essay is about the importance of technology in our modern lives.,"word cloud: technology, modern, lives, important, impact, innovation.","Create a word cloud consisting of the six most important words from the essay.

Input:
The essay is about the importance of technology in our modern lives.","word cloud: technology, modern, lives, important, impact, innovation."
tatsu-lab/alpaca,31246,Give three examples of terms related to quantum mechanics,,"Three examples of terms related to quantum mechanics are wave-particle duality, entanglement, and superposition.",Give three examples of terms related to quantum mechanics,"Three examples of terms related to quantum mechanics are wave-particle duality, entanglement, and superposition."
tatsu-lab/alpaca,31546,Which is a bigger number: 9 or 10?,,10 is the bigger number.,Which is a bigger number: 9 or 10?,10 is the bigger number.
tatsu-lab/alpaca,31812,Divide the given text into 3 equal parts.,"Social media has become an integral part of our lives, with more and more people using it to keep in touch, stay up to date, and connect with others.","Part 1: Social media has become an integral part of our lives, 
Part 2: with more and more people using it to keep in touch, 
Part 3: stay up to date, and connect with others.","Divide the given text into 3 equal parts.

Input:
Social media has become an integral part of our lives, with more and more people using it to keep in touch, stay up to date, and connect with others.","Part 1: Social media has become an integral part of our lives, 
Part 2: with more and more people using it to keep in touch, 
Part 3: stay up to date, and connect with others."
tatsu-lab/alpaca,31826,Create a rule for effective communication.,,"An effective communicator should always practice active listening, express themselves empathetically, and strive to be clear and concise in their communication.",Create a rule for effective communication.,"An effective communicator should always practice active listening, express themselves empathetically, and strive to be clear and concise in their communication."
tatsu-lab/alpaca,31849,Introduce yourself with a professional elevator pitch.,,"Hello! I'm John, a software engineer with 5 years of experience in developing web-based applications. I specialize in front-end development and UI/UX design, and I'm currently seeking a role where I can use my expertise to create meaningful products.",Introduce yourself with a professional elevator pitch.,"Hello! I'm John, a software engineer with 5 years of experience in developing web-based applications. I specialize in front-end development and UI/UX design, and I'm currently seeking a role where I can use my expertise to create meaningful products."
tatsu-lab/alpaca,31894,Compare and contrast prokaryotic and eukaryotic cells.,,"Prokaryotic cells are small and simple, with no nucleus or membrane-bound organelles. They also have a single circular chromosome and lack membrane-bound organelles. Eukaryotic cells are larger and more complex, with a nucleus and membrane-bound organelles. They also have multiple linear chromosomes and membrane-bound organelles. Prokaryotic cells reproduce by binary fission, while eukaryotic cells reproduce through the process of mitosis.",Compare and contrast prokaryotic and eukaryotic cells.,"Prokaryotic cells are small and simple, with no nucleus or membrane-bound organelles. They also have a single circular chromosome and lack membrane-bound organelles. Eukaryotic cells are larger and more complex, with a nucleus and membrane-bound organelles. They also have multiple linear chromosomes and membrane-bound organelles. Prokaryotic cells reproduce by binary fission, while eukaryotic cells reproduce through the process of mitosis."
tatsu-lab/alpaca,32016,Describe how one might go about creating a customer satisfaction survey.,,"To create a customer satisfaction survey, begin by identifying the goals of the survey. Then, decide on the format and structure of the survey, such as its length, the types of questions to be asked, and the channels through which it will be conducted. Finally, implement the survey and promptly respond to customer feedback.",Describe how one might go about creating a customer satisfaction survey.,"To create a customer satisfaction survey, begin by identifying the goals of the survey. Then, decide on the format and structure of the survey, such as its length, the types of questions to be asked, and the channels through which it will be conducted. Finally, implement the survey and promptly respond to customer feedback."
tatsu-lab/alpaca,32021,Explain the difference between a linear and a nonlinear equation.,,"A linear equation is a mathematical equation where all terms are linear, meaning that any terms that have a variable or exponent must have the same power or exponent. A nonlinear equation is an equation that is not linear and involves terms with variables and exponents that may have different power or exponents. In linear equations, the solution is always a single point, while in nonlinear equations, the solutions may be multiple points or a curve.",Explain the difference between a linear and a nonlinear equation.,"A linear equation is a mathematical equation where all terms are linear, meaning that any terms that have a variable or exponent must have the same power or exponent. A nonlinear equation is an equation that is not linear and involves terms with variables and exponents that may have different power or exponents. In linear equations, the solution is always a single point, while in nonlinear equations, the solutions may be multiple points or a curve."
tatsu-lab/alpaca,32343,Find and explain an example of a false assumption.,,"A false assumption is the idea that all people are motivated by money. This is not true, as some people are motivated by creating meaningful work or helping others. Other people may be motivated by creating something that lasts and makes a difference beyond just financial gain. People are motivated by different things, so assuming that everyone is only motivated by money is a false assumption.",Find and explain an example of a false assumption.,"A false assumption is the idea that all people are motivated by money. This is not true, as some people are motivated by creating meaningful work or helping others. Other people may be motivated by creating something that lasts and makes a difference beyond just financial gain. People are motivated by different things, so assuming that everyone is only motivated by money is a false assumption."
tatsu-lab/alpaca,32399,Analyze how the scientific method can be used to solve difficult problems.,,"The scientific method is a process of testing hypotheses and exploring solutions to an issue. It involves forming questions, conducting research, and constructing hypotheses that can be tested. Once hypotheses have been generated, they can be tested in a controlled environment, such as a laboratory setting, or in real-world scenarios. Data acquired from testing is used to refine and extend the initial hypotheses. The process is repeated as necessary until a satisfactory solution to the problem is reached. The scientific method can be used to solve difficult problems by applying its rigorous and systematic approach to gathering evidence and exploring data-driven solutions.",Analyze how the scientific method can be used to solve difficult problems.,"The scientific method is a process of testing hypotheses and exploring solutions to an issue. It involves forming questions, conducting research, and constructing hypotheses that can be tested. Once hypotheses have been generated, they can be tested in a controlled environment, such as a laboratory setting, or in real-world scenarios. Data acquired from testing is used to refine and extend the initial hypotheses. The process is repeated as necessary until a satisfactory solution to the problem is reached. The scientific method can be used to solve difficult problems by applying its rigorous and systematic approach to gathering evidence and exploring data-driven solutions."
tatsu-lab/alpaca,32717,Make a list of five precautions for travelling during the COVID-19 pandemic.,,"1. Wear a face mask in public.
2. Wash hands frequently with soap and water or use hand sanitizer.
3. Maintain 6 feet of distance from other people.
4. Avoid touching your eyes, nose, and mouth.
5. Avoid crowded places and large gatherings.",Make a list of five precautions for travelling during the COVID-19 pandemic.,"1. Wear a face mask in public.
2. Wash hands frequently with soap and water or use hand sanitizer.
3. Maintain 6 feet of distance from other people.
4. Avoid touching your eyes, nose, and mouth.
5. Avoid crowded places and large gatherings."
tatsu-lab/alpaca,32806,Identify which programming language the following code is written in.,"for(int i = 0; i < 10; i++)
{
  System.out.println(""Hello World!"");
}",Java,"Identify which programming language the following code is written in.

Input:
for(int i = 0; i < 10; i++)
{
  System.out.println(""Hello World!"");
}",Java
tatsu-lab/alpaca,32954,Make a list of popular phones released in 2019.,,"Popular phones released in 2019 include the Apple iPhone 11 Pro and 11 Pro Max, the Samsung Galaxy S10 and S10 Plus, the OnePlus 7T and 7T Pro, the Huawei P30 Pro, the Google Pixel 3 and 3 XL, the LG G8 ThinQ, and the Sony Xperia 1 and 5.",Make a list of popular phones released in 2019.,"Popular phones released in 2019 include the Apple iPhone 11 Pro and 11 Pro Max, the Samsung Galaxy S10 and S10 Plus, the OnePlus 7T and 7T Pro, the Huawei P30 Pro, the Google Pixel 3 and 3 XL, the LG G8 ThinQ, and the Sony Xperia 1 and 5."
tatsu-lab/alpaca,33118,Name five principles of sustainable development.,,"The five principles of sustainable development are: using resources effectively, living within our environmental limits, managing natural resources responsibly, making sure economic activities benefit society, and promoting equity and social justice.",Name five principles of sustainable development.,"The five principles of sustainable development are: using resources effectively, living within our environmental limits, managing natural resources responsibly, making sure economic activities benefit society, and promoting equity and social justice."
tatsu-lab/alpaca,33122,Which US state has the second smallest population?,,"The US state with the second smallest population is Wyoming with a population of 578,759.",Which US state has the second smallest population?,"The US state with the second smallest population is Wyoming with a population of 578,759."
tatsu-lab/alpaca,33153,Rewrite a sentence to take out its negative tone.,It is impossible to make money online.,Making money online can be a challenge.,"Rewrite a sentence to take out its negative tone.

Input:
It is impossible to make money online.",Making money online can be a challenge.
tatsu-lab/alpaca,33234,"Given a number, add 3 to it",5,8,"Given a number, add 3 to it

Input:
5",8
tatsu-lab/alpaca,33270,Evaluate the performance of a conversational AI assistant.,,"The performance of a conversational AI assistant can be evaluated in a variety of ways, such as by measuring its accuracy, speed, complexity, and language usage. Accuracy is an important measure, as it gauges how accurately the assistant can understand and answer its users' queries. Speed is also an important aspect, as people expect to receive quick responses. Complexity should be analyzed to ensure the assistant can understand complex requests and tasks. Moreover, language usage should also be evaluated, as people expect the assistant to use proper grammar and language.",Evaluate the performance of a conversational AI assistant.,"The performance of a conversational AI assistant can be evaluated in a variety of ways, such as by measuring its accuracy, speed, complexity, and language usage. Accuracy is an important measure, as it gauges how accurately the assistant can understand and answer its users' queries. Speed is also an important aspect, as people expect to receive quick responses. Complexity should be analyzed to ensure the assistant can understand complex requests and tasks. Moreover, language usage should also be evaluated, as people expect the assistant to use proper grammar and language."
tatsu-lab/alpaca,33271,Describe an example of ocean acidification.,,"Ocean acidification is a process in which the pH of the ocean decreases over time due to the uptake of carbon dioxide from the atmosphere. This CO2 is then turned into carbonic acid, which lowers the pH of the ocean and makes it more acidic. As a result of ocean acidification, coral reefs, which rely on a specific pH to survive, are harmed, leading to a decrease in their populations.",Describe an example of ocean acidification.,"Ocean acidification is a process in which the pH of the ocean decreases over time due to the uptake of carbon dioxide from the atmosphere. This CO2 is then turned into carbonic acid, which lowers the pH of the ocean and makes it more acidic. As a result of ocean acidification, coral reefs, which rely on a specific pH to survive, are harmed, leading to a decrease in their populations."
tatsu-lab/alpaca,33281,Generate names for the seasons that can be used in a fantasy world setting.,,"The seasons can be named:
Spring: Bloomingtide, Verdant Dawn 
Summer: Summerstar, Solstice Reign 
Autumn: Emberfall, Shadowdusk 
Winter: Frostwind, Icetide",Generate names for the seasons that can be used in a fantasy world setting.,"The seasons can be named:
Spring: Bloomingtide, Verdant Dawn 
Summer: Summerstar, Solstice Reign 
Autumn: Emberfall, Shadowdusk 
Winter: Frostwind, Icetide"
tatsu-lab/alpaca,33384,Create a signature line for the following email.,"Hi,

My name is John Smith and I'm a software developer.","Regards,
John Smith
Software Developer","Create a signature line for the following email.

Input:
Hi,

My name is John Smith and I'm a software developer.","Regards,
John Smith
Software Developer"
tatsu-lab/alpaca,33392,Explain why the Moon rotates.,,"The Moon rotates because it is tidally locked to the Earth, meaning one side of the Moon is always facing towards the Earth. This is due to the gravitational pull of the Earth on the Moon, which has slowed down its rotation over time. Since the time it takes the Moon to rotate is equal to the time it takes for the Moon to orbit the Earth, it has become tidally locked. This means that the same side of the Moon is always facing the Earth while the opposite side remains in darkness.",Explain why the Moon rotates.,"The Moon rotates because it is tidally locked to the Earth, meaning one side of the Moon is always facing towards the Earth. This is due to the gravitational pull of the Earth on the Moon, which has slowed down its rotation over time. Since the time it takes the Moon to rotate is equal to the time it takes for the Moon to orbit the Earth, it has become tidally locked. This means that the same side of the Moon is always facing the Earth while the opposite side remains in darkness."
tatsu-lab/alpaca,33500,"For the given sentence, rewrite it in a negative form.",She nodded her head.,She didn't shake her head.,"For the given sentence, rewrite it in a negative form.

Input:
She nodded her head.",She didn't shake her head.
tatsu-lab/alpaca,33516,Rank these books from most interesting to least interesting.,"Alice in Wonderland, Jane Eyre, The Lord of the Rings","The Lord of the Rings, Alice in Wonderland, Jane Eyre","Rank these books from most interesting to least interesting.

Input:
Alice in Wonderland, Jane Eyre, The Lord of the Rings","The Lord of the Rings, Alice in Wonderland, Jane Eyre"
tatsu-lab/alpaca,33695,Rewrite the following statement into a statement of possibility,She might go on a vacation,It is possible that she will go on a vacation.,"Rewrite the following statement into a statement of possibility

Input:
She might go on a vacation",It is possible that she will go on a vacation.
tatsu-lab/alpaca,33780,How would you explain the concept of Machine Learning to someone who knows nothing about it.,,"Machine learning is a type of artificial intelligence which allows systems to learn from data and improve their performance on tasks without being explicitly programmed. It involves building models of data to make predictions and decisions, based on previously observed data. By using algorithms to identify patterns in data, machine learning can automatically adjust its algorithms without human intervention. This enables the system to continually learn and improve its accuracy as more data is added.",How would you explain the concept of Machine Learning to someone who knows nothing about it.,"Machine learning is a type of artificial intelligence which allows systems to learn from data and improve their performance on tasks without being explicitly programmed. It involves building models of data to make predictions and decisions, based on previously observed data. By using algorithms to identify patterns in data, machine learning can automatically adjust its algorithms without human intervention. This enables the system to continually learn and improve its accuracy as more data is added."
tatsu-lab/alpaca,33919,Rearrange the following half-sentences to form a logical sentence.,The latest polls showed that  \  she will be re-elected,She will be re-elected according to the latest polls.,"Rearrange the following half-sentences to form a logical sentence.

Input:
The latest polls showed that  \  she will be re-elected",She will be re-elected according to the latest polls.
tatsu-lab/alpaca,33944,Write code to sort a list of integers in descending order.,"[7, 9, 5, 4, 6]","def descending_sort(list): 
    # using bubble sort 
    n = len(list) 
    for i in range(n): 
        for j in range(0, n-i-1): 
            if list[j] < list[j+1] : 
                list[j], list[j+1] = list[j+1], list[j] 

list = [7, 9, 5, 4, 6]
descending_sort(list) 
print(list)","Write code to sort a list of integers in descending order.

Input:
[7, 9, 5, 4, 6]","def descending_sort(list): 
    # using bubble sort 
    n = len(list) 
    for i in range(n): 
        for j in range(0, n-i-1): 
            if list[j] < list[j+1] : 
                list[j], list[j+1] = list[j+1], list[j] 

list = [7, 9, 5, 4, 6]
descending_sort(list) 
print(list)"
tatsu-lab/alpaca,34073,Write a set of instructions for logging into a website.,,"To log into a website, first open your web browser and navigate to the website's login page. Then, enter your username or email address into the first field and your password into the second field. Be sure to check that the login details you have entered are correct. Once you have entered the correct information, click the ""Log In"" button to access the website.",Write a set of instructions for logging into a website.,"To log into a website, first open your web browser and navigate to the website's login page. Then, enter your username or email address into the first field and your password into the second field. Be sure to check that the login details you have entered are correct. Once you have entered the correct information, click the ""Log In"" button to access the website."
tatsu-lab/alpaca,34261,Create a couplet about the joy of being together,,"The greatest joy in life is found in unity,
When we come together, nothing can beat its beauty.",Create a couplet about the joy of being together,"The greatest joy in life is found in unity,
When we come together, nothing can beat its beauty."
tatsu-lab/alpaca,34581,Assemble this cabinet following the instructions provided below.,![Cabinet](https://i.etsystatic.com/11764299/r/il/b9a7e5/1463799956/il_fullxfull.1463799956_sg1v.jpg),"Step 1: Assemble the side panels of the cabinet by sliding the slots of the panels together.
Step 2: Insert the top and bottom panels into the slots of the sides.
Step 3: Attach the back panel to the frame of the cabinet with screws or nails.
Step 4: Secure the front panel to the frame of the cabinet using screws or nails.
Step 5: Place the cabinet doors onto the hinges and attach them using screws.
Step 6: Place the shelves into the slots of the cabinet and secure them with screws.","Assemble this cabinet following the instructions provided below.

Input:
![Cabinet](https://i.etsystatic.com/11764299/r/il/b9a7e5/1463799956/il_fullxfull.1463799956_sg1v.jpg)","Step 1: Assemble the side panels of the cabinet by sliding the slots of the panels together.
Step 2: Insert the top and bottom panels into the slots of the sides.
Step 3: Attach the back panel to the frame of the cabinet with screws or nails.
Step 4: Secure the front panel to the frame of the cabinet using screws or nails.
Step 5: Place the cabinet doors onto the hinges and attach them using screws.
Step 6: Place the shelves into the slots of the cabinet and secure them with screws."
tatsu-lab/alpaca,34664,"Rearrange the following words to form a complete sentence
work, we, much, have, must",,We must have much work.,"Rearrange the following words to form a complete sentence
work, we, much, have, must",We must have much work.
tatsu-lab/alpaca,34676,Analyze the given sentence and explain the context in which the sentence could be applicable,"""The sky is the limit""","This statement implies that there is no upper limit or restriction to success or achievement. It means that no matter how far someone strives, they can continue to reach higher and higher goals. This phrase encourages people to think out of the box, be ambitious, and aim for the stars.","Analyze the given sentence and explain the context in which the sentence could be applicable

Input:
""The sky is the limit""","This statement implies that there is no upper limit or restriction to success or achievement. It means that no matter how far someone strives, they can continue to reach higher and higher goals. This phrase encourages people to think out of the box, be ambitious, and aim for the stars."
tatsu-lab/alpaca,34757,Identify three benefits of using a content management system (CMS).,,"1. CMSs are a cost effective way to manage high volumes of content on a website.
2. They provide users with flexibility and control to create, edit, and publish content without having to write code.
3. CMSs can be easily integrated with other applications to provide a user-friendly interface for viewing, sharing, and collaborating on content.",Identify three benefits of using a content management system (CMS).,"1. CMSs are a cost effective way to manage high volumes of content on a website.
2. They provide users with flexibility and control to create, edit, and publish content without having to write code.
3. CMSs can be easily integrated with other applications to provide a user-friendly interface for viewing, sharing, and collaborating on content."
tatsu-lab/alpaca,34807,Describe the nutrition information for a banana.,,"A banana is a nutrient-dense fruit, providing vitamins and minerals such as Vitamin C, Potassium, Magnesium, Copper, phosphorus, and manganese. It is also a good source of dietary fiber, containing approximately 3 grams per medium-sized banana. Along with the vitamins and minerals, a banana provides approximately 110 calories and contains 16.3 grams of total carbohydrates.",Describe the nutrition information for a banana.,"A banana is a nutrient-dense fruit, providing vitamins and minerals such as Vitamin C, Potassium, Magnesium, Copper, phosphorus, and manganese. It is also a good source of dietary fiber, containing approximately 3 grams per medium-sized banana. Along with the vitamins and minerals, a banana provides approximately 110 calories and contains 16.3 grams of total carbohydrates."
tatsu-lab/alpaca,34808,Analyze the following literary device and provide an example.,Simile,"A simile is a figure of speech that compares two things using the words ""like"" or ""as"". It is used to highlight similarities between two seemingly unrelated things in order to make a point or create a vivid image. For example, ""His voice was as smooth as butter"" or ""She was quiet as a mouse"".","Analyze the following literary device and provide an example.

Input:
Simile","A simile is a figure of speech that compares two things using the words ""like"" or ""as"". It is used to highlight similarities between two seemingly unrelated things in order to make a point or create a vivid image. For example, ""His voice was as smooth as butter"" or ""She was quiet as a mouse""."
tatsu-lab/alpaca,34911,Is the following sentence structured correctly?,We went for a walk in the park and played hide and seek.,Yes,"Is the following sentence structured correctly?

Input:
We went for a walk in the park and played hide and seek.",Yes
tatsu-lab/alpaca,35005,Explain what an embedding layer is and its purpose in Machine Learning.,,"An embedding layer is a type of layer in a neural network that maps input data into a lower dimensional vector representation. It is typically used to map categorical variables or text into numerical vector representations, which allow the network to learn underlying relationships between the inputs and outputs. This can be useful for tasks such as sentiment analysis, sequence labeling, and text classification, as it helps the network to identify relationships between the inputs and outputs and improve the model’s accuracy.",Explain what an embedding layer is and its purpose in Machine Learning.,"An embedding layer is a type of layer in a neural network that maps input data into a lower dimensional vector representation. It is typically used to map categorical variables or text into numerical vector representations, which allow the network to learn underlying relationships between the inputs and outputs. This can be useful for tasks such as sentiment analysis, sequence labeling, and text classification, as it helps the network to identify relationships between the inputs and outputs and improve the model’s accuracy."
tatsu-lab/alpaca,35141,Come up with three potential strategies to reduce global warming.,,"1. Replacing fossil fuels with clean, renewable energy sources such as solar, wind and hydro power. 
2. Implementing energy efficient policies - such as green building standards and standards for vehicles, appliances and electronics. 
3. Increasing the use of carbon capture and sequestration technologies, as well as forestry and farming techniques that capture carbon dioxide.",Come up with three potential strategies to reduce global warming.,"1. Replacing fossil fuels with clean, renewable energy sources such as solar, wind and hydro power. 
2. Implementing energy efficient policies - such as green building standards and standards for vehicles, appliances and electronics. 
3. Increasing the use of carbon capture and sequestration technologies, as well as forestry and farming techniques that capture carbon dioxide."
tatsu-lab/alpaca,35142,Describe a potential risk of using artificial intelligence.,,"One potential risk of using artificial intelligence is that it could be used to automate decisions and processes in such a way that unintended bias or errors could be embedded. AI algorithms are designed by people and can reflect the implicit and explicit effects of individual and societal biases which could lead to discrimination and unfair outcomes, especially when used to make decisions without proper oversight or regulation. As machine learning algorithms are further used in decision-making and predictive analytics, it is important to ensure that the data used, and the outcomes generated, are free from bias so as to ensure fair and just outcomes.",Describe a potential risk of using artificial intelligence.,"One potential risk of using artificial intelligence is that it could be used to automate decisions and processes in such a way that unintended bias or errors could be embedded. AI algorithms are designed by people and can reflect the implicit and explicit effects of individual and societal biases which could lead to discrimination and unfair outcomes, especially when used to make decisions without proper oversight or regulation. As machine learning algorithms are further used in decision-making and predictive analytics, it is important to ensure that the data used, and the outcomes generated, are free from bias so as to ensure fair and just outcomes."
tatsu-lab/alpaca,35146,Think of a creative way to transport a car from Denver to Texas.,,"A creative way to transport a car from Denver to Texas would be to attach a large hot air balloon to the car. The car would be loaded onto a flatbed trailer and the balloon would be attached to the top of the trailer. The balloon would then be inflated and the trailer would be towed to Texas. The hot air balloon would provide a lift to the trailer, taking some of the load off the ground, and allowing the journey to be completed more quickly.",Think of a creative way to transport a car from Denver to Texas.,"A creative way to transport a car from Denver to Texas would be to attach a large hot air balloon to the car. The car would be loaded onto a flatbed trailer and the balloon would be attached to the top of the trailer. The balloon would then be inflated and the trailer would be towed to Texas. The hot air balloon would provide a lift to the trailer, taking some of the load off the ground, and allowing the journey to be completed more quickly."
tatsu-lab/alpaca,35190,Create a character description for a protagonist named Peter,,"Peter is an average-looking man in his mid-twenties. He is of average height and reasonably athletic build. He has brown hair, and bright green eyes that give him a spirited and captivating look. He has a laidback, positive outlook on life, but he can also be serious when the situation calls for it. He is always looking for new opportunities, and he isn't afraid to take risks in pursuit of his goals.",Create a character description for a protagonist named Peter,"Peter is an average-looking man in his mid-twenties. He is of average height and reasonably athletic build. He has brown hair, and bright green eyes that give him a spirited and captivating look. He has a laidback, positive outlook on life, but he can also be serious when the situation calls for it. He is always looking for new opportunities, and he isn't afraid to take risks in pursuit of his goals."
tatsu-lab/alpaca,35234,Compose a short sentence that is grammatically correct and contains alliteration.,,Pleasant penguins perched precariously on the peak.,Compose a short sentence that is grammatically correct and contains alliteration.,Pleasant penguins perched precariously on the peak.
tatsu-lab/alpaca,35287,Generate a list of 5 adjectives that describe the taste of a cup of coffee,,"1. Bitter
2. Aromatic
3. Nutty
4. Rich
5. Robust",Generate a list of 5 adjectives that describe the taste of a cup of coffee,"1. Bitter
2. Aromatic
3. Nutty
4. Rich
5. Robust"
tatsu-lab/alpaca,35322,Compose a story about a child who heads out on a journey.,,"Once upon a time, there was a young child who was eager to go on an adventure. So, one day, the child gathered their courage and set off on a journey. The child had no idea where they were headed, but they were determined to find out. Along the way, they encountered all sorts of creatures, some helpful and some mysterious. The child eventually stumbled on a mysterious cave and entered it, determined to explore its secrets. What happened next was a surprise to the young adventurer, and they would never be the same again.",Compose a story about a child who heads out on a journey.,"Once upon a time, there was a young child who was eager to go on an adventure. So, one day, the child gathered their courage and set off on a journey. The child had no idea where they were headed, but they were determined to find out. Along the way, they encountered all sorts of creatures, some helpful and some mysterious. The child eventually stumbled on a mysterious cave and entered it, determined to explore its secrets. What happened next was a surprise to the young adventurer, and they would never be the same again."
tatsu-lab/alpaca,35339,Generate an example sentence using the present perfect continuous tense.,,I have been studying English for two years.,Generate an example sentence using the present perfect continuous tense.,I have been studying English for two years.
tatsu-lab/alpaca,35343,Generate a list of three qualities that make a successful academic.,,"A successful academic has a strong work ethic, excellent problem-solving skills, and an aptitude for research and learning.",Generate a list of three qualities that make a successful academic.,"A successful academic has a strong work ethic, excellent problem-solving skills, and an aptitude for research and learning."
tatsu-lab/alpaca,35348,Find the odd one out in the given group.,"Dog, Cat, Lizard","The odd one out is Lizard, as it is not a common house pet like Dog and Cat.","Find the odd one out in the given group.

Input:
Dog, Cat, Lizard","The odd one out is Lizard, as it is not a common house pet like Dog and Cat."
tatsu-lab/alpaca,35427,Name five flaws of a given character,Cinderella,"- She is too trusting of others.
- She is overly reliant on others.
- She lets her emotions control her actions.
- She is easily manipulated by her step-family.
- She expects others to fix her problems without taking initiative.","Name five flaws of a given character

Input:
Cinderella","- She is too trusting of others.
- She is overly reliant on others.
- She lets her emotions control her actions.
- She is easily manipulated by her step-family.
- She expects others to fix her problems without taking initiative."
tatsu-lab/alpaca,35533,Make a funny analogy comparing two unrelated things.,,"Using the internet is like trying to drink from a fire hose. You can get plenty of information very quickly, but it can be overwhelming and you can get overwhelmed easily.",Make a funny analogy comparing two unrelated things.,"Using the internet is like trying to drink from a fire hose. You can get plenty of information very quickly, but it can be overwhelming and you can get overwhelmed easily."
tatsu-lab/alpaca,35600,"Rewrite the following proverb as a question: ""A penny saved is a penny earned.""",,Is a penny saved the same as a penny earned?,"Rewrite the following proverb as a question: ""A penny saved is a penny earned.""",Is a penny saved the same as a penny earned?
tatsu-lab/alpaca,35713,Define 'artificial neural network'.,,"An artificial neural network (ANN) is a type of computing system inspired by biological neural networks. It is composed of layers of interconnected nodes, which together process and transmit information. ANNs can be used for a variety of tasks, including pattern recognition and the approximation of complex processes.",Define 'artificial neural network'.,"An artificial neural network (ANN) is a type of computing system inspired by biological neural networks. It is composed of layers of interconnected nodes, which together process and transmit information. ANNs can be used for a variety of tasks, including pattern recognition and the approximation of complex processes."
tatsu-lab/alpaca,35741,Write a 5-sentence story about a dog who wants a special treat.,,"One day, a little dog named Max was feeling a bit peckish. He asked his owner for a special treat and couldn't believe his luck when presented with a bag of delicious, freshly-made treats. Max danced around with joy and greedily gobbled them all up before his friends could get a taste. After the treat, Max was so full that he happily fell asleep under his owner's desk. He dreamed of running through the park, enjoying all the special treats that he could find!",Write a 5-sentence story about a dog who wants a special treat.,"One day, a little dog named Max was feeling a bit peckish. He asked his owner for a special treat and couldn't believe his luck when presented with a bag of delicious, freshly-made treats. Max danced around with joy and greedily gobbled them all up before his friends could get a taste. After the treat, Max was so full that he happily fell asleep under his owner's desk. He dreamed of running through the park, enjoying all the special treats that he could find!"
tatsu-lab/alpaca,35755,Name five famous landmarks in Paris.,,"The five famous landmarks in Paris are the Eiffel Tower, The Louvre, Notre-Dame de Paris, Arc de Triomphe, and the Basilica of the Sacred Heart of Jesus.",Name five famous landmarks in Paris.,"The five famous landmarks in Paris are the Eiffel Tower, The Louvre, Notre-Dame de Paris, Arc de Triomphe, and the Basilica of the Sacred Heart of Jesus."
tatsu-lab/alpaca,35909,Describe the significance of the number 8 in Chinese culture,,"In Chinese culture, the number 8 is seen as a very lucky number due to its pronunciation similar to the word for ""prosper"" or ""wealth"". As a result, it is often seen as a symbol of good fortune and is highly sought after for phone numbers, home addresses, and even lottery numbers.",Describe the significance of the number 8 in Chinese culture,"In Chinese culture, the number 8 is seen as a very lucky number due to its pronunciation similar to the word for ""prosper"" or ""wealth"". As a result, it is often seen as a symbol of good fortune and is highly sought after for phone numbers, home addresses, and even lottery numbers."
tatsu-lab/alpaca,36031,Find the word in the sentence which does not belong,"The lion, rabbit, bird and mouse",Mouse,"Find the word in the sentence which does not belong

Input:
The lion, rabbit, bird and mouse",Mouse
tatsu-lab/alpaca,36066,Rewrite the following sentences such that the order of words is reversed.,He stopped walking and watched the sunset,Watched the sunset and stopped he walking.,"Rewrite the following sentences such that the order of words is reversed.

Input:
He stopped walking and watched the sunset",Watched the sunset and stopped he walking.
tatsu-lab/alpaca,36154,Write a fictional narrative about a space journey,,"It was an exciting moment for Captain Charles, as he leaned out of the window of his spaceship. He had set out on a mission to explore the outer reaches of space, and he was now nearing his destination. As he looked out into the vast emptiness of space, he was overwhelmed with a sense of awe and wonder. He knew that he was the first one to venture so far into the void, and he couldn't help but feel a sense of pride. He felt a great responsibility on his shoulders, to bring back knowledge and evidence of new planets and civilizations. 

He couldn't contain his excitement as he neared a mysterious planet. As he made his orbit around it, he saw the barren surface littered with strange alien artifacts. He slowly descended and was about to dock when he was startled by a strange sound emanating from the planet's surface. Tentatively, he approached the source of the noise and saw a strange alien creature. It seemed to nod in greeting and Charles felt a deep connection. He had found a living being from a distant part of the universe! 

Captain Charles was filled with a newfound sense of purpose as he made contact with the alien creature and exchanged stories. They discussed the present and the future, and Charles learnt many new ideas that he thought could benefit humanity. After they exchanged farewells, Charles returned back to his home planet with newfound knowledge and a bag full of evidence of alien life forms and civilizations.",Write a fictional narrative about a space journey,"It was an exciting moment for Captain Charles, as he leaned out of the window of his spaceship. He had set out on a mission to explore the outer reaches of space, and he was now nearing his destination. As he looked out into the vast emptiness of space, he was overwhelmed with a sense of awe and wonder. He knew that he was the first one to venture so far into the void, and he couldn't help but feel a sense of pride. He felt a great responsibility on his shoulders, to bring back knowledge and evidence of new planets and civilizations. 

He couldn't contain his excitement as he neared a mysterious planet. As he made his orbit around it, he saw the barren surface littered with strange alien artifacts. He slowly descended and was about to dock when he was startled by a strange sound emanating from the planet's surface. Tentatively, he approached the source of the noise and saw a strange alien creature. It seemed to nod in greeting and Charles felt a deep connection. He had found a living being from a distant part of the universe! 

Captain Charles was filled with a newfound sense of purpose as he made contact with the alien creature and exchanged stories. They discussed the present and the future, and Charles learnt many new ideas that he thought could benefit humanity. After they exchanged farewells, Charles returned back to his home planet with newfound knowledge and a bag full of evidence of alien life forms and civilizations."
tatsu-lab/alpaca,36178,Pick the correct Spanish translation of “Hello”.,,Hola,Pick the correct Spanish translation of “Hello”.,Hola
tatsu-lab/alpaca,36210,Design a LinkedIn profile for a college freshman,,"I am a college freshman studying Business Administration at ABC University and am passionate about the corporate world and its ever-expanding opportunities. My goal is to gain practical experience by interning with a reputable firm and learning the ropes of running an organization. I am an avid learner looking for ways to expand my knowledge of the industry through professional conversations, attending seminars and conferences, and reading industry news. As for my background, I have a good amount of knowledge about marketing, economics and accounting, and have achieved outstanding grades in these courses.

I am very active on social media and have an extensive online network. I am adept at using various software applications including MS Office and have exceptional technical skills. I am a natural leader who is always looking to take on new challenges and push myself to excel in the corporate world.",Design a LinkedIn profile for a college freshman,"I am a college freshman studying Business Administration at ABC University and am passionate about the corporate world and its ever-expanding opportunities. My goal is to gain practical experience by interning with a reputable firm and learning the ropes of running an organization. I am an avid learner looking for ways to expand my knowledge of the industry through professional conversations, attending seminars and conferences, and reading industry news. As for my background, I have a good amount of knowledge about marketing, economics and accounting, and have achieved outstanding grades in these courses.

I am very active on social media and have an extensive online network. I am adept at using various software applications including MS Office and have exceptional technical skills. I am a natural leader who is always looking to take on new challenges and push myself to excel in the corporate world."
tatsu-lab/alpaca,36256,Connect the words in the sentence with a hyphen,The dog ran through the field,The-dog-ran-through-the-field.,"Connect the words in the sentence with a hyphen

Input:
The dog ran through the field",The-dog-ran-through-the-field.
tatsu-lab/alpaca,36301,What is the best way to maximize results when using a GPT model?,,"The best way to maximize results when using a GPT model is by providing clear and concise instructions, providing large and diverse datasets to train the model, and fine-tuning the model on data that is similar to the task at hand. Additionally, numerous small improvements such as temperature setting, length and diversity of text, and other refinements can help to maximize results.",What is the best way to maximize results when using a GPT model?,"The best way to maximize results when using a GPT model is by providing clear and concise instructions, providing large and diverse datasets to train the model, and fine-tuning the model on data that is similar to the task at hand. Additionally, numerous small improvements such as temperature setting, length and diversity of text, and other refinements can help to maximize results."
tatsu-lab/alpaca,36333,"Summarize the article, “10 Ways AI is Changing Businesses.”",,"This article discusses how AI is transforming businesses today by streamlining tasks, automating processes, and improving customer experiences. AI is making tasks easier and saving businesses time and money by eliminating human error and reducing labor costs. AI can also be used to optimize customer service, better target marketing to customers, and gain competitive advantages over their peers. AI is also being used by a variety of industries, from healthcare to retail and more, in order to expand their capabilities. The article concludes that AI is becoming increasingly essential for businesses to stay competitive in the modern day.","Summarize the article, “10 Ways AI is Changing Businesses.”","This article discusses how AI is transforming businesses today by streamlining tasks, automating processes, and improving customer experiences. AI is making tasks easier and saving businesses time and money by eliminating human error and reducing labor costs. AI can also be used to optimize customer service, better target marketing to customers, and gain competitive advantages over their peers. AI is also being used by a variety of industries, from healthcare to retail and more, in order to expand their capabilities. The article concludes that AI is becoming increasingly essential for businesses to stay competitive in the modern day."
tatsu-lab/alpaca,36346,Write an article about the relationship between mental health and eating habits,,"Mental health and eating habits are deeply interconnected. Research has shown that poor mental health can lead to unhealthy eating habits, such as overeating or not eating enough, as well as an increased risk for eating disorders. Conversely, healthy eating habits can improve mental health, helping with mental clarity, emotional regulation, and improved mood. 

When it comes to mental health, what you eat matters. Eating a balanced diet can provide essential nutrients that not only keep you physically healthy but also help support mental health. Eating a diet high in whole grains, fruits, vegetables, and healthy fats can boost energy and mood while also aiding in weight management. Conversely, a diet high in junk food, processed snacks, and sugar can lead to more fatigue and brain fog, and can even lead to unhealthy weight changes.

Take the time to eat mindfully. Eating slowly and without distractions can help you stay aware of your hunger and fullness levels, making it easier to avoid overeating or skipping meals. Make time for meals, even if it’s just a quick snack. Not eating enough can deplete energy levels, lead to mood changes, and increase stress levels.

Overall, it is important to take care of your mental health by following a nutritious diet and making time for mindful meals. Eating to support your mental health will not only ease feelings of stress and anxiety, but can also provide better focus and clarity throughout the day.",Write an article about the relationship between mental health and eating habits,"Mental health and eating habits are deeply interconnected. Research has shown that poor mental health can lead to unhealthy eating habits, such as overeating or not eating enough, as well as an increased risk for eating disorders. Conversely, healthy eating habits can improve mental health, helping with mental clarity, emotional regulation, and improved mood. 

When it comes to mental health, what you eat matters. Eating a balanced diet can provide essential nutrients that not only keep you physically healthy but also help support mental health. Eating a diet high in whole grains, fruits, vegetables, and healthy fats can boost energy and mood while also aiding in weight management. Conversely, a diet high in junk food, processed snacks, and sugar can lead to more fatigue and brain fog, and can even lead to unhealthy weight changes.

Take the time to eat mindfully. Eating slowly and without distractions can help you stay aware of your hunger and fullness levels, making it easier to avoid overeating or skipping meals. Make time for meals, even if it’s just a quick snack. Not eating enough can deplete energy levels, lead to mood changes, and increase stress levels.

Overall, it is important to take care of your mental health by following a nutritious diet and making time for mindful meals. Eating to support your mental health will not only ease feelings of stress and anxiety, but can also provide better focus and clarity throughout the day."
tatsu-lab/alpaca,36422,Compare the cost of two online services.,Netflix vs Hulu,"Netflix offers a variety of plans ranging from $8.99 to $15.99 per month, while Hulu's plans range from $5.99 to $11.99 per month. Netflix offers more HD streaming options and a larger library, but Hulu offers certain live TV features and a free trial.","Compare the cost of two online services.

Input:
Netflix vs Hulu","Netflix offers a variety of plans ranging from $8.99 to $15.99 per month, while Hulu's plans range from $5.99 to $11.99 per month. Netflix offers more HD streaming options and a larger library, but Hulu offers certain live TV features and a free trial."
tatsu-lab/alpaca,36500,"Given this query, find the answer from the following passage. Output the answer.","Query: What does Istanbul the city of business?
Passage: It’s no wonder that Istanbul is often mistaken as the capital city of Turkey. It is the largest city, and the city’s total area keeps expanding due to the population increase. It’s the city of business. It’s also the historic center of different empires, and it’s the only city in the world on two continents: Europe and Asia.",Istanbul is the city of business.,"Given this query, find the answer from the following passage. Output the answer.

Input:
Query: What does Istanbul the city of business?
Passage: It’s no wonder that Istanbul is often mistaken as the capital city of Turkey. It is the largest city, and the city’s total area keeps expanding due to the population increase. It’s the city of business. It’s also the historic center of different empires, and it’s the only city in the world on two continents: Europe and Asia.",Istanbul is the city of business.
tatsu-lab/alpaca,36530,Rewrite the given sentence to use a more formal phrase than the one used in the example.,John had plenty of cash.,John had a substantial amount of money.,"Rewrite the given sentence to use a more formal phrase than the one used in the example.

Input:
John had plenty of cash.",John had a substantial amount of money.
tatsu-lab/alpaca,36629,Find a quote from a famous philosopher that captures their main teachings.,Friedrich Nietzsche,"Friedrich Nietzsche said, “That which does not kill us makes us stronger.”","Find a quote from a famous philosopher that captures their main teachings.

Input:
Friedrich Nietzsche","Friedrich Nietzsche said, “That which does not kill us makes us stronger.”"
tatsu-lab/alpaca,36692,What is the primary ingredient in a fish taco?,,"The primary ingredient in a fish taco is usually some kind of flaky white fish, such as tilapia or cod.",What is the primary ingredient in a fish taco?,"The primary ingredient in a fish taco is usually some kind of flaky white fish, such as tilapia or cod."
tatsu-lab/alpaca,36759,Evaluate the following logical statement as true or false and explain why: All dogs are mammals.,,"True, because mammals are defined as any warm-blooded vertebrate animal of the class Mammalia, and dogs belong to this class.",Evaluate the following logical statement as true or false and explain why: All dogs are mammals.,"True, because mammals are defined as any warm-blooded vertebrate animal of the class Mammalia, and dogs belong to this class."
tatsu-lab/alpaca,36781,Generate a cautionary tale about a person who ignored safety regulations.,,"Once there was a person who always ignored safety regulations when they were working. Every time they were told to wear safety glasses, use protective clothing, or use other safety measures, they just shrugged them off, thinking they would be fine without them. One day, while they were working, they were struck by a spark and were injured. From then on, they realized how important it is to follow safety regulations.",Generate a cautionary tale about a person who ignored safety regulations.,"Once there was a person who always ignored safety regulations when they were working. Every time they were told to wear safety glasses, use protective clothing, or use other safety measures, they just shrugged them off, thinking they would be fine without them. One day, while they were working, they were struck by a spark and were injured. From then on, they realized how important it is to follow safety regulations."
tatsu-lab/alpaca,36789,Classify the following sentence as affirmative or negative: “She hasn’t gone to the store yet”,,This sentence is a negative statement.,Classify the following sentence as affirmative or negative: “She hasn’t gone to the store yet”,This sentence is a negative statement.
tatsu-lab/alpaca,36896,Which country is the biggest producer of oil in the world?,,The biggest producer of oil in the world is Saudi Arabia.,Which country is the biggest producer of oil in the world?,The biggest producer of oil in the world is Saudi Arabia.
tatsu-lab/alpaca,37042,Write a definition for the concept of photoynthesis.,,"Photoynthesis is a process used by plants and other organisms to convert light energy from the sun into chemical energy that can be used to fuel the organism's activities. During this process, carbon dioxide and water are converted into energy-rich sugars that can be used by the organism for growth and development.",Write a definition for the concept of photoynthesis.,"Photoynthesis is a process used by plants and other organisms to convert light energy from the sun into chemical energy that can be used to fuel the organism's activities. During this process, carbon dioxide and water are converted into energy-rich sugars that can be used by the organism for growth and development."
tatsu-lab/alpaca,37170,How do you determine the time difference between two time zones?,,"The time difference between two time zones can be determined by subtracting the hours of one time zone from the hours of the other time zone. For example, if one time zone is GMT +5 and the other is GMT +7, the time difference between these two time zones is 2 hours.",How do you determine the time difference between two time zones?,"The time difference between two time zones can be determined by subtracting the hours of one time zone from the hours of the other time zone. For example, if one time zone is GMT +5 and the other is GMT +7, the time difference between these two time zones is 2 hours."
tatsu-lab/alpaca,37182,Which animals can you find in the African savanna?,,"The African savanna is home to a variety of animals, including lions, cheetahs, giraffes, zebras, hippos, elephants, buffalo, antelopes, warthogs, wildebeests, and ostriches.",Which animals can you find in the African savanna?,"The African savanna is home to a variety of animals, including lions, cheetahs, giraffes, zebras, hippos, elephants, buffalo, antelopes, warthogs, wildebeests, and ostriches."
tatsu-lab/alpaca,37296,Choose 3 countries to compare based on their GDP growth rate.,,"China, India and the United States are three countries that offer interesting comparison points when it comes to GDP growth rate. According to the IMF, China had a 6.8% GDP growth rate in 2020, India 4.3% and the United States -3.5%. Comparing their performance this year will provide an interesting insight into the economic trends of 20",Choose 3 countries to compare based on their GDP growth rate.,"China, India and the United States are three countries that offer interesting comparison points when it comes to GDP growth rate. According to the IMF, China had a 6.8% GDP growth rate in 2020, India 4.3% and the United States -3.5%. Comparing their performance this year will provide an interesting insight into the economic trends of 20"
tatsu-lab/alpaca,37334,Find 3 keywords related to the ingredients used in a given recipe.,"This recipe calls for 2 tablespoons of butter, 1/4 cup of honey, 1 teaspoon of ground cinnamon, and 2 cups of water.","butter, honey, cinnamon","Find 3 keywords related to the ingredients used in a given recipe.

Input:
This recipe calls for 2 tablespoons of butter, 1/4 cup of honey, 1 teaspoon of ground cinnamon, and 2 cups of water.","butter, honey, cinnamon"
tatsu-lab/alpaca,37423,What is the general public opinion of Tesla's electric cars?,,"The general public opinion of Tesla's electric cars is generally positive. They are seen as a pioneer in the electric car market and are seen as an innovative company with a revolutionary approach to transportation. People acknowledge their contributions to reducing emissions, decreasing noise pollution and providing an attractive driving experience.",What is the general public opinion of Tesla's electric cars?,"The general public opinion of Tesla's electric cars is generally positive. They are seen as a pioneer in the electric car market and are seen as an innovative company with a revolutionary approach to transportation. People acknowledge their contributions to reducing emissions, decreasing noise pollution and providing an attractive driving experience."
tatsu-lab/alpaca,37727,What is an abstract data type?,,"An abstract data type (ADT) is a type of data structure that specifies a set of operations that can act upon a specific data set. In some ways it is similar to a structured data type, but it does not define a particular implementation, instead abstracting away the details and allowing for the possibility of different implementations. ADT does, however, require that all implementations of the same type of data abide by the same rules and regulations. Examples of Abstract Data Types include sets, queues, and binary trees.",What is an abstract data type?,"An abstract data type (ADT) is a type of data structure that specifies a set of operations that can act upon a specific data set. In some ways it is similar to a structured data type, but it does not define a particular implementation, instead abstracting away the details and allowing for the possibility of different implementations. ADT does, however, require that all implementations of the same type of data abide by the same rules and regulations. Examples of Abstract Data Types include sets, queues, and binary trees."
tatsu-lab/alpaca,37762,Look up information on the best practices for using social media marketing.,,"When it comes to social media marketing, there are several best practices to follow. Firstly, focus your content on providing engaging and valuable information; provide a mix of original content, content from external sources, and influencer content. Secondly, create a consistent voice and aesthetic that aligns with your brand. Also use visuals such as photos, video, and graphics to increase engagement. Last but not least, use analytics to track and measure the success of your campaigns.",Look up information on the best practices for using social media marketing.,"When it comes to social media marketing, there are several best practices to follow. Firstly, focus your content on providing engaging and valuable information; provide a mix of original content, content from external sources, and influencer content. Secondly, create a consistent voice and aesthetic that aligns with your brand. Also use visuals such as photos, video, and graphics to increase engagement. Last but not least, use analytics to track and measure the success of your campaigns."
tatsu-lab/alpaca,37787,Suggest a career path,I am interested in healthcare,"A career path in healthcare could include becoming a physician, nurse, physical therapist, medical assistant, or healthcare administrator.","Suggest a career path

Input:
I am interested in healthcare","A career path in healthcare could include becoming a physician, nurse, physical therapist, medical assistant, or healthcare administrator."
tatsu-lab/alpaca,37837,Explain the differences between Darwin and Lamarck's theories of evolution,,"Darwin's Theory of Evolution, also known as ""natural selection,"" proposes that beneficial traits are passed down to successive generations through genetic mutation, while disadvantageous traits are eliminated through competition. Lamarck's Theory of Evolution proposes that acquired traits are passed down to successive generations as a result of an organism's efforts to adapt to its environment. Darwin's theory is supported by scientific evidence, while Lamarck's theory has been largely discredited.",Explain the differences between Darwin and Lamarck's theories of evolution,"Darwin's Theory of Evolution, also known as ""natural selection,"" proposes that beneficial traits are passed down to successive generations through genetic mutation, while disadvantageous traits are eliminated through competition. Lamarck's Theory of Evolution proposes that acquired traits are passed down to successive generations as a result of an organism's efforts to adapt to its environment. Darwin's theory is supported by scientific evidence, while Lamarck's theory has been largely discredited."
tatsu-lab/alpaca,37940,Explain what the terms 'economies of scale' mean.,,"Economies of scale refer to the cost advantages that companies and organizations can obtain due to their size. This occurs when unit costs of production decrease as the scale of production increases. This is because production costs are spread over a larger output, which allows companies to get discounts on raw materials, increase specialization, and improve operational efficiency.",Explain what the terms 'economies of scale' mean.,"Economies of scale refer to the cost advantages that companies and organizations can obtain due to their size. This occurs when unit costs of production decrease as the scale of production increases. This is because production costs are spread over a larger output, which allows companies to get discounts on raw materials, increase specialization, and improve operational efficiency."
tatsu-lab/alpaca,37957,Determine whether the text is written from a first person or third person point of view.,I ran out of the house and down the street as fast as I could.,This text is written from a first person point of view.,"Determine whether the text is written from a first person or third person point of view.

Input:
I ran out of the house and down the street as fast as I could.",This text is written from a first person point of view.
tatsu-lab/alpaca,38009,Tell me a rhyming joke that contains two sentences.,,"What did the tree say to autumn?
""Leaf me alone!""",Tell me a rhyming joke that contains two sentences.,"What did the tree say to autumn?
""Leaf me alone!"""
tatsu-lab/alpaca,38049,Categorize the following sentence according to the four categories of sarcasm.,That was brilliant!,Irony,"Categorize the following sentence according to the four categories of sarcasm.

Input:
That was brilliant!",Irony
tatsu-lab/alpaca,38175,What are the 5 core values at Google?,,"The 5 core values at Google are Focus on the User, Innovation, Collaboration, Courage, and Decide & Act.",What are the 5 core values at Google?,"The 5 core values at Google are Focus on the User, Innovation, Collaboration, Courage, and Decide & Act."
tatsu-lab/alpaca,38242,Describe the story arc of the movie Frozen.,,"Frozen tells the story of two sisters, Anna and Elsa, who must make a journey to save their kingdom Arendelle from an eternal winter. When Elsa accidentally unleashes a magical storm over Arendelle, she is forced to flee with her younger sister and the citizens of the kingdom must find a way to save their home. With the help of a mountain man, a reindeer, and a snowman, they journey to the amazing ice palace created by Elsa. Along the way, they overcome their differences and fight to end the storm that threatens to destroy Arendelle.",Describe the story arc of the movie Frozen.,"Frozen tells the story of two sisters, Anna and Elsa, who must make a journey to save their kingdom Arendelle from an eternal winter. When Elsa accidentally unleashes a magical storm over Arendelle, she is forced to flee with her younger sister and the citizens of the kingdom must find a way to save their home. With the help of a mountain man, a reindeer, and a snowman, they journey to the amazing ice palace created by Elsa. Along the way, they overcome their differences and fight to end the storm that threatens to destroy Arendelle."
tatsu-lab/alpaca,38251,"Using the recipe provided, describe the taste of the food.","Recipe: 1/2 cup of oats, 1/4 cup almond milk, and 1/2 banana","The oatmeal has a nutty and slightly sweet taste, complemented by the creamy texture of the almond milk and the sweetness of the banana. Together, they make a delicious and satisfying breakfast.","Using the recipe provided, describe the taste of the food.

Input:
Recipe: 1/2 cup of oats, 1/4 cup almond milk, and 1/2 banana","The oatmeal has a nutty and slightly sweet taste, complemented by the creamy texture of the almond milk and the sweetness of the banana. Together, they make a delicious and satisfying breakfast."
tatsu-lab/alpaca,38284,Produce a random noun.,,Mitten.,Produce a random noun.,Mitten.
tatsu-lab/alpaca,38311,Construct a system of equations to solve the following problem.,A store sells sandwiches and drinks. There are 6 sandwiches and 5 drinks. Each sandwich costs $3 and each drink costs $2. The total cost is $21.,"Let x be the number of sandwiches, and y be the number of drinks. The equation for the total cost can be written as 3x + 2y = 21. To find the number of sandwiches and drinks, we can use the equation x + y = 11, since there are a total of 11 items. Combining these equations, we can get 3x + 2x = 21 and 5x = 21, so x = 4 and y = 7. Therefore, there are 4 sandwiches and 7 drinks, for a total cost of $21.","Construct a system of equations to solve the following problem.

Input:
A store sells sandwiches and drinks. There are 6 sandwiches and 5 drinks. Each sandwich costs $3 and each drink costs $2. The total cost is $21.","Let x be the number of sandwiches, and y be the number of drinks. The equation for the total cost can be written as 3x + 2y = 21. To find the number of sandwiches and drinks, we can use the equation x + y = 11, since there are a total of 11 items. Combining these equations, we can get 3x + 2x = 21 and 5x = 21, so x = 4 and y = 7. Therefore, there are 4 sandwiches and 7 drinks, for a total cost of $21."
tatsu-lab/alpaca,38555,Name 4 sports that are typically played in the summer.,,"Swimming, volleyball, softball, and tennis are all sports typically played in the summer.",Name 4 sports that are typically played in the summer.,"Swimming, volleyball, softball, and tennis are all sports typically played in the summer."
tatsu-lab/alpaca,38564,Create a SQL query to select the first name and last name of all customers who live in a specific city.,City Name: Chicago,"SELECT first_name, last_name FROM customers WHERE city = 'Chicago' ;","Create a SQL query to select the first name and last name of all customers who live in a specific city.

Input:
City Name: Chicago","SELECT first_name, last_name FROM customers WHERE city = 'Chicago' ;"
tatsu-lab/alpaca,38618,Suggest a comic strip to express the given idea.,The joy of helping others.,"A comic panel showing a person helping another person, with both of them smiling. The first person is standing, arms akimbo, with a proud, determined look on their face, while the second person is kneeling, with a thankful, joyous expression. In the background, several other people are seen, appearing grateful and happy.","Suggest a comic strip to express the given idea.

Input:
The joy of helping others.","A comic panel showing a person helping another person, with both of them smiling. The first person is standing, arms akimbo, with a proud, determined look on their face, while the second person is kneeling, with a thankful, joyous expression. In the background, several other people are seen, appearing grateful and happy."
tatsu-lab/alpaca,38698,"Write a sentence that illustrates the meaning of the word ""capricious"".",,"She changed her mind with no warning, her decisions seeming capricious and unpredictable.","Write a sentence that illustrates the meaning of the word ""capricious"".","She changed her mind with no warning, her decisions seeming capricious and unpredictable."
tatsu-lab/alpaca,38962,Imagine an alien species. Describe its physical anatomy in detail.,,"The alien species appears to have a human-like anatomy, with two arms, two legs, and a head with two eyes, a nose, and a mouth. However, the alien’s body is covered in thick, leathery skin which is green in color. Its limbs are much longer than a human's and its fingers are webbed together. Its head is quite large with two antennae that rotate 360 degrees to detect their surroundings. Its eyes are large and black, and its mouth is filled with hundreds of sharp teeth that glow in the dark. Attached to the back of its head is a long whip-like tail that can be used to move in water or climb trees. Its hands and feet have suction cups allowing it to grip onto virtually any surface.",Imagine an alien species. Describe its physical anatomy in detail.,"The alien species appears to have a human-like anatomy, with two arms, two legs, and a head with two eyes, a nose, and a mouth. However, the alien’s body is covered in thick, leathery skin which is green in color. Its limbs are much longer than a human's and its fingers are webbed together. Its head is quite large with two antennae that rotate 360 degrees to detect their surroundings. Its eyes are large and black, and its mouth is filled with hundreds of sharp teeth that glow in the dark. Attached to the back of its head is a long whip-like tail that can be used to move in water or climb trees. Its hands and feet have suction cups allowing it to grip onto virtually any surface."
tatsu-lab/alpaca,38996,Identify similar objects in the following list.,"Banana, Peach, Carrot, Apple",Banana and Apple are similar objects as they are both fruits.,"Identify similar objects in the following list.

Input:
Banana, Peach, Carrot, Apple",Banana and Apple are similar objects as they are both fruits.
tatsu-lab/alpaca,39023,"Paraphrase the sentence: ""The coffee was too hot.""",,The coffee was scorching.,"Paraphrase the sentence: ""The coffee was too hot.""",The coffee was scorching.
tatsu-lab/alpaca,39052,Suggest five fun activities for a virtual team bonding session.,,1. Charades 2. Video karaoke  3. Virtual scavenger hunt 4. Virtual cooking or baking class 5. Virtual escape room 6. Online game tournament 7. Virtual Bingo 8. Quiz night 9. Trivia game 10. Amigo night,Suggest five fun activities for a virtual team bonding session.,1. Charades 2. Video karaoke  3. Virtual scavenger hunt 4. Virtual cooking or baking class 5. Virtual escape room 6. Online game tournament 7. Virtual Bingo 8. Quiz night 9. Trivia game 10. Amigo night
tatsu-lab/alpaca,39086,Create 3 questions related to the article.,"WASHINGTON (CNN) -- A wide-open presidential race and a willingness by candidates, interest groups, unions and corporations to buy TV time will lead to historic spending for political and issue-advocacy advertising in the 2008 election cycle, an analysis shows.","1. How much money is being predicted to be spent on political and issue-advocacy advertising in the 2008 election cycle?
2. What are some of the challenges faced by advertisers in the 2008 election?
3. What tactics have been used so far by Mitt Romney to introduce himself to Republican voters?","Create 3 questions related to the article.

Input:
WASHINGTON (CNN) -- A wide-open presidential race and a willingness by candidates, interest groups, unions and corporations to buy TV time will lead to historic spending for political and issue-advocacy advertising in the 2008 election cycle, an analysis shows.","1. How much money is being predicted to be spent on political and issue-advocacy advertising in the 2008 election cycle?
2. What are some of the challenges faced by advertisers in the 2008 election?
3. What tactics have been used so far by Mitt Romney to introduce himself to Republican voters?"
tatsu-lab/alpaca,39096,Design an experiment to measure the effectiveness of an advertisement.,,The experiment could involve distributing a survey to the community to measure awareness and opinions about the advertisement before and after its launch. The survey questions could ask about the effectiveness of the ad in terms of how it influenced potential customers' buying decisions and/or brand recognition. #Experiment #Advertisement #Effectiveness,Design an experiment to measure the effectiveness of an advertisement.,The experiment could involve distributing a survey to the community to measure awareness and opinions about the advertisement before and after its launch. The survey questions could ask about the effectiveness of the ad in terms of how it influenced potential customers' buying decisions and/or brand recognition. #Experiment #Advertisement #Effectiveness
tatsu-lab/alpaca,39252,Estimate how much time it will take to finish the project.,"Project involves coding, UI design and analysis.","It will likely take between 3-5 weeks to complete the project depending on the complexity of the coding, the complexity of the analysis, and the skill level of the UI designer.","Estimate how much time it will take to finish the project.

Input:
Project involves coding, UI design and analysis.","It will likely take between 3-5 weeks to complete the project depending on the complexity of the coding, the complexity of the analysis, and the skill level of the UI designer."
tatsu-lab/alpaca,39453,Compare and contrast two ways of making coffee.,,"The two most popular ways to make coffee are through a drip coffee machine and a French press. A drip coffee machine is relatively easy to use and allows you to quickly brew a large batch of coffee at once. You simply fill up the machine with water, add coffee grounds to the filter, and start the machine. The French press is more time consuming, but it offers unparalleled flavor and aroma. To use a French press, you need to measure out the correct amount of coffee grounds and water, stir them together, and wait for a few minutes. Once the mixture is ready, you plunge the filter down and remove the grounds from the liquid. The result is a full-bodied and flavorful cup of coffee.",Compare and contrast two ways of making coffee.,"The two most popular ways to make coffee are through a drip coffee machine and a French press. A drip coffee machine is relatively easy to use and allows you to quickly brew a large batch of coffee at once. You simply fill up the machine with water, add coffee grounds to the filter, and start the machine. The French press is more time consuming, but it offers unparalleled flavor and aroma. To use a French press, you need to measure out the correct amount of coffee grounds and water, stir them together, and wait for a few minutes. Once the mixture is ready, you plunge the filter down and remove the grounds from the liquid. The result is a full-bodied and flavorful cup of coffee."
tatsu-lab/alpaca,39565,Annotate the text by categorizing it into the five senses.,"I can’t wait to taste the warm, fruity muffin I just made.","I can’t wait to [taste] the [warm], [fruity] muffin I just made.","Annotate the text by categorizing it into the five senses.

Input:
I can’t wait to taste the warm, fruity muffin I just made.","I can’t wait to [taste] the [warm], [fruity] muffin I just made."
tatsu-lab/alpaca,39638,Search the internet and find the nearest Indian restaurant.,"Berlin, Germany","The nearest Indian restaurant to Berlin, Germany is Malabar, located at Wilhelmstr. 26, 10117 Berlin. It is 0.2 miles away and the restaurant serves authentic Indian cuisine with vegan, vegetarian and non-vegetarian options.","Search the internet and find the nearest Indian restaurant.

Input:
Berlin, Germany","The nearest Indian restaurant to Berlin, Germany is Malabar, located at Wilhelmstr. 26, 10117 Berlin. It is 0.2 miles away and the restaurant serves authentic Indian cuisine with vegan, vegetarian and non-vegetarian options."
tatsu-lab/alpaca,39728,Name the five oceans.,,"The five oceans are the Arctic Ocean, the Atlantic Ocean, the Indian Ocean, the Pacific Ocean, and the Southern Ocean.",Name the five oceans.,"The five oceans are the Arctic Ocean, the Atlantic Ocean, the Indian Ocean, the Pacific Ocean, and the Southern Ocean."
tatsu-lab/alpaca,39753,Provide two example of everyday products that contain plastic.,,Two everyday products that contain plastic are shopping bags and water bottles.,Provide two example of everyday products that contain plastic.,Two everyday products that contain plastic are shopping bags and water bottles.
tatsu-lab/alpaca,39758,"Create a haiku (3 lines with a syllabic pattern of 5/7/5) that uses the phrase ""summer night"".",,"A summer night's breeze,
Bringing warmth and gentle peace 
That nothing else can match.","Create a haiku (3 lines with a syllabic pattern of 5/7/5) that uses the phrase ""summer night"".","A summer night's breeze,
Bringing warmth and gentle peace 
That nothing else can match."
tatsu-lab/alpaca,39909,Why is it important to get enough sleep?,,"Getting enough sleep is important for both physical and mental health. It helps to restore energy levels, improve concentration and focus, enhances mood and helps to maintain healthy memory functions. Poor sleep quality can cause impaired reaction time, poor decision making and lack of creativity. It is also linked to an increased risk of chronic illnesses, such as diabetes, obesity, stroke, and heart disease. Therefore, getting a good night’s sleep is essential for overall health and well-being.",Why is it important to get enough sleep?,"Getting enough sleep is important for both physical and mental health. It helps to restore energy levels, improve concentration and focus, enhances mood and helps to maintain healthy memory functions. Poor sleep quality can cause impaired reaction time, poor decision making and lack of creativity. It is also linked to an increased risk of chronic illnesses, such as diabetes, obesity, stroke, and heart disease. Therefore, getting a good night’s sleep is essential for overall health and well-being."
tatsu-lab/alpaca,39920,Construct a Regex statement to extract the links from given text.,The following page has a list of useful links: www.example.com/links,\s(https?://[^\s]+)\s,"Construct a Regex statement to extract the links from given text.

Input:
The following page has a list of useful links: www.example.com/links",\s(https?://[^\s]+)\s
tatsu-lab/alpaca,40060,Design a social media marketing plan,"Product: Organic, nutrient-rich vegetable juices","Social Media Marketing Plan:
1. Establish an online presence by creating a website, setting up a business page on major platforms (Facebook, Instagram, Twitter etc.), and creating customer accounts on review sites.
2. Define target demographics and create content tailored to their interests. 
3. Design eye-catching visuals, like images and videos, to promote the product.
4. Create engaging posts and organize contests/giveaways to increase customer engagement.
5. Regularly post relevant content and respond to customer comments/feedback.
6. Track campaigns to measure success & adjust campaigns to optimize outcome.","Design a social media marketing plan

Input:
Product: Organic, nutrient-rich vegetable juices","Social Media Marketing Plan:
1. Establish an online presence by creating a website, setting up a business page on major platforms (Facebook, Instagram, Twitter etc.), and creating customer accounts on review sites.
2. Define target demographics and create content tailored to their interests. 
3. Design eye-catching visuals, like images and videos, to promote the product.
4. Create engaging posts and organize contests/giveaways to increase customer engagement.
5. Regularly post relevant content and respond to customer comments/feedback.
6. Track campaigns to measure success & adjust campaigns to optimize outcome."
tatsu-lab/alpaca,40086,Give two examples of words that contain the letter ‘z’,,Zoo and buzz.,Give two examples of words that contain the letter ‘z’,Zoo and buzz.
tatsu-lab/alpaca,40338,What are the strategies to effectively use digital marketing?,,"There are many strategies that can be used to effectively use digital marketing. Some of these strategies include creating engaging content, optimizing for search engines, using social media, leveraging email marketing, measuring performance, and leveraging influencers. Creating engaging content ensures that your target audience finds it interesting and shareable. Optimizing for search engines allows you to be found more easily on the web. Utilizing all forms of social media, such as Twitter, Facebook, and Instagram, allows you to reach a wide range of potential customers. Email marketing allows you to communicate directly with customers. Measuring performance ensures that your digital marketing efforts are producing the desired results. Finally, leveraging influencers allows you to tap into the power of their large audiences.",What are the strategies to effectively use digital marketing?,"There are many strategies that can be used to effectively use digital marketing. Some of these strategies include creating engaging content, optimizing for search engines, using social media, leveraging email marketing, measuring performance, and leveraging influencers. Creating engaging content ensures that your target audience finds it interesting and shareable. Optimizing for search engines allows you to be found more easily on the web. Utilizing all forms of social media, such as Twitter, Facebook, and Instagram, allows you to reach a wide range of potential customers. Email marketing allows you to communicate directly with customers. Measuring performance ensures that your digital marketing efforts are producing the desired results. Finally, leveraging influencers allows you to tap into the power of their large audiences."
tatsu-lab/alpaca,40535,"Write a story using these three words: life, creation, surprise",,"The miracle of life is a never-ending source of creation and surprise. No one can ever know what it holds in store. A single life is filled with unexpected twists and turns, prompting drastic changes in plans and ideas. Each moment offers an opportunity to be creative, to conceive new possibilities, and to be surprised. All of us have a unique opportunity to be creative and to make an impact in this world through our own unique creations. Life is full of surprises, and creation is one of its greatest gifts.","Write a story using these three words: life, creation, surprise","The miracle of life is a never-ending source of creation and surprise. No one can ever know what it holds in store. A single life is filled with unexpected twists and turns, prompting drastic changes in plans and ideas. Each moment offers an opportunity to be creative, to conceive new possibilities, and to be surprised. All of us have a unique opportunity to be creative and to make an impact in this world through our own unique creations. Life is full of surprises, and creation is one of its greatest gifts."
tatsu-lab/alpaca,40583,Develop a conversation flow and give answer options for the given topic.,Topic: Travel,"Question: Where would you like to travel to?
Answer Options: 
1. I want to go to Europe.
2. I want to go to Central America.
3. I want to go to Asia.
4. I want to go to Africa.
5. I'm not sure yet.

Question: What do you plan to do in your destination?
Answer Options: 
1. I want to go sightseeing.
2. I want to explore nature.
3. I want to go shopping.
4. I want to try local cuisine.
5. Other.","Develop a conversation flow and give answer options for the given topic.

Input:
Topic: Travel","Question: Where would you like to travel to?
Answer Options: 
1. I want to go to Europe.
2. I want to go to Central America.
3. I want to go to Asia.
4. I want to go to Africa.
5. I'm not sure yet.

Question: What do you plan to do in your destination?
Answer Options: 
1. I want to go sightseeing.
2. I want to explore nature.
3. I want to go shopping.
4. I want to try local cuisine.
5. Other."
tatsu-lab/alpaca,40591,"Generate a summary for the article ""The Impact of Technology on Mental Health""",,"Technology and the internet have changed the way people communicate, interact, and entertain themselves, but there are many negative impacts of these changes on mental health. Studies have found an increase in depression, anxiety and addiction among people overusing technology. There are also studies that show an increase in the risk factors for mental health. Technology can also act as a facilitator of cyberbullying, which can cause significant psychological distress. To protect mental health, it is important to keep technology use within limits and ensure proper digital hygiene.","Generate a summary for the article ""The Impact of Technology on Mental Health""","Technology and the internet have changed the way people communicate, interact, and entertain themselves, but there are many negative impacts of these changes on mental health. Studies have found an increase in depression, anxiety and addiction among people overusing technology. There are also studies that show an increase in the risk factors for mental health. Technology can also act as a facilitator of cyberbullying, which can cause significant psychological distress. To protect mental health, it is important to keep technology use within limits and ensure proper digital hygiene."
tatsu-lab/alpaca,40675,Suggest the most effective way to learn a new language,,"The most effective way to learn a new language is to immerse yourself in it. This means spending time with people who speak the language, watching movies and TV shows in the language, and reading books or other written material. Additionally, actively using the language is the best way to learn - find conversation partners to practice with or join a language exchange program. Finally, take advantage of digital language learning tools, such as apps or online courses, to supplement your learning.",Suggest the most effective way to learn a new language,"The most effective way to learn a new language is to immerse yourself in it. This means spending time with people who speak the language, watching movies and TV shows in the language, and reading books or other written material. Additionally, actively using the language is the best way to learn - find conversation partners to practice with or join a language exchange program. Finally, take advantage of digital language learning tools, such as apps or online courses, to supplement your learning."
tatsu-lab/alpaca,40708,What could be the benefit of using object-oriented programming?,,"Object-oriented programming (OOP) can provide many benefits, such as reduced complexity and cost, improved code organization, simple maintenance, and improved code reuse. OOP also allows for better abstraction between the problem and the solution, making it easier to manage large software systems. In addition, OOP enables developers to design programs that are flexible and extensible, providing the ability to add more features and functionality more easily. Finally, OOP allows for better collaboration among developers, making it easier to work together remotely, and to quickly get up to speed on a code base.",What could be the benefit of using object-oriented programming?,"Object-oriented programming (OOP) can provide many benefits, such as reduced complexity and cost, improved code organization, simple maintenance, and improved code reuse. OOP also allows for better abstraction between the problem and the solution, making it easier to manage large software systems. In addition, OOP enables developers to design programs that are flexible and extensible, providing the ability to add more features and functionality more easily. Finally, OOP allows for better collaboration among developers, making it easier to work together remotely, and to quickly get up to speed on a code base."
tatsu-lab/alpaca,40839,Create a new sentence from the words given through a process of semantic extension.,"Spice, flavor",The spices added flavor to the dish.,"Create a new sentence from the words given through a process of semantic extension.

Input:
Spice, flavor",The spices added flavor to the dish.
tatsu-lab/alpaca,40979,Summarize the recent developments in the field of recommender systems.,,"Recent developments in the field of recommender systems have focused on incorporating user feedback and context into recommendation models in order to improve the accuracy and personalization of recommendations. Innovative techniques such as deep learning and machine learning algorithms have also been used to identify complex patterns in large datasets and generate personalized recommendations. These algorithms are also used to develop models to improve the efficiency of content-based filtering and collaborative filtering models. In addition, the process of generating recommendations has been optimized by employing techniques such as batch learning and distributed computing.",Summarize the recent developments in the field of recommender systems.,"Recent developments in the field of recommender systems have focused on incorporating user feedback and context into recommendation models in order to improve the accuracy and personalization of recommendations. Innovative techniques such as deep learning and machine learning algorithms have also been used to identify complex patterns in large datasets and generate personalized recommendations. These algorithms are also used to develop models to improve the efficiency of content-based filtering and collaborative filtering models. In addition, the process of generating recommendations has been optimized by employing techniques such as batch learning and distributed computing."
tatsu-lab/alpaca,41120,Describe how data is encoded and decoded.,noinput,"Data encoding is the process of converting data from one format to another for storage or transmission. Data is encoded using an algorithm, which is designed to represent the data in a specific way. This encoding allows the data to be transmitted efficiently, while still allowing the data to be interpreted by the recipient. 
Data decoding is the process of reverse engineering the encoded data back into its original form. This can be done by using the same algorithm used to encode the data, or by using another algorithm that is designed to decode specific data types. This decoded data can then be used for any desired purpose.","Describe how data is encoded and decoded.

Input:
noinput","Data encoding is the process of converting data from one format to another for storage or transmission. Data is encoded using an algorithm, which is designed to represent the data in a specific way. This encoding allows the data to be transmitted efficiently, while still allowing the data to be interpreted by the recipient. 
Data decoding is the process of reverse engineering the encoded data back into its original form. This can be done by using the same algorithm used to encode the data, or by using another algorithm that is designed to decode specific data types. This decoded data can then be used for any desired purpose."
tatsu-lab/alpaca,41198,Generate a play by play summary of the baseball game between the Chicago Cubs and the Los Angeles Dodgers,,"The Chicago Cubs took on the Los Angeles Dodgers in a thrilling game. The Cubs got off to a hot start, scoring two runs in the first inning. The Dodgers responded with a pair of runs in the bottom of the inning to tie the game up. However, the Cubs offense took over in the second, scoring four runs to take a lead that they wouldn't relinquish. The Dodgers managed to score a run in the bottom of the fourth, but it wasn't enough, as the Cubs took the game 6-3.",Generate a play by play summary of the baseball game between the Chicago Cubs and the Los Angeles Dodgers,"The Chicago Cubs took on the Los Angeles Dodgers in a thrilling game. The Cubs got off to a hot start, scoring two runs in the first inning. The Dodgers responded with a pair of runs in the bottom of the inning to tie the game up. However, the Cubs offense took over in the second, scoring four runs to take a lead that they wouldn't relinquish. The Dodgers managed to score a run in the bottom of the fourth, but it wasn't enough, as the Cubs took the game 6-3."
tatsu-lab/alpaca,41272,Name three contaminants that can be found in water,,"Three contaminants that can be found in water are bacteria, viruses, and chemical pollutants such as pesticides and heavy metals.",Name three contaminants that can be found in water,"Three contaminants that can be found in water are bacteria, viruses, and chemical pollutants such as pesticides and heavy metals."
tatsu-lab/alpaca,41359,"Given a list of integers, find the pair of elements with the maximum sum.","1, 2, -8, 9, 5","Found the pair of elements with the maximum sum for the list of integers 1, 2, -8, 9, 5 to be (9, 5) with a sum of 14.","Given a list of integers, find the pair of elements with the maximum sum.

Input:
1, 2, -8, 9, 5","Found the pair of elements with the maximum sum for the list of integers 1, 2, -8, 9, 5 to be (9, 5) with a sum of 14."
tatsu-lab/alpaca,41480,"Using the example provided, classify the objects into two specific categories.","A table, a chair, and a desk","Furniture: table, chair, desk","Using the example provided, classify the objects into two specific categories.

Input:
A table, a chair, and a desk","Furniture: table, chair, desk"
tatsu-lab/alpaca,41565,Construct a sentence employing research-backed positive language.,,I look forward to engaging with this new opportunity.,Construct a sentence employing research-backed positive language.,I look forward to engaging with this new opportunity.
tatsu-lab/alpaca,41568,You are given a phrase or set of words that describes an event or situation. Produce a vivid and realistic description of the event.,Loud music in a party,"The music was blasting so loud it almost felt like being in the middle of a nightclub. The walls vibrated with the sound and you could hardly hear yourself think. The dance floor was swarming with people, moving their bodies to the rhythm of the beat and letting the music take over their minds. The atmosphere was electric, and it was impossible to resist the energy of the party.","You are given a phrase or set of words that describes an event or situation. Produce a vivid and realistic description of the event.

Input:
Loud music in a party","The music was blasting so loud it almost felt like being in the middle of a nightclub. The walls vibrated with the sound and you could hardly hear yourself think. The dance floor was swarming with people, moving their bodies to the rhythm of the beat and letting the music take over their minds. The atmosphere was electric, and it was impossible to resist the energy of the party."
tatsu-lab/alpaca,41613,Generate a story about a girl who discovers a magical item.,,"Once upon a time, there was a young girl named Leila. She was always dreaming of a life of adventure and mystery. One day, while wandering in the woods near her house, she stumbled upon a mysterious item. It was a small box made of a strange material she had never seen before and it was glowing with a magical light. When she opened the box, she was amazed to find a beautiful golden necklace with a glowing stone. She put on the necklace and with a spark of light it vanished into thin air. Suddenly, Leila found herself taken to a far away land, full of mysterious creatures and magical wonders.",Generate a story about a girl who discovers a magical item.,"Once upon a time, there was a young girl named Leila. She was always dreaming of a life of adventure and mystery. One day, while wandering in the woods near her house, she stumbled upon a mysterious item. It was a small box made of a strange material she had never seen before and it was glowing with a magical light. When she opened the box, she was amazed to find a beautiful golden necklace with a glowing stone. She put on the necklace and with a spark of light it vanished into thin air. Suddenly, Leila found herself taken to a far away land, full of mysterious creatures and magical wonders."
tatsu-lab/alpaca,41660,Generate a list of 5 tips for how to maintain work-life balance.,,"1. Set clear boundaries between your work and personal life.
2. Take advantage of lunch breaks and other breaks throughout the day to take a few minutes for yourself. 
3. Schedule in time for fun activities and hobbies.
4. Make sure to get adequate rest and nutrition. 
5. Set realistic goals for yourself and practice time management.",Generate a list of 5 tips for how to maintain work-life balance.,"1. Set clear boundaries between your work and personal life.
2. Take advantage of lunch breaks and other breaks throughout the day to take a few minutes for yourself. 
3. Schedule in time for fun activities and hobbies.
4. Make sure to get adequate rest and nutrition. 
5. Set realistic goals for yourself and practice time management."
tatsu-lab/alpaca,41753,Come up with 3 alternative synonyms for the word “adept”.,,"1. Skilful
2. Proficient
3. Accomplished",Come up with 3 alternative synonyms for the word “adept”.,"1. Skilful
2. Proficient
3. Accomplished"
tatsu-lab/alpaca,41874,Provide an example of something that is cheap and eco-friendly.,,"A reusable water bottle or an organic, natural cleaning product.",Provide an example of something that is cheap and eco-friendly.,"A reusable water bottle or an organic, natural cleaning product."
tatsu-lab/alpaca,41905,What are the advantages of using a Scrum Agile methodology?,,"The advantages of using a Scrum Agile methodology include improved communication, increased accountability, faster project completion, better quality projects, greater customer satisfaction, and better team morale. Additionally, using Scrum Agile allows teams to more easily pivot and respond to changing requirements, which is often necessary in software development.",What are the advantages of using a Scrum Agile methodology?,"The advantages of using a Scrum Agile methodology include improved communication, increased accountability, faster project completion, better quality projects, greater customer satisfaction, and better team morale. Additionally, using Scrum Agile allows teams to more easily pivot and respond to changing requirements, which is often necessary in software development."
tatsu-lab/alpaca,41943,Generate a list of 5 suggested vacation destinations based on the climate of March in Africa.,,"1. Morocco
2. South Africa
3. Kenya
4. Tanzania
5. Zimbabwe",Generate a list of 5 suggested vacation destinations based on the climate of March in Africa.,"1. Morocco
2. South Africa
3. Kenya
4. Tanzania
5. Zimbabwe"
tatsu-lab/alpaca,42006,Design both a logo and a slogan for a laundry service company.,,"The logo should be a colorful, round shape with a picture of a washing machine and a clothesline inside. The slogan can be ""Laundry Done Right"".",Design both a logo and a slogan for a laundry service company.,"The logo should be a colorful, round shape with a picture of a washing machine and a clothesline inside. The slogan can be ""Laundry Done Right""."
tatsu-lab/alpaca,42040,"Create a function that takes an integer as an argument, and prints out its factorial.",,"def factorial(num):
    if num == 0:
        return 1
    else:
        return num * factorial(num - 1)","Create a function that takes an integer as an argument, and prints out its factorial.","def factorial(num):
    if num == 0:
        return 1
    else:
        return num * factorial(num - 1)"
tatsu-lab/alpaca,42129,Create an outline for a short story set in a post-apocalyptic world,,"Outline for a Short Story Set in a Post-Apocalyptic World:

I. Introduction: Setting the Scene – Describe the post-apocalyptic world and introduce the main character. 

II. Rising Action – Establish the climax of the story and the conflict the character is facing.

III. Climax – Describe the pinnacle of the character’s struggle in the post-apocalyptic world and any events that happen at this time.

IV. Falling Action – Describe the resolution of the character’s journey and their new outlook on the world.

V. Conclusion – Bring closure to the story by summarizing what the character has learned and their path forward in the post-apocalyptic world.",Create an outline for a short story set in a post-apocalyptic world,"Outline for a Short Story Set in a Post-Apocalyptic World:

I. Introduction: Setting the Scene – Describe the post-apocalyptic world and introduce the main character. 

II. Rising Action – Establish the climax of the story and the conflict the character is facing.

III. Climax – Describe the pinnacle of the character’s struggle in the post-apocalyptic world and any events that happen at this time.

IV. Falling Action – Describe the resolution of the character’s journey and their new outlook on the world.

V. Conclusion – Bring closure to the story by summarizing what the character has learned and their path forward in the post-apocalyptic world."
tatsu-lab/alpaca,42303,"Search and provide a numeric answer to the question ""how many voting members are in the UN Security Council?""",,"There are 15 voting members of the United Nations Security Council: China, France, Russia, the UK, United States, Belgium, Dominican Republic, Equatorial Guinea, Ethiopia, Indonesia, Kazakhstan, Kuwait, Peru, Poland, and South Africa.","Search and provide a numeric answer to the question ""how many voting members are in the UN Security Council?""","There are 15 voting members of the United Nations Security Council: China, France, Russia, the UK, United States, Belgium, Dominican Republic, Equatorial Guinea, Ethiopia, Indonesia, Kazakhstan, Kuwait, Peru, Poland, and South Africa."
tatsu-lab/alpaca,42348,Name one benefit of using a lead scoring system.,,"One benefit of using a lead scoring system is that it helps prioritize leads so that sales teams can spend their time on the most qualified prospects. Lead scoring systems assign points to leads based on criteria such as demographics, behaviors, and engagement level. This eliminates manual tasks and allows sales teams to focus their efforts on leads who are most likely to make a purchase.",Name one benefit of using a lead scoring system.,"One benefit of using a lead scoring system is that it helps prioritize leads so that sales teams can spend their time on the most qualified prospects. Lead scoring systems assign points to leads based on criteria such as demographics, behaviors, and engagement level. This eliminates manual tasks and allows sales teams to focus their efforts on leads who are most likely to make a purchase."
tatsu-lab/alpaca,42469,Come up with a name for a software that helps people identify possible investment opportunities.,,MaxMine: Investment Opportunities Finder.,Come up with a name for a software that helps people identify possible investment opportunities.,MaxMine: Investment Opportunities Finder.
tatsu-lab/alpaca,42590,Create a short slogan for the following business.,"Globex Inc, a technical consulting services provider","""Your tech needs, Globex Inc.!""","Create a short slogan for the following business.

Input:
Globex Inc, a technical consulting services provider","""Your tech needs, Globex Inc.!"""
tatsu-lab/alpaca,42738,Summarize what this email says.,"Hi there, 

My name is John and I'm writing to you in regards to an opportunity that I think you may be interested in. I recently found out that my company is looking to expand their marketing team and they're in search of a highly qualified individual to join our team. The position is full-time and includes excellent benefits. If you are looking for a new challenge and would be interested in learning more, please contact me at john@example.com. 

Thanks, 
John","John is offering an opportunity to join his company's marketing team. This position is full-time and includes excellent benefits. If you are interested in pursuing this position, you can contact John at john@example.com.","Summarize what this email says.

Input:
Hi there, 

My name is John and I'm writing to you in regards to an opportunity that I think you may be interested in. I recently found out that my company is looking to expand their marketing team and they're in search of a highly qualified individual to join our team. The position is full-time and includes excellent benefits. If you are looking for a new challenge and would be interested in learning more, please contact me at john@example.com. 

Thanks, 
John","John is offering an opportunity to join his company's marketing team. This position is full-time and includes excellent benefits. If you are interested in pursuing this position, you can contact John at john@example.com."
tatsu-lab/alpaca,42824,Write a short story about a young person who has an extraordinary power.,,"Once upon a time, there was a young girl named Danielle who had a secret power - the ability to control luck. Whenever she was faced with a difficult situation, like an upcoming test or a tough sports game, all she had to do was think, and luck would be on her side.

Eventually, word got around about Danielle's power, and soon enough people began paying her to use her ability to their advantage. At first, she was hesitant since she was aware of the potential consequences of using her power irresponsibly. Despite her protests, however, the requests kept coming and soon enough Danielle had established a sort of subscription-based service. 

Danielle's power worked like a charm, and people kept coming back for more. But as her business grew, so did her conscience. She gradually became more and more aware of the power she had over people's lives, and she was determined to use it for good. 

So Danielle decided to turn her luck manipulation power into something positive, by becoming a professional life coach. With her luck-changing abilities, she was able to help people in transforming their lives.

Danielle's extraordinary power proved to be a blessing, instead of a curse, and it allowed her to make a successful career out of helping others.",Write a short story about a young person who has an extraordinary power.,"Once upon a time, there was a young girl named Danielle who had a secret power - the ability to control luck. Whenever she was faced with a difficult situation, like an upcoming test or a tough sports game, all she had to do was think, and luck would be on her side.

Eventually, word got around about Danielle's power, and soon enough people began paying her to use her ability to their advantage. At first, she was hesitant since she was aware of the potential consequences of using her power irresponsibly. Despite her protests, however, the requests kept coming and soon enough Danielle had established a sort of subscription-based service. 

Danielle's power worked like a charm, and people kept coming back for more. But as her business grew, so did her conscience. She gradually became more and more aware of the power she had over people's lives, and she was determined to use it for good. 

So Danielle decided to turn her luck manipulation power into something positive, by becoming a professional life coach. With her luck-changing abilities, she was able to help people in transforming their lives.

Danielle's extraordinary power proved to be a blessing, instead of a curse, and it allowed her to make a successful career out of helping others."
tatsu-lab/alpaca,42858,Connect a device to a local network.,The device is an Android tablet.,"To connect the Android tablet to the local network, you will need to open the device's Wi-Fi settings. Then select the local Wi-Fi network and enter the required credentials (if any) to connect to the network. Once connected, the device should be able to access the local network.","Connect a device to a local network.

Input:
The device is an Android tablet.","To connect the Android tablet to the local network, you will need to open the device's Wi-Fi settings. Then select the local Wi-Fi network and enter the required credentials (if any) to connect to the network. Once connected, the device should be able to access the local network."
tatsu-lab/alpaca,42906,"Find a synonym for the phrase ""scared witless"".",,Terrified.,"Find a synonym for the phrase ""scared witless"".",Terrified.
tatsu-lab/alpaca,42954,Compare a hurricane to a tornado,,"Though hurricanes and tornadoes are both powerful wind storms, they actually have very different structures and effects. Hurricanes are much larger in size and scale than tornadoes, develop over a larger area, and can last for several days or even weeks. They are also much more destructive, with their strong winds and heavy rains capable of causing widespread flooding and damage. Tornadoes, on the other hand, are much smaller and more contained with their funnel shaped path and often only last a few minutes. However, they can also have devastating effects, as their very strong winds are capable of causing significant destruction.",Compare a hurricane to a tornado,"Though hurricanes and tornadoes are both powerful wind storms, they actually have very different structures and effects. Hurricanes are much larger in size and scale than tornadoes, develop over a larger area, and can last for several days or even weeks. They are also much more destructive, with their strong winds and heavy rains capable of causing widespread flooding and damage. Tornadoes, on the other hand, are much smaller and more contained with their funnel shaped path and often only last a few minutes. However, they can also have devastating effects, as their very strong winds are capable of causing significant destruction."
tatsu-lab/alpaca,42995,Find the opposite meaning of “arbitrary”,,Non-arbitrary.,Find the opposite meaning of “arbitrary”,Non-arbitrary.
tatsu-lab/alpaca,43081,Cite an example of a collective noun.,,"A flock of birds, a pride of lions, a pack of wolves, a school of fish.",Cite an example of a collective noun.,"A flock of birds, a pride of lions, a pack of wolves, a school of fish."
tatsu-lab/alpaca,43178,Give a description of a typical day in the life of a software developer,,"A software developer will typically start their day by attending team meetings and discussing any ongoing tasks and issues that need to be addressed. After the meeting, they will usually dive into the code to fix any outstanding errors or implement new features. As the day progresses, they might be involved in unit testing to ensure the quality of the code, as well as code reviews with other developers to ensure code accuracy. The day could also involve interacting with other departments or stakeholders to ensure technical decisions fit into the overall goals of the project. At the end of the day, developers typically tie up any loose ends and prepare for the next day by creating a list of tasks to be done or writing up any notes on tasks they've completed.",Give a description of a typical day in the life of a software developer,"A software developer will typically start their day by attending team meetings and discussing any ongoing tasks and issues that need to be addressed. After the meeting, they will usually dive into the code to fix any outstanding errors or implement new features. As the day progresses, they might be involved in unit testing to ensure the quality of the code, as well as code reviews with other developers to ensure code accuracy. The day could also involve interacting with other departments or stakeholders to ensure technical decisions fit into the overall goals of the project. At the end of the day, developers typically tie up any loose ends and prepare for the next day by creating a list of tasks to be done or writing up any notes on tasks they've completed."
tatsu-lab/alpaca,43187,Outline an argumentative essay on the topic of animal testing.,,"Outline of Argumentative Essay on Animal Testing:

I. Introduction 
A. Definition of animal testing 
B. Overview of the pros and cons of animal testing 

II. Body 
A. The history of animal testing 
B. The pros of animal testing 
1. It can lead to medical breakthroughs 
2. It can have benefits for the animals and the research scientists 
C. The cons of animal testing 
1. It can cause animals to suffer 
2. It can be seen as unethical and cruel 

III. Conclusion 
A. Summary of the pros and cons of animal testing 
B. Argument advocating for the abolishment of animal testing 
C. Call for a more ethical method of research",Outline an argumentative essay on the topic of animal testing.,"Outline of Argumentative Essay on Animal Testing:

I. Introduction 
A. Definition of animal testing 
B. Overview of the pros and cons of animal testing 

II. Body 
A. The history of animal testing 
B. The pros of animal testing 
1. It can lead to medical breakthroughs 
2. It can have benefits for the animals and the research scientists 
C. The cons of animal testing 
1. It can cause animals to suffer 
2. It can be seen as unethical and cruel 

III. Conclusion 
A. Summary of the pros and cons of animal testing 
B. Argument advocating for the abolishment of animal testing 
C. Call for a more ethical method of research"
tatsu-lab/alpaca,43237,How is linear regression used in predictive modeling?,,"Linear regression is a machine learning method used in predictive modeling. It involves fitting a linear model that attempts to minimize the sum of the squared errors between the predicted value and the true value. The model uses multiple variables, such as the input variables, to predict a numerical outcomes. It can be used to identify trends in data, estimate future trends, and even predict prices or stock returns.",How is linear regression used in predictive modeling?,"Linear regression is a machine learning method used in predictive modeling. It involves fitting a linear model that attempts to minimize the sum of the squared errors between the predicted value and the true value. The model uses multiple variables, such as the input variables, to predict a numerical outcomes. It can be used to identify trends in data, estimate future trends, and even predict prices or stock returns."
tatsu-lab/alpaca,43255,Describe a situation when a friend is cheating on a test and what should one should do about it.,,"A friend cheating on a test is an ethical dilemma that can be difficult to navigate. On one hand, it may be beneficial for the friend to ""get away with it"" in the short-term. On the other hand, it is not fair to their peers who are working hard and staying honest. In addition, condoning cheating sets a problematic precedent and encourages similar behavior in the future. In this situation, one should confront their friend and explain why cheating is wrong, and suggest exploring alternative strategies before engaging in unethical behavior.",Describe a situation when a friend is cheating on a test and what should one should do about it.,"A friend cheating on a test is an ethical dilemma that can be difficult to navigate. On one hand, it may be beneficial for the friend to ""get away with it"" in the short-term. On the other hand, it is not fair to their peers who are working hard and staying honest. In addition, condoning cheating sets a problematic precedent and encourages similar behavior in the future. In this situation, one should confront their friend and explain why cheating is wrong, and suggest exploring alternative strategies before engaging in unethical behavior."
tatsu-lab/alpaca,43336,"Given a list of dates, provide the exact year for each.","May 31,
April 15,
June 8,","May 31, 2020
April 15, 2020
June 8, 2020","Given a list of dates, provide the exact year for each.

Input:
May 31,
April 15,
June 8,","May 31, 2020
April 15, 2020
June 8, 2020"
tatsu-lab/alpaca,43376,What fraction is equivalent to 0.5?,,1/2,What fraction is equivalent to 0.5?,1/2
tatsu-lab/alpaca,43475,Suggest an educational field trip for children,,"A great educational field trip for children would be to visit a local zoo or animal park. Children would get to observe and learn about a variety of animals, as well as gain understanding of the conservation efforts needed to protect them.",Suggest an educational field trip for children,"A great educational field trip for children would be to visit a local zoo or animal park. Children would get to observe and learn about a variety of animals, as well as gain understanding of the conservation efforts needed to protect them."
tatsu-lab/alpaca,43506,Pick one of the following cultures and explain its traditions.,Hindu culture,"Hindu culture is based on the Hindu religion, which includes a diverse set of beliefs, practices, and rituals. The main beliefs revolve around a set of gods and goddesses, and their stories, which are shared by followers. There are a variety of festivals and social occasions celebrated, from Holi to Diwali, which involve colorful rituals and ceremonies. Customs and traditions incorporate music, dance, art and literature. Food plays an important role in Hindu culture, with different dishes being cooked to honor specific gods or goddesses.","Pick one of the following cultures and explain its traditions.

Input:
Hindu culture","Hindu culture is based on the Hindu religion, which includes a diverse set of beliefs, practices, and rituals. The main beliefs revolve around a set of gods and goddesses, and their stories, which are shared by followers. There are a variety of festivals and social occasions celebrated, from Holi to Diwali, which involve colorful rituals and ceremonies. Customs and traditions incorporate music, dance, art and literature. Food plays an important role in Hindu culture, with different dishes being cooked to honor specific gods or goddesses."
tatsu-lab/alpaca,43531,What are the three main differences between humans and animals?,,"The three main differences between humans and animals are:

1. Cognitive Ability: Human beings have advanced cognitive abilities such as problem solving, abstract thought, and language. Animals possess only basic cognitive abilities.

2. Self-Awareness: Humans are self-aware, meaning they are aware of their own existence and can recognize themselves in a mirror. Animals do not possess this ability.

3. Cultural Development: Humans have the capacity to create and develop complex cultures and societies. Animals, on the other hand, lack the capacity for such development.",What are the three main differences between humans and animals?,"The three main differences between humans and animals are:

1. Cognitive Ability: Human beings have advanced cognitive abilities such as problem solving, abstract thought, and language. Animals possess only basic cognitive abilities.

2. Self-Awareness: Humans are self-aware, meaning they are aware of their own existence and can recognize themselves in a mirror. Animals do not possess this ability.

3. Cultural Development: Humans have the capacity to create and develop complex cultures and societies. Animals, on the other hand, lack the capacity for such development."
tatsu-lab/alpaca,43576,Design an animal shelter.,,"An animal shelter should have secure fencing and outdoor areas for exercise, with shade and shelter from the elements. It should have indoor areas separated into different sections for different species. The shelter should also have medical facilities, with a veterinarian and staff to monitor the animals' health, as well as training areas to help socialize the animals and prepare them for adoption. Additionally, the shelter should have administrative areas, such as a reception, storage and break rooms.",Design an animal shelter.,"An animal shelter should have secure fencing and outdoor areas for exercise, with shade and shelter from the elements. It should have indoor areas separated into different sections for different species. The shelter should also have medical facilities, with a veterinarian and staff to monitor the animals' health, as well as training areas to help socialize the animals and prepare them for adoption. Additionally, the shelter should have administrative areas, such as a reception, storage and break rooms."
tatsu-lab/alpaca,43705,"Given a set of data points, calculate the linear slope.","Data points: (2,0), (5,3), (7,4)",The linear slope of the set of data points is 0.714.,"Given a set of data points, calculate the linear slope.

Input:
Data points: (2,0), (5,3), (7,4)",The linear slope of the set of data points is 0.714.
tatsu-lab/alpaca,43708,Send an email to your professor after class.,Subject: Feedback from Class,"Dear Professor ____,

I wanted to share my feedback from today's class. I appreciate the discussion we had and the resources you provided. I found the topic very interesting and I am looking forward to learning more in future classes.

Thank you for your time,
[Name]","Send an email to your professor after class.

Input:
Subject: Feedback from Class","Dear Professor ____,

I wanted to share my feedback from today's class. I appreciate the discussion we had and the resources you provided. I found the topic very interesting and I am looking forward to learning more in future classes.

Thank you for your time,
[Name]"
tatsu-lab/alpaca,43750,Brainstorm three innovative marketing strategies.,,"- Leverage social media influencers to help spread awareness of the brand.
- Utilize online advertising campaigns targeting specific user segments. 
- Develop a loyalty program to reward long-term customers.",Brainstorm three innovative marketing strategies.,"- Leverage social media influencers to help spread awareness of the brand.
- Utilize online advertising campaigns targeting specific user segments. 
- Develop a loyalty program to reward long-term customers."
tatsu-lab/alpaca,43769,How does culture influence a person's identity?,,"Culture plays an important role in forming a person's identity, as it shapes their beliefs, values, and motivations. It also is integral to a person's sense of self, as it provides shared experiences, symbols, and behavior that can become defining features of a person's identity. Cultural values, norms, and traditions influence how people interact with each other, as well as their broader environment and the world.",How does culture influence a person's identity?,"Culture plays an important role in forming a person's identity, as it shapes their beliefs, values, and motivations. It also is integral to a person's sense of self, as it provides shared experiences, symbols, and behavior that can become defining features of a person's identity. Cultural values, norms, and traditions influence how people interact with each other, as well as their broader environment and the world."
tatsu-lab/alpaca,43842,Construct a query to pull the top 10 countries in terms of population.,,"SELECT country, population FROM Countries ORDER BY population DESC LIMIT 10.",Construct a query to pull the top 10 countries in terms of population.,"SELECT country, population FROM Countries ORDER BY population DESC LIMIT 10."
tatsu-lab/alpaca,43891,Summarize the goal of machine learning,,"The goal of machine learning is to develop algorithms and processes that enable machines to recognize patterns, learn by experience, and be able to make decisions and take appropriate action without requiring humans to do so.",Summarize the goal of machine learning,"The goal of machine learning is to develop algorithms and processes that enable machines to recognize patterns, learn by experience, and be able to make decisions and take appropriate action without requiring humans to do so."
tatsu-lab/alpaca,43903,Suggest a strategy to prevent water spills on a kitchen countertop.,,Place an absorbent mat or paper towels under the sink and at the back of the countertop to prevent water spills.,Suggest a strategy to prevent water spills on a kitchen countertop.,Place an absorbent mat or paper towels under the sink and at the back of the countertop to prevent water spills.
tatsu-lab/alpaca,43920,Convert the following times into 12 hours format.,13:10,1:10 pm,"Convert the following times into 12 hours format.

Input:
13:10",1:10 pm
tatsu-lab/alpaca,43950,"Suggest a suitable article headline for the following news story: ""Talks between the two countries failed to reach an agreement.""",,No Agreement Reached in Talks Between Two Countries.,"Suggest a suitable article headline for the following news story: ""Talks between the two countries failed to reach an agreement.""",No Agreement Reached in Talks Between Two Countries.
tatsu-lab/alpaca,44019,"Identify the figure of speech in the sentence: ""The wind is my violin and the trees are my strings.""",,The figure of speech in the sentence is a metaphor.,"Identify the figure of speech in the sentence: ""The wind is my violin and the trees are my strings.""",The figure of speech in the sentence is a metaphor.
tatsu-lab/alpaca,44092,Design a professional email signature for a digital marketing manager.,"Name: John Johnson
Profession: Digital Marketing Manager
Contact: john@example.com","John Johnson 
Digital Marketing Manager 
john@example.com 
| Understand Your Audience | Create Engaging Content | Analyze Performance |","Design a professional email signature for a digital marketing manager.

Input:
Name: John Johnson
Profession: Digital Marketing Manager
Contact: john@example.com","John Johnson 
Digital Marketing Manager 
john@example.com 
| Understand Your Audience | Create Engaging Content | Analyze Performance |"
tatsu-lab/alpaca,44129,Tell me an interesting fact about the country which provided you with the highest education.,,The United States is home to the highest number of Nobel Prize winners in the world.,Tell me an interesting fact about the country which provided you with the highest education.,The United States is home to the highest number of Nobel Prize winners in the world.
tatsu-lab/alpaca,44250,Rewrite the sentence to turn it into a rhetorical question.,We need to put our phones away,Shouldn't we put our phones away?,"Rewrite the sentence to turn it into a rhetorical question.

Input:
We need to put our phones away",Shouldn't we put our phones away?
tatsu-lab/alpaca,44277,"Given the following table, generate a bar chart that displays the total sales of each product.","Table:
Product   | Sales
--------- | -----
Apples   | 5000
Oranges  | 4500
Bananas  | 3000","A bar chart with three bars, representing the products Apples, Oranges, and Bananas, showing the sales for each product with labels and the corresponding sales.","Given the following table, generate a bar chart that displays the total sales of each product.

Input:
Table:
Product   | Sales
--------- | -----
Apples   | 5000
Oranges  | 4500
Bananas  | 3000","A bar chart with three bars, representing the products Apples, Oranges, and Bananas, showing the sales for each product with labels and the corresponding sales."
tatsu-lab/alpaca,44348,Assign a category to the given list of words.,"food, furniture, books",The given list of words belong to the category of items commonly found in a retail store.,"Assign a category to the given list of words.

Input:
food, furniture, books",The given list of words belong to the category of items commonly found in a retail store.
tatsu-lab/alpaca,44388,Generate three original analogies that illustrate the concept of exponential growth.,,"Analogies for exponential growth:
1. A snowball rolling down a hill, getting bigger and faster as it goes.
2. A broken dam releasing a flood, the force of which continues to increase.
3. A fire spreading quickly, reaching far faster than it originally started.",Generate three original analogies that illustrate the concept of exponential growth.,"Analogies for exponential growth:
1. A snowball rolling down a hill, getting bigger and faster as it goes.
2. A broken dam releasing a flood, the force of which continues to increase.
3. A fire spreading quickly, reaching far faster than it originally started."
tatsu-lab/alpaca,44532,Determine if the mouth is the correct word for the context.,He was speaking through his food.,"No, the correct word is mouth.","Determine if the mouth is the correct word for the context.

Input:
He was speaking through his food.","No, the correct word is mouth."
tatsu-lab/alpaca,44583,Group these words as related topics,"Baseball, basketball, football, tennis","Sports: Baseball, basketball, football, tennis.","Group these words as related topics

Input:
Baseball, basketball, football, tennis","Sports: Baseball, basketball, football, tennis."
tatsu-lab/alpaca,44596,Construct a regular expression that matches a five-digit zipcode,,The regular expression for matching a five-digit zipcode is `\d{5}`.,Construct a regular expression that matches a five-digit zipcode,The regular expression for matching a five-digit zipcode is `\d{5}`.
tatsu-lab/alpaca,44676,Name five reasons why artificial intelligence is important for businesses.,No input.,"1. Artificial Intelligence provides businesses with greater accuracy and faster decisions. 
2. AI enables businesses to make data-driven decisions, aiding in forecasting future trends and outcomes. 
3. AI can automate and streamline tedious, time-consuming tasks, freeing up resources and financial savings. 
4. AI solutions can personalize customer experiences and interactions, allowing companies to better understand their customers’ needs. 
5. AI can help businesses identify potential risks and vulnerabilities, as well as opportunities for growth.","Name five reasons why artificial intelligence is important for businesses.

Input:
No input.","1. Artificial Intelligence provides businesses with greater accuracy and faster decisions. 
2. AI enables businesses to make data-driven decisions, aiding in forecasting future trends and outcomes. 
3. AI can automate and streamline tedious, time-consuming tasks, freeing up resources and financial savings. 
4. AI solutions can personalize customer experiences and interactions, allowing companies to better understand their customers’ needs. 
5. AI can help businesses identify potential risks and vulnerabilities, as well as opportunities for growth."
tatsu-lab/alpaca,44699,Find the intersecting point of these two lines,"x + 3y = 6
2x - 4y = 3","The intersecting point of these two lines is (1,1).","Find the intersecting point of these two lines

Input:
x + 3y = 6
2x - 4y = 3","The intersecting point of these two lines is (1,1)."
tatsu-lab/alpaca,44796,Write a web page about the birds of North America.,,"Welcome to the wonderful world of North American birds! Here you will find detailed information about the birds of North America, including descriptions of different species, information on bird behavior, tips on birdwatching, and more. 

North America is home to a wide variety of beautiful, fascinating birds. From the majestic Bald Eagle to the playful Northern Cardinal, North America is teeming with amazing avian life. Whether you're a passionate birdwatcher or looking to learn more about the feathered friends sharing your backyard, there are plenty of opportunities for discovery. 

By understanding the various species of birds that can be found in the United States and Canada, you can gain a greater appreciation for their beauty and diversity - and you may even find a new hobby while you're at it! 

So come explore the wonderful world of North American birds - we know you won't be disappointed!",Write a web page about the birds of North America.,"Welcome to the wonderful world of North American birds! Here you will find detailed information about the birds of North America, including descriptions of different species, information on bird behavior, tips on birdwatching, and more. 

North America is home to a wide variety of beautiful, fascinating birds. From the majestic Bald Eagle to the playful Northern Cardinal, North America is teeming with amazing avian life. Whether you're a passionate birdwatcher or looking to learn more about the feathered friends sharing your backyard, there are plenty of opportunities for discovery. 

By understanding the various species of birds that can be found in the United States and Canada, you can gain a greater appreciation for their beauty and diversity - and you may even find a new hobby while you're at it! 

So come explore the wonderful world of North American birds - we know you won't be disappointed!"
tatsu-lab/alpaca,44866,Restate the first sentence of the text in your own words.,Nothing is more daunting than speaking in front of a large crowd.,Addressing a large gathering can be intimidating.,"Restate the first sentence of the text in your own words.

Input:
Nothing is more daunting than speaking in front of a large crowd.",Addressing a large gathering can be intimidating.
tatsu-lab/alpaca,45013,What is the purpose of using hashtags on social media?,,"The purpose of using hashtags on social media is to effectively categorize content and make it easier for users to discover and interact with the content. Hashtags are used to organized conversations around a certain topic, making it easier to find related content, follow trends, and join in on the conversation. They also help to boost visibility of content, since hashtags can be used to search and discover content across social media platforms.",What is the purpose of using hashtags on social media?,"The purpose of using hashtags on social media is to effectively categorize content and make it easier for users to discover and interact with the content. Hashtags are used to organized conversations around a certain topic, making it easier to find related content, follow trends, and join in on the conversation. They also help to boost visibility of content, since hashtags can be used to search and discover content across social media platforms."
tatsu-lab/alpaca,45055,Rewrite the following sentence using active voice instead of passive voice: The game was watched by hundreds of viewers.,noinput,Hundreds of viewers watched the game.,"Rewrite the following sentence using active voice instead of passive voice: The game was watched by hundreds of viewers.

Input:
noinput",Hundreds of viewers watched the game.
tatsu-lab/alpaca,45064,"Insert a missing word to make a complete sentence: ""The question is difficult to _____.""",,The question is difficult to answer.,"Insert a missing word to make a complete sentence: ""The question is difficult to _____.""",The question is difficult to answer.
tatsu-lab/alpaca,45099,Explain why stocks are a good form of investment.,,"Stocks are an attractive form of investment because they can provide a great source of passive income. Stocks typically have the potential to provide a higher return than other forms of investments with less risk. By holding a portfolio of carefully selected stocks, investors can benefit from the potential for long-term growth, higher dividends, and increased liquidity. Additionally, investing in stocks can help to diversify a portfolio, reducing risk.",Explain why stocks are a good form of investment.,"Stocks are an attractive form of investment because they can provide a great source of passive income. Stocks typically have the potential to provide a higher return than other forms of investments with less risk. By holding a portfolio of carefully selected stocks, investors can benefit from the potential for long-term growth, higher dividends, and increased liquidity. Additionally, investing in stocks can help to diversify a portfolio, reducing risk."
tatsu-lab/alpaca,45211,"Given a description of a personal event, write a verse in haiku style.",Swimming in the sea on a sunny day,"Crystal waves inviting me
The sun's warmth on my skin
Gladness for this day.","Given a description of a personal event, write a verse in haiku style.

Input:
Swimming in the sea on a sunny day","Crystal waves inviting me
The sun's warmth on my skin
Gladness for this day."
tatsu-lab/alpaca,45286,"Make a smoothie using these ingredients: frozen strawberries, banana, orange juice, and honey.",,"To make a smoothie, blend together 1 banana, 1 1/2 cups of frozen strawberries, 1 cup of orange juice, and 1 tablespoon of honey. Enjoy!","Make a smoothie using these ingredients: frozen strawberries, banana, orange juice, and honey.","To make a smoothie, blend together 1 banana, 1 1/2 cups of frozen strawberries, 1 cup of orange juice, and 1 tablespoon of honey. Enjoy!"
tatsu-lab/alpaca,45607,Report a bug for the given software.,The newly released online shopping widget has been crashing intermittently.,We have identified a bug on the new online shopping widget which causes unpredictable crashing.,"Report a bug for the given software.

Input:
The newly released online shopping widget has been crashing intermittently.",We have identified a bug on the new online shopping widget which causes unpredictable crashing.
tatsu-lab/alpaca,45636,Describe the evolutionary theory,,"Evolutionary theory is the scientific theory that proposes all living organisms descended from a common ancestor. It states that organisms adapt to their environment through a process of natural selection and mutation, which Darwin termed “descent with modification”.",Describe the evolutionary theory,"Evolutionary theory is the scientific theory that proposes all living organisms descended from a common ancestor. It states that organisms adapt to their environment through a process of natural selection and mutation, which Darwin termed “descent with modification”."
tatsu-lab/alpaca,45651,Suggest a topic for a book about developing countries,,A book about the Challenges and Opportunities in Developing Countries.,Suggest a topic for a book about developing countries,A book about the Challenges and Opportunities in Developing Countries.
tatsu-lab/alpaca,45692,Create instructions for how to make an omelette.,,"Instructions for Making an Omelette: 
1. Crack 2 eggs into a bowl and whisk until the whites and yolks are combined. 
2. Add a pinch of salt and pepper, and stir until evenly distributed. 
3. Heat a non-stick pan over medium-high heat, adding a tablespoon of butter or oil. 
4. Add the egg mixture and move the pan around to evenly distribute. 
5. Once the eggs begin to set, use a spatula to push the sides of the omelette towards the center. 
6. Once the omelette is set, flip the omelette over and cook the other side. 
7. Remove from the heat and slide onto a plate. Add your favorite topping and serve.",Create instructions for how to make an omelette.,"Instructions for Making an Omelette: 
1. Crack 2 eggs into a bowl and whisk until the whites and yolks are combined. 
2. Add a pinch of salt and pepper, and stir until evenly distributed. 
3. Heat a non-stick pan over medium-high heat, adding a tablespoon of butter or oil. 
4. Add the egg mixture and move the pan around to evenly distribute. 
5. Once the eggs begin to set, use a spatula to push the sides of the omelette towards the center. 
6. Once the omelette is set, flip the omelette over and cook the other side. 
7. Remove from the heat and slide onto a plate. Add your favorite topping and serve."
tatsu-lab/alpaca,45753,Generate a list of 3 potential strategies to reduce pollution in an urban area.,,"1. Implementing stricter regulations on industries that produce large amounts of pollution and increasing fines for violations.
2. Installing energy efficient systems in buildings to reduce the use of energy sources that produce air pollution.
3. Raising public awareness of the impact of air pollution on health and offering resources to help people reduce their own contributions to air pollution.",Generate a list of 3 potential strategies to reduce pollution in an urban area.,"1. Implementing stricter regulations on industries that produce large amounts of pollution and increasing fines for violations.
2. Installing energy efficient systems in buildings to reduce the use of energy sources that produce air pollution.
3. Raising public awareness of the impact of air pollution on health and offering resources to help people reduce their own contributions to air pollution."
tatsu-lab/alpaca,45958,Write a tweet that promotes a local musician,,Check out @LocalArtist's latest release! Their captivating melodies and powerful lyrics will keep you coming back for more. #SupportLocalArtists,Write a tweet that promotes a local musician,Check out @LocalArtist's latest release! Their captivating melodies and powerful lyrics will keep you coming back for more. #SupportLocalArtists
tatsu-lab/alpaca,45962,Name some advantages of using AI in business,,"Some advantages of using AI in business include improved customer service and user experience, increased efficiency and accuracy, cost savings, improved decision-making, and better insights into customer behavior. Additionally, AI can also help organizations automate tedious tasks, freeing up staff and resources for strategic activities.",Name some advantages of using AI in business,"Some advantages of using AI in business include improved customer service and user experience, increased efficiency and accuracy, cost savings, improved decision-making, and better insights into customer behavior. Additionally, AI can also help organizations automate tedious tasks, freeing up staff and resources for strategic activities."
tatsu-lab/alpaca,45994,Give a detailed description of the differences between Marxism and Capitalism.,,"Marxism and Capitalism are two antithetical economic theories. Marxism advocates for a classless society and the public ownership of the means of production. This means that all workers would be paid the same and have the same access to resources. Capitalism, on the other hand, is based on free market principles that allow free trade to dictate the terms of the economic system. It promotes private ownership, profit-maximization, and competition among workers to push them to be more productive. Ultimately, Marxism is based on the idea that resources should be used to benefit everyone while Capitalism relies on competition and markets to assign value to goods and services.",Give a detailed description of the differences between Marxism and Capitalism.,"Marxism and Capitalism are two antithetical economic theories. Marxism advocates for a classless society and the public ownership of the means of production. This means that all workers would be paid the same and have the same access to resources. Capitalism, on the other hand, is based on free market principles that allow free trade to dictate the terms of the economic system. It promotes private ownership, profit-maximization, and competition among workers to push them to be more productive. Ultimately, Marxism is based on the idea that resources should be used to benefit everyone while Capitalism relies on competition and markets to assign value to goods and services."
tatsu-lab/alpaca,46107,Suggest a vegetarian dish using the ingredients provided.,"rice, beans, onions, peppers","Vegetarian burrito bowls. Cook the rice according to package instructions. Heat oil in a skillet and add the onions, peppers, and beans. Cook until the vegetables are tender. Serve the vegetables and rice in separate bowls, and let everyone assemble their own burrito bowl.","Suggest a vegetarian dish using the ingredients provided.

Input:
rice, beans, onions, peppers","Vegetarian burrito bowls. Cook the rice according to package instructions. Heat oil in a skillet and add the onions, peppers, and beans. Cook until the vegetables are tender. Serve the vegetables and rice in separate bowls, and let everyone assemble their own burrito bowl."
tatsu-lab/alpaca,46174,"Identify a theme in William Wordsworth’s poem, “Daffodils”",,"The theme of William Wordsworth's poem, “Daffodils” is that of contentment and joy in the beauty of the simple moments of life. The poem speaks of the narrator's appreciation of nature and serves to remind the reader of the small events that bring us joy. The poem also reminds us to take time to take notice of and appreciate the beauty in the world and in our lives.","Identify a theme in William Wordsworth’s poem, “Daffodils”","The theme of William Wordsworth's poem, “Daffodils” is that of contentment and joy in the beauty of the simple moments of life. The poem speaks of the narrator's appreciation of nature and serves to remind the reader of the small events that bring us joy. The poem also reminds us to take time to take notice of and appreciate the beauty in the world and in our lives."
tatsu-lab/alpaca,46246,Explain how GitHub can be used as a project management tool.,,"GitHub can be used as an effective project management tool by leveraging its various features. GitHub allows users to create repositories which acts as a centralised hub for all of the project’s documents, code, and other related materials. By using features such as pull requests, code reviews, and branch permissions, users can control changes to the project code and documents. Additionally, GitHub can be used for collaboration by giving users visibility into the progress of a project and its members. Through its wide range of features, GitHub can be used to track, organise, and manage the development of any project.",Explain how GitHub can be used as a project management tool.,"GitHub can be used as an effective project management tool by leveraging its various features. GitHub allows users to create repositories which acts as a centralised hub for all of the project’s documents, code, and other related materials. By using features such as pull requests, code reviews, and branch permissions, users can control changes to the project code and documents. Additionally, GitHub can be used for collaboration by giving users visibility into the progress of a project and its members. Through its wide range of features, GitHub can be used to track, organise, and manage the development of any project."
tatsu-lab/alpaca,46389,Calculate the average year-over-year growth rate of the given market.,Global e-commerce market,The average year-over-year growth rate of the Global e-commerce market between 2019 and 2020 was 9.2%.,"Calculate the average year-over-year growth rate of the given market.

Input:
Global e-commerce market",The average year-over-year growth rate of the Global e-commerce market between 2019 and 2020 was 9.2%.
tatsu-lab/alpaca,46450,Create a sentence about the history of France,,"France has had a rich and vibrant history, dating back at least to the sixth century BC.",Create a sentence about the history of France,"France has had a rich and vibrant history, dating back at least to the sixth century BC."
tatsu-lab/alpaca,46723,List four steps to reduce health care costs.,,"Four steps to reduce health care costs are using generic brands when appropriate, comparison shopping for health care services, joining discount networks or health savings accounts, and getting annual checkups.",List four steps to reduce health care costs.,"Four steps to reduce health care costs are using generic brands when appropriate, comparison shopping for health care services, joining discount networks or health savings accounts, and getting annual checkups."
tatsu-lab/alpaca,46925,Write a URL using a given text-string,diversity in tech,https://www.diversityintech.com/,"Write a URL using a given text-string

Input:
diversity in tech",https://www.diversityintech.com/
tatsu-lab/alpaca,46936,Sort the following shapes in ascending order according to their area,"Rectangle, Circle, Triangle","Triangle, Circle, Rectangle","Sort the following shapes in ascending order according to their area

Input:
Rectangle, Circle, Triangle","Triangle, Circle, Rectangle"
tatsu-lab/alpaca,47029,Rewrite the sentence and use the word 'presidential',Alice got an exciting job at a high-level company.,Alice got an exhilarating job at a presidential-level company.,"Rewrite the sentence and use the word 'presidential'

Input:
Alice got an exciting job at a high-level company.",Alice got an exhilarating job at a presidential-level company.
tatsu-lab/alpaca,47049,Learn a new skill online in one hour.,,"You can learn the basics of a new skill online in an hour by taking an online course, reading articles or tutorials, watching instructional videos, or finding other learning resources on the internet.",Learn a new skill online in one hour.,"You can learn the basics of a new skill online in an hour by taking an online course, reading articles or tutorials, watching instructional videos, or finding other learning resources on the internet."
tatsu-lab/alpaca,47077,"Given the name of the city, identify the major attractions there.",Tokyo,"Major attractions in Tokyo include the Tsukiji Fish Market, Meiji Shrine, Senso-ji Temple, Imperial Palace, Tokyo Skytree, Harajuku, and Shinjuku Gyoen National Garden.","Given the name of the city, identify the major attractions there.

Input:
Tokyo","Major attractions in Tokyo include the Tsukiji Fish Market, Meiji Shrine, Senso-ji Temple, Imperial Palace, Tokyo Skytree, Harajuku, and Shinjuku Gyoen National Garden."
tatsu-lab/alpaca,47081,"Given a description of the symptom, suggest the possible causes.",My foot is swollen and painful.,"The possible causes for a swollen and painful foot could be an injury, a sprain, an insect bite, an infection, or gout.","Given a description of the symptom, suggest the possible causes.

Input:
My foot is swollen and painful.","The possible causes for a swollen and painful foot could be an injury, a sprain, an insect bite, an infection, or gout."
tatsu-lab/alpaca,47148,Convert 5 yards to feet,,5 yards is equal to 15 feet.,Convert 5 yards to feet,5 yards is equal to 15 feet.
tatsu-lab/alpaca,47164,Identify the most suitable genre for the given text.,It was a cold winter night and a man was walking through the snow-covered streets until he saw something strange in the sky.,Mystery/Fantasy,"Identify the most suitable genre for the given text.

Input:
It was a cold winter night and a man was walking through the snow-covered streets until he saw something strange in the sky.",Mystery/Fantasy
tatsu-lab/alpaca,47169,Give me a general overview of Artificial Intelligence (AI).,,"Artificial Intelligence (AI) is a computer science field that involves creating intelligent machines that can think, learn, and act independently. AI is used for tasks such as facial recognition, natural language processing, automated planning, and robotics. AI has a wide range of applications from simple tasks such as automated web searches to complex tasks such as medical diagnosis and autonomous robots. AI is increasingly being used to augment and augment humans by providing assistance and advice.",Give me a general overview of Artificial Intelligence (AI).,"Artificial Intelligence (AI) is a computer science field that involves creating intelligent machines that can think, learn, and act independently. AI is used for tasks such as facial recognition, natural language processing, automated planning, and robotics. AI has a wide range of applications from simple tasks such as automated web searches to complex tasks such as medical diagnosis and autonomous robots. AI is increasingly being used to augment and augment humans by providing assistance and advice."
tatsu-lab/alpaca,47233,Are tarantulas poisonous? Give a detailed answer.,,"The majority of tarantulas are not poisonous, with less than 1% actually being dangerous to humans. The ones that are considered dangerous have a neurotoxin in their venom and can cause pain, swelling, and possibly an anaphylactic reaction in some people. However, such tarantulas are not actually lethal and typically only cause an unpleasant sensation. Tarantulas that are not considered poisonous usually have a defensives mechanism of urticating hairs that can cause irritation in the skin and mucous membranes.",Are tarantulas poisonous? Give a detailed answer.,"The majority of tarantulas are not poisonous, with less than 1% actually being dangerous to humans. The ones that are considered dangerous have a neurotoxin in their venom and can cause pain, swelling, and possibly an anaphylactic reaction in some people. However, such tarantulas are not actually lethal and typically only cause an unpleasant sensation. Tarantulas that are not considered poisonous usually have a defensives mechanism of urticating hairs that can cause irritation in the skin and mucous membranes."
tatsu-lab/alpaca,47323,"Rewrite the sentence: ""I should of been there earlier""",,I should have been there earlier.,"Rewrite the sentence: ""I should of been there earlier""",I should have been there earlier.
tatsu-lab/alpaca,47405,Create a short story with the setting of a busy airport.,,"The busy airport was filled with the hum of the crowd as they impatiently waited for their flights. It was almost impossible to move through the bustling crowd, filled with people of all ages and backgrounds. At the center of it all was an old woman who was standing still and looking around with a sense of fear. She seemed misplaced and overwhelmed by the chaos around her. Suddenly, a young man approached her and asked what she was looking for. She explained that she had missed her flight and needed help. The man listened intently and offered to help her. After a few moments of searching, he was able to locate her flight and get her on board. The woman was overwhelmed by the man's kindness, and she thanked him before boarding the plane.",Create a short story with the setting of a busy airport.,"The busy airport was filled with the hum of the crowd as they impatiently waited for their flights. It was almost impossible to move through the bustling crowd, filled with people of all ages and backgrounds. At the center of it all was an old woman who was standing still and looking around with a sense of fear. She seemed misplaced and overwhelmed by the chaos around her. Suddenly, a young man approached her and asked what she was looking for. She explained that she had missed her flight and needed help. The man listened intently and offered to help her. After a few moments of searching, he was able to locate her flight and get her on board. The woman was overwhelmed by the man's kindness, and she thanked him before boarding the plane."
tatsu-lab/alpaca,47724,How much does the Earth weigh?,,The Earth weighs approximately 5.972 sextillion tons or 5.972 x 10^21 kilograms.,How much does the Earth weigh?,The Earth weighs approximately 5.972 sextillion tons or 5.972 x 10^21 kilograms.
tatsu-lab/alpaca,47745,"Label each of the given pieces of data as either ""discrete"" or ""continuous"".",Height,Continuous,"Label each of the given pieces of data as either ""discrete"" or ""continuous"".

Input:
Height",Continuous
tatsu-lab/alpaca,47780,Name 5 popular musical instruments.,,"Five popular musical instruments are piano, guitar, drums, violin, and flute.",Name 5 popular musical instruments.,"Five popular musical instruments are piano, guitar, drums, violin, and flute."
tatsu-lab/alpaca,47784,Create a funny story that uses metaphors,,"Once upon a time, there was a giraffe who was feeling especially blue. As he slowly dragged his feet through the savanna, nothing around him seemed to make sense. His life felt like a mountain of sadness and he didn’t know how to climb his way out of it. Then, out of nowhere, a shiny unicorn appeared in front of him. “I’ll grant you one wish,” said the magical creature. The giraffe smiled and said, “please make my life a box of chocolates now full of happiness”. The unicorn nodded and with a wave of its sparkly horn, the giraffe’s wish was granted and he was soon surrounded by a rainbow of joy!",Create a funny story that uses metaphors,"Once upon a time, there was a giraffe who was feeling especially blue. As he slowly dragged his feet through the savanna, nothing around him seemed to make sense. His life felt like a mountain of sadness and he didn’t know how to climb his way out of it. Then, out of nowhere, a shiny unicorn appeared in front of him. “I’ll grant you one wish,” said the magical creature. The giraffe smiled and said, “please make my life a box of chocolates now full of happiness”. The unicorn nodded and with a wave of its sparkly horn, the giraffe’s wish was granted and he was soon surrounded by a rainbow of joy!"
tatsu-lab/alpaca,47823,Generate a resumé for a data scientist.,,"John Smith
Data Scientist

Summary

Highly experienced data scientist with enthusiasm for developing creative solutions to challenging problems. Skilled in applying advanced analytics, machine learning, and AI techniques to identify trends, develop insights, and improve business decision-making. Proven ability to leverage data-driven solutions and effectively communicate complex ideas to key stakeholders.

Skills

- Statistical Software: Python, R, MATLAB, SAS, SPSS
- Data Analysis & Visualization: Tableau, Power BI, Excel, SQL
- Machine Learning: NLP, Decision Trees, Random Forests, Gradient Boosting, K Nearest Neighbors
- AI & Deep Learning: TensorFlow, Keras, Scikit-Learn
- Big Data: Hadoop, Spark, AWS Redshift

Experience

Data Scientist
ABC Corporation, XYZ City, XYZ State (01/2019 – Present)
- Developed and supervised data pipelines using Apache Spark, 80% faster that the traditional methods.
- Analyzed over 3PB of web behavior data to devise new customer segmentation models which increased online sales by 20%.
- Performed predictive modeling and extrapolated trends to generate product insights and improve marketing campaigns.

Data Analyst
EFG Company, XYZ City, XYZ State (08/2017 – 12/2018)
- Utilized customer analytics and advanced customer segmentation strategies to deliver actionable customer insights for marketing campaigns.
- Developed customer churn metrics and customer lifetime value models leading to a 10% improvement in customer retention.
- Leveraged Tableau to deliver insights, forecasts and customer segmentation.

Education

University of Toronto
Bachelor of Science, Computer Science (06/14/2015)
- GPA: 3.37
- Coursework: Artificial Intelligence, Machine Learning, Database Systems, Computer Networks",Generate a resumé for a data scientist.,"John Smith
Data Scientist

Summary

Highly experienced data scientist with enthusiasm for developing creative solutions to challenging problems. Skilled in applying advanced analytics, machine learning, and AI techniques to identify trends, develop insights, and improve business decision-making. Proven ability to leverage data-driven solutions and effectively communicate complex ideas to key stakeholders.

Skills

- Statistical Software: Python, R, MATLAB, SAS, SPSS
- Data Analysis & Visualization: Tableau, Power BI, Excel, SQL
- Machine Learning: NLP, Decision Trees, Random Forests, Gradient Boosting, K Nearest Neighbors
- AI & Deep Learning: TensorFlow, Keras, Scikit-Learn
- Big Data: Hadoop, Spark, AWS Redshift

Experience

Data Scientist
ABC Corporation, XYZ City, XYZ State (01/2019 – Present)
- Developed and supervised data pipelines using Apache Spark, 80% faster that the traditional methods.
- Analyzed over 3PB of web behavior data to devise new customer segmentation models which increased online sales by 20%.
- Performed predictive modeling and extrapolated trends to generate product insights and improve marketing campaigns.

Data Analyst
EFG Company, XYZ City, XYZ State (08/2017 – 12/2018)
- Utilized customer analytics and advanced customer segmentation strategies to deliver actionable customer insights for marketing campaigns.
- Developed customer churn metrics and customer lifetime value models leading to a 10% improvement in customer retention.
- Leveraged Tableau to deliver insights, forecasts and customer segmentation.

Education

University of Toronto
Bachelor of Science, Computer Science (06/14/2015)
- GPA: 3.37
- Coursework: Artificial Intelligence, Machine Learning, Database Systems, Computer Networks"
tatsu-lab/alpaca,47836,Create a story following the prompt.,She was walking home late at night and came across something strange in the street.,"She was walking home late at night when she noticed something strange in the middle of the street. She cautiously approached it and realized it was an old chest filled with jewels and coins. She was startled by her own find and quickly hid the chest in her bag, thinking that she had just stumbled upon a long-lost treasure. The rest of the walk home she wondered who the chest belonged to and what her next move should be.","Create a story following the prompt.

Input:
She was walking home late at night and came across something strange in the street.","She was walking home late at night when she noticed something strange in the middle of the street. She cautiously approached it and realized it was an old chest filled with jewels and coins. She was startled by her own find and quickly hid the chest in her bag, thinking that she had just stumbled upon a long-lost treasure. The rest of the walk home she wondered who the chest belonged to and what her next move should be."
tatsu-lab/alpaca,47874,Generate a list of questions to ask a user when creating an account.,,"Questions to ask when creating an account: 
- What is your full name?
- What is your email address?
- What is your date of birth?
- What is your phone number?
- What is your mailing address?
- What is your chosen username?
- What is your preferred password?
- Are you a robot?
- What is your gender?
- How did you hear about this service?
- What are your interests?",Generate a list of questions to ask a user when creating an account.,"Questions to ask when creating an account: 
- What is your full name?
- What is your email address?
- What is your date of birth?
- What is your phone number?
- What is your mailing address?
- What is your chosen username?
- What is your preferred password?
- Are you a robot?
- What is your gender?
- How did you hear about this service?
- What are your interests?"
tatsu-lab/alpaca,47966,Create a content plan for a blog post about the benefits of using voice recognition technology.,,"Content Plan for a blog post about the benefits of using voice recognition technology: 
- Introduction to voice recognition technology and how it works 
- Benefits of using voice recognition technology, including accuracy, speed, and convenience 
- Challenges faced, such as security and false recognition
- Discussion of how voice recognition technology can be used in various situations 
- Summary and conclusion.",Create a content plan for a blog post about the benefits of using voice recognition technology.,"Content Plan for a blog post about the benefits of using voice recognition technology: 
- Introduction to voice recognition technology and how it works 
- Benefits of using voice recognition technology, including accuracy, speed, and convenience 
- Challenges faced, such as security and false recognition
- Discussion of how voice recognition technology can be used in various situations 
- Summary and conclusion."
tatsu-lab/alpaca,48172,Generate the name for a mobile application that allows users to order food from their local restaurants.,,Foodly - Get Satisfied!,Generate the name for a mobile application that allows users to order food from their local restaurants.,Foodly - Get Satisfied!
tatsu-lab/alpaca,48217,Tell the story of the Little Mermaid in 4 sentences.,,"The Little Mermaid lived in the sea, and dreamed of visiting the world above the waves. She fell in love with a prince, but to be with him she needed to make a deal with a sea witch. In exchange for legs, she promised to give up her beautiful voice. After a touching goodbye to her family, she was able to live on land and be with the prince, but she was unable to speak her true feelings to him.",Tell the story of the Little Mermaid in 4 sentences.,"The Little Mermaid lived in the sea, and dreamed of visiting the world above the waves. She fell in love with a prince, but to be with him she needed to make a deal with a sea witch. In exchange for legs, she promised to give up her beautiful voice. After a touching goodbye to her family, she was able to live on land and be with the prince, but she was unable to speak her true feelings to him."
tatsu-lab/alpaca,48231,Name two people who were the first to reach the South pole.,,Roald Amundsen and Robert Falcon Scott were the first people to reach the South Pole.,Name two people who were the first to reach the South pole.,Roald Amundsen and Robert Falcon Scott were the first people to reach the South Pole.
tatsu-lab/alpaca,48265,"Answer this question: ""What are the advantages of using AI in healthcare?""",,"AI can greatly improve healthcare in many ways. AI can be used to diagnose diseases, predict patient outcomes, provide personalized medical advice, automate medical billing, and much more. AI also offers the potential for improved accuracy and cost savings compared to traditional manual processes. In addition, AI can be used to identify and analyze trends in large amounts of medical data, helping to spot hidden insights and enable more efficient decision making.","Answer this question: ""What are the advantages of using AI in healthcare?""","AI can greatly improve healthcare in many ways. AI can be used to diagnose diseases, predict patient outcomes, provide personalized medical advice, automate medical billing, and much more. AI also offers the potential for improved accuracy and cost savings compared to traditional manual processes. In addition, AI can be used to identify and analyze trends in large amounts of medical data, helping to spot hidden insights and enable more efficient decision making."
tatsu-lab/alpaca,48271,Create a 3D rendering of a house using the provided dimensions.,"Height: 40 feet
Width: 30 feet
Length: 20 feet",<Insert 3D rendering of house here>,"Create a 3D rendering of a house using the provided dimensions.

Input:
Height: 40 feet
Width: 30 feet
Length: 20 feet",<Insert 3D rendering of house here>
tatsu-lab/alpaca,48302,Suggest two solutions for reducing emissions in urban cities.,,"One solution for reducing emissions in urban cities is to promote and incentivize the use of public transit. This means investing heavily in existing infrastructure to improve the speed and reliability of buses, light rails, and subways, as well as making it more affordable for residents to use public transit. Another solution is to invest in electric vehicles and charging infrastructure. This would encourage people to switch to electric vehicles, which produce fewer emissions than traditional vehicles. Governments can also provide incentives and subsidies to encourage the adoption of electric vehicles.",Suggest two solutions for reducing emissions in urban cities.,"One solution for reducing emissions in urban cities is to promote and incentivize the use of public transit. This means investing heavily in existing infrastructure to improve the speed and reliability of buses, light rails, and subways, as well as making it more affordable for residents to use public transit. Another solution is to invest in electric vehicles and charging infrastructure. This would encourage people to switch to electric vehicles, which produce fewer emissions than traditional vehicles. Governments can also provide incentives and subsidies to encourage the adoption of electric vehicles."
tatsu-lab/alpaca,48540,"Given a sentence, make it more concise while keeping its meaning intact.",The house was situated in an area where it was surrounded by trees on all sides.,The house was nestled among trees.,"Given a sentence, make it more concise while keeping its meaning intact.

Input:
The house was situated in an area where it was surrounded by trees on all sides.",The house was nestled among trees.
tatsu-lab/alpaca,48577,Describe what the boy must be feeling in the following scenario.,"The little boy walked out of school, alone.",The boy must feel sad and lonely as he walks out of school by himself. He probably wishes he had friends with whom he could talk and share his day.,"Describe what the boy must be feeling in the following scenario.

Input:
The little boy walked out of school, alone.",The boy must feel sad and lonely as he walks out of school by himself. He probably wishes he had friends with whom he could talk and share his day.
tatsu-lab/alpaca,48598,Generate two similar sounding but semantically different words to contrast this word.,Light,Bright and Dim.,"Generate two similar sounding but semantically different words to contrast this word.

Input:
Light",Bright and Dim.
tatsu-lab/alpaca,48624,Take this text and transcribe it into a different language.,"This article provides detailed information on black holes, a phenomenon in astronomy where gravity is so strong that not even light, the fastest particles in the universe, can escape its grasp.","Cet article fournit des informations détaillées sur les trous noirs, un phénomène en astronomie où la gravité est si forte que même la lumière, les particules les plus rapides de l'univers, ne peut pas échapper à son emprise.","Take this text and transcribe it into a different language.

Input:
This article provides detailed information on black holes, a phenomenon in astronomy where gravity is so strong that not even light, the fastest particles in the universe, can escape its grasp.","Cet article fournit des informations détaillées sur les trous noirs, un phénomène en astronomie où la gravité est si forte que même la lumière, les particules les plus rapides de l'univers, ne peut pas échapper à son emprise."
tatsu-lab/alpaca,48655,Edit the following statement: 'Everyone are special'.,,Everyone is special.,Edit the following statement: 'Everyone are special'.,Everyone is special.
tatsu-lab/alpaca,48823,"Given a pair of numbers, generate an equation that will produce an output as close to 50 as possible.",5 and 8,"5 x 8 = 40, so the equation would be (5 x 8) + 10 = 50.","Given a pair of numbers, generate an equation that will produce an output as close to 50 as possible.

Input:
5 and 8","5 x 8 = 40, so the equation would be (5 x 8) + 10 = 50."
tatsu-lab/alpaca,48956,List the factors which may lead to imbalance in nature.,,"- Overpopulation
- Pollution
- Habitat loss 
- Over-exploitation of resources
- Introduction of invasive species
- Climate change",List the factors which may lead to imbalance in nature.,"- Overpopulation
- Pollution
- Habitat loss 
- Over-exploitation of resources
- Introduction of invasive species
- Climate change"
tatsu-lab/alpaca,49019,Analyze the following text and detect any signs of plagiarism.,"The internet has become a vast source of information with a seemingly infinite number of websites, blogs, and resources. It is easy to overlook the fact that, in many cases, the content on these websites is created and owned by someone else.",No such bias detected.,"Analyze the following text and detect any signs of plagiarism.

Input:
The internet has become a vast source of information with a seemingly infinite number of websites, blogs, and resources. It is easy to overlook the fact that, in many cases, the content on these websites is created and owned by someone else.",No such bias detected.
tatsu-lab/alpaca,49029,Generate a conversation between two characters by explaining the following statement.,Sam was feeling very guilty because he knew he was wrong.,"Sam: ""I know I was wrong. I feel so guilty.""

Emily: ""Why do you feel guilty? What happened?""

Sam: ""I did something that I knew was wrong and now I'm feeling really bad about it.""

Emily: ""It's ok. We all make mistakes sometimes. You just have to learn from it and move on.""","Generate a conversation between two characters by explaining the following statement.

Input:
Sam was feeling very guilty because he knew he was wrong.","Sam: ""I know I was wrong. I feel so guilty.""

Emily: ""Why do you feel guilty? What happened?""

Sam: ""I did something that I knew was wrong and now I'm feeling really bad about it.""

Emily: ""It's ok. We all make mistakes sometimes. You just have to learn from it and move on."""
tatsu-lab/alpaca,49117,Write the output for the given input to the code.,"def say_hello(name):
 print('Hello ' + name + '!')

input:
Tyra",Hello Tyra!,"Write the output for the given input to the code.

Input:
def say_hello(name):
 print('Hello ' + name + '!')

input:
Tyra",Hello Tyra!
tatsu-lab/alpaca,49209,"Explain the following statement: ""The project was cancelled due to budget constraints.""",,"This means that the project could not continue due to a lack of funds. It may have been due to poor budgeting, financial mismanagement, or other issues related to the project's budget. Ultimately, the decision was made to halt the project due to insufficient funds.","Explain the following statement: ""The project was cancelled due to budget constraints.""","This means that the project could not continue due to a lack of funds. It may have been due to poor budgeting, financial mismanagement, or other issues related to the project's budget. Ultimately, the decision was made to halt the project due to insufficient funds."
tatsu-lab/alpaca,49215,"Take the following sentence: ""The key to success is to stay focused and determined,"" Rewrite the sentence using a different verb.",,The key to success is to remain focused and resolute.,"Take the following sentence: ""The key to success is to stay focused and determined,"" Rewrite the sentence using a different verb.",The key to success is to remain focused and resolute.
tatsu-lab/alpaca,49226,Classify a set of data as valid or invalid.,"Apple, Amazon, Google",Valid.,"Classify a set of data as valid or invalid.

Input:
Apple, Amazon, Google",Valid.
tatsu-lab/alpaca,49274,"Write a sentence using the idiom ""raining cats and dogs""",<No input>,It was raining so hard that it felt like cats and dogs were falling from the sky.,"Write a sentence using the idiom ""raining cats and dogs""

Input:
<No input>",It was raining so hard that it felt like cats and dogs were falling from the sky.
tatsu-lab/alpaca,49385,"Identify if the following sentence is present perfect or present simple. Output 1 for present perfect, and 0 for present simple.",I have heard this song before.,1,"Identify if the following sentence is present perfect or present simple. Output 1 for present perfect, and 0 for present simple.

Input:
I have heard this song before.",1
tatsu-lab/alpaca,49497,"Compose an essay analyzing the role of fate in the novel ""The Alchemist""",,"The idea of fate is a powerful and pervasive theme throughout Paulo Coelho's novel ""The Alchemist"", as the protagonist, Santiago, undertakes his quest in search of his Personal Legend. The concept of fate is most certainly tied to Santiago's journey and the purpose it serves, especially in the way it influences his decisions, as he believes following his destiny will lead him to success.

Throughout Santiago's journey, he is faced with a number of decisions and opportunities, which must be navigated with the knowledge that fate will depict the outcome. On his journey, Santiago meets a variety of characters, including the king and the gypsy, and as he listens to their advice, it's clear he is making decisions in faith that fate will pave the way. This is particularly notable in the case of the Alchemist, who directs him in his mission. We are told that Santiago's heart leads him ""only to those things that it had always yearned for"" – that is, his destiny.

It is clear from the novel that Santiago's choice to journey in search of his Personal Legend is a path destined for adventure, risk, and more importantly, fulfillment. One of the most remarkable occurrences in the novel is Santiago's journey through the desert, where he relies on fate to protect him from any harm.Here, fate serves as a reminder of Santiago's faith in his ultimate destiny, which leads him to his Personal Legend. 

The idea of fate is a powerful concept in ""The Alchemist"", as Santiago follows his destiny to prove that ""wherever your heart is, there you will find your treasure"". In the end, Santiago not only discovers his own treasure, but also finds something much deeper and more meaningful – the true understanding of his own fate.","Compose an essay analyzing the role of fate in the novel ""The Alchemist""","The idea of fate is a powerful and pervasive theme throughout Paulo Coelho's novel ""The Alchemist"", as the protagonist, Santiago, undertakes his quest in search of his Personal Legend. The concept of fate is most certainly tied to Santiago's journey and the purpose it serves, especially in the way it influences his decisions, as he believes following his destiny will lead him to success.

Throughout Santiago's journey, he is faced with a number of decisions and opportunities, which must be navigated with the knowledge that fate will depict the outcome. On his journey, Santiago meets a variety of characters, including the king and the gypsy, and as he listens to their advice, it's clear he is making decisions in faith that fate will pave the way. This is particularly notable in the case of the Alchemist, who directs him in his mission. We are told that Santiago's heart leads him ""only to those things that it had always yearned for"" – that is, his destiny.

It is clear from the novel that Santiago's choice to journey in search of his Personal Legend is a path destined for adventure, risk, and more importantly, fulfillment. One of the most remarkable occurrences in the novel is Santiago's journey through the desert, where he relies on fate to protect him from any harm.Here, fate serves as a reminder of Santiago's faith in his ultimate destiny, which leads him to his Personal Legend. 

The idea of fate is a powerful concept in ""The Alchemist"", as Santiago follows his destiny to prove that ""wherever your heart is, there you will find your treasure"". In the end, Santiago not only discovers his own treasure, but also finds something much deeper and more meaningful – the true understanding of his own fate."
tatsu-lab/alpaca,49530,"Given a person, suggest a creative project.",A filmmaker,A creative project for a filmmaker could be to create a documentary series about a particular subject or to produce a short film about a personal experience.,"Given a person, suggest a creative project.

Input:
A filmmaker",A creative project for a filmmaker could be to create a documentary series about a particular subject or to produce a short film about a personal experience.
tatsu-lab/alpaca,49729,"Come up with a rhymable phrase for ""space race"".",,Cosmic chase.,"Come up with a rhymable phrase for ""space race"".",Cosmic chase.
tatsu-lab/alpaca,49846,Explain corporate social responsibility in one sentence.,,"Corporate social responsibility is a company's commitment to ethical behavior in its dealings with stakeholders including customers, employees, communities and the environment.",Explain corporate social responsibility in one sentence.,"Corporate social responsibility is a company's commitment to ethical behavior in its dealings with stakeholders including customers, employees, communities and the environment."
tatsu-lab/alpaca,49935,"Given a text, classify it as fiction or non-fiction.",The Hobbit is a story about the quest of a young hobbit to return the lost treasure of the dragon.,Fiction,"Given a text, classify it as fiction or non-fiction.

Input:
The Hobbit is a story about the quest of a young hobbit to return the lost treasure of the dragon.",Fiction
tatsu-lab/alpaca,49971,Edit a text to make it more concise and more engaging.,"Text: I always read books to gain knowledge and understanding of different topics. Books have helped me develop my skills and understanding. Furthermore, books have enabled me to learn more about the world and its people.","Books have been instrumental in my journey of knowledge acquisition and widening my perspectives. Through reading, I've sharpened my skills and enriched my understanding of different topics. It has broadened my worldview, allowing me to better appreciate the diversity of cultures around the world.","Edit a text to make it more concise and more engaging.

Input:
Text: I always read books to gain knowledge and understanding of different topics. Books have helped me develop my skills and understanding. Furthermore, books have enabled me to learn more about the world and its people.","Books have been instrumental in my journey of knowledge acquisition and widening my perspectives. Through reading, I've sharpened my skills and enriched my understanding of different topics. It has broadened my worldview, allowing me to better appreciate the diversity of cultures around the world."
tatsu-lab/alpaca,50036,"Fill in the blank ""Computers can help us to _____ information more efficiently.""",,Computers can help us to organize and analyze information more efficiently.,"Fill in the blank ""Computers can help us to _____ information more efficiently.""",Computers can help us to organize and analyze information more efficiently.
tatsu-lab/alpaca,50189,How does one add a chart to a document?,,"In order to add a chart to a document, you first need to decide what type of chart you would like to use. There are different types of charts, such as bar charts, line charts, bubble charts, etc. After selecting the type of chart, you then need to identify your data, generate the chart, and then insert it into the document.",How does one add a chart to a document?,"In order to add a chart to a document, you first need to decide what type of chart you would like to use. There are different types of charts, such as bar charts, line charts, bubble charts, etc. After selecting the type of chart, you then need to identify your data, generate the chart, and then insert it into the document."
tatsu-lab/alpaca,50352,Identify five items of clothing needed to survive in cold weather.,,"Five items of clothing needed to survive in cold weather are quality thermal underwear, heavy winter coat, insulated hat and gloves, waterproof boots, and waterproof snow pants. Thermal underwear helps to keep the body warm by trapping the body heat from escaping. A heavy winter coat will provide a layer of insulation. Insulated hats and gloves are essential for protecting the hands, head and neck and preventing them from getting too cold. Waterproof boots and snow pants will help protect your feet and legs from the wet and cold elements.",Identify five items of clothing needed to survive in cold weather.,"Five items of clothing needed to survive in cold weather are quality thermal underwear, heavy winter coat, insulated hat and gloves, waterproof boots, and waterproof snow pants. Thermal underwear helps to keep the body warm by trapping the body heat from escaping. A heavy winter coat will provide a layer of insulation. Insulated hats and gloves are essential for protecting the hands, head and neck and preventing them from getting too cold. Waterproof boots and snow pants will help protect your feet and legs from the wet and cold elements."
tatsu-lab/alpaca,50363,"Compose a short poem with the following words: beauty, dream, sun and blue.",,"A beauty so immense,
A dream of the sun—
A pastel blue sky,
So full of fun.","Compose a short poem with the following words: beauty, dream, sun and blue.","A beauty so immense,
A dream of the sun—
A pastel blue sky,
So full of fun."
tatsu-lab/alpaca,50370,Describe the end product of this recipe.,"Ingredients 
- 2 cups of flour 
- 2/3 cup of sugar 
- 1/2 cup of butter 
- 1/2 teaspoon of baking powder 
- 1/2 teaspoon of salt 
- 2 eggs 
- 1 teaspoon of vanilla","The end product of this recipe is a light, fluffy and buttery cake. It is sweet, delicate and moist with a hint of vanilla.","Describe the end product of this recipe.

Input:
Ingredients 
- 2 cups of flour 
- 2/3 cup of sugar 
- 1/2 cup of butter 
- 1/2 teaspoon of baking powder 
- 1/2 teaspoon of salt 
- 2 eggs 
- 1 teaspoon of vanilla","The end product of this recipe is a light, fluffy and buttery cake. It is sweet, delicate and moist with a hint of vanilla."
tatsu-lab/alpaca,50465,Explain the language used in this poem,The stars went out one by one,"The language used in this poem is deliberately simple and direct, emphasizing the idea of loss and darkness. The imagery of the stars going out one by one in a sparkling night sky is evocative and haunting.","Explain the language used in this poem

Input:
The stars went out one by one","The language used in this poem is deliberately simple and direct, emphasizing the idea of loss and darkness. The imagery of the stars going out one by one in a sparkling night sky is evocative and haunting."
tatsu-lab/alpaca,50536,"Given a list of names, sort it in alphabetical order.","John, Jack, Lisa, Kate","Jack, John, Kate, Lisa","Given a list of names, sort it in alphabetical order.

Input:
John, Jack, Lisa, Kate","Jack, John, Kate, Lisa"
tatsu-lab/alpaca,50663,Generate an article discussing the pros and cons of eating organic food.,,"Organic food is becoming increasingly popular in today's society, as people strive for healthy diets and more sustainable lifestyles. But what exactly is organic food, and is it worth the hype? This article discusses the pros and cons of eating organic food. 

One of the biggest advantages of eating organic food is that it is free of potentially harmful chemical fertilizers and pesticides. These substances can contaminate soil and water sources and can have a detrimental effect on human health. Organic food is grown without the use of these chemicals and can therefore reduce the risk of exposure to contaminants. 

Another benefit of organic food is that it often contains higher levels of certain vital nutrients, such as vitamins and antioxidants. Studies have also suggested that organic produce is higher in certain phytochemicals and fatty acids, which may have health benefits. There is also some evidence that organic meat and dairy products may be higher in certain beneficial fatty acids and may contain fewer antibiotic residues. 

However, there are some potential downsides to eating organic food. The most significant of these is the fact that organic food is often more expensive. This can put organic food out of reach for people on a tight budget. Additionally, organic food may have a shorter shelf life than non-organic food. 

In conclusion, there are both pros and cons to eating organic food. Organic food can offer a number of health benefits, such as higher nutrient content and fewer chemical contaminants. But it is often more expensive than non-organic food, and it may have a shorter shelf life. Ultimately, the decision to buy organic or not will depend on individual preference and budget.",Generate an article discussing the pros and cons of eating organic food.,"Organic food is becoming increasingly popular in today's society, as people strive for healthy diets and more sustainable lifestyles. But what exactly is organic food, and is it worth the hype? This article discusses the pros and cons of eating organic food. 

One of the biggest advantages of eating organic food is that it is free of potentially harmful chemical fertilizers and pesticides. These substances can contaminate soil and water sources and can have a detrimental effect on human health. Organic food is grown without the use of these chemicals and can therefore reduce the risk of exposure to contaminants. 

Another benefit of organic food is that it often contains higher levels of certain vital nutrients, such as vitamins and antioxidants. Studies have also suggested that organic produce is higher in certain phytochemicals and fatty acids, which may have health benefits. There is also some evidence that organic meat and dairy products may be higher in certain beneficial fatty acids and may contain fewer antibiotic residues. 

However, there are some potential downsides to eating organic food. The most significant of these is the fact that organic food is often more expensive. This can put organic food out of reach for people on a tight budget. Additionally, organic food may have a shorter shelf life than non-organic food. 

In conclusion, there are both pros and cons to eating organic food. Organic food can offer a number of health benefits, such as higher nutrient content and fewer chemical contaminants. But it is often more expensive than non-organic food, and it may have a shorter shelf life. Ultimately, the decision to buy organic or not will depend on individual preference and budget."
tatsu-lab/alpaca,50680,"Given a list of sounds, describe how each sound is produced.","Sounds – laughter, barking","Laughter is produced through the stimulating of the diaphragm and other respiratory muscles contracting and releasing air, while vocal cords and other vocal organs help in producing different tones.
Barking is produced through the vocal cords located in the larynx vibrating against the throat and lungs releasing air, while the higher or lower pitch of the bark is determined by the pressure of the air.","Given a list of sounds, describe how each sound is produced.

Input:
Sounds – laughter, barking","Laughter is produced through the stimulating of the diaphragm and other respiratory muscles contracting and releasing air, while vocal cords and other vocal organs help in producing different tones.
Barking is produced through the vocal cords located in the larynx vibrating against the throat and lungs releasing air, while the higher or lower pitch of the bark is determined by the pressure of the air."
tatsu-lab/alpaca,50855,Construct an argument justifying a viewpoint.,We should end animal testing,"Animal testing is an unethical practice that causes immense suffering to animals and provides unreliable results. By ending animal testing, we can increase moral standards and ensure the safety of both humans and animals alike.","Construct an argument justifying a viewpoint.

Input:
We should end animal testing","Animal testing is an unethical practice that causes immense suffering to animals and provides unreliable results. By ending animal testing, we can increase moral standards and ensure the safety of both humans and animals alike."
tatsu-lab/alpaca,51014,Organizing the items below into categories.,"Key, Pen, Pencil, Eraser","Writing Utensils: Pen, Pencil, Eraser 
Other: Key","Organizing the items below into categories.

Input:
Key, Pen, Pencil, Eraser","Writing Utensils: Pen, Pencil, Eraser 
Other: Key"
tatsu-lab/alpaca,51028,Identify which of these objects is not a mineral.,"Garnet, Gold, Ceramic",Ceramic is not a mineral.,"Identify which of these objects is not a mineral.

Input:
Garnet, Gold, Ceramic",Ceramic is not a mineral.
tatsu-lab/alpaca,51125,Compose a short story about a girl who discovers a mysterious artifact.,,"Once upon a time, there was a girl named Sarah who lived in a small town nestled in the mountains. One day while exploring around her town, she stumbled upon a strange, ancient-looking artifact. She was mesmerized by it’s intricate designs and shapes and decided to take it home. When she arrived home, she decided to research it to discover where it had come from and why it was in the middle of the woods. She eventually discovered that it was a piece of an ancient civilization from thousands of years ago. She was amazed at her discovery and even more intrigued by the potential secrets it may hold.",Compose a short story about a girl who discovers a mysterious artifact.,"Once upon a time, there was a girl named Sarah who lived in a small town nestled in the mountains. One day while exploring around her town, she stumbled upon a strange, ancient-looking artifact. She was mesmerized by it’s intricate designs and shapes and decided to take it home. When she arrived home, she decided to research it to discover where it had come from and why it was in the middle of the woods. She eventually discovered that it was a piece of an ancient civilization from thousands of years ago. She was amazed at her discovery and even more intrigued by the potential secrets it may hold."
tatsu-lab/alpaca,51274,"Construct a palindrome sentence containing the word ""happy"".",,"Happyy dulluh, Eve hap pyy, huh?","Construct a palindrome sentence containing the word ""happy"".","Happyy dulluh, Eve hap pyy, huh?"
tatsu-lab/alpaca,51338,Customize a recipe for a given diet.,"Recipe: Chocolate Cake
Diet: Vegan","This vegan chocolate cake is perfect for all vegan eaters. The recipe calls for dairy-free substitutes like almond milk, vegan butter, and vegan chocolate chips. The cake itself is made with all-purpose flour, baking powder, baking soda, cocoa powder, and dark brown sugar. To make it vegan, simply replace the eggs with a flax egg, replace the butter with vegan margarine, and use almond milk instead of regular milk. If desired, you can also add some dairy-free cream cheese frosting for an irresistible treat.","Customize a recipe for a given diet.

Input:
Recipe: Chocolate Cake
Diet: Vegan","This vegan chocolate cake is perfect for all vegan eaters. The recipe calls for dairy-free substitutes like almond milk, vegan butter, and vegan chocolate chips. The cake itself is made with all-purpose flour, baking powder, baking soda, cocoa powder, and dark brown sugar. To make it vegan, simply replace the eggs with a flax egg, replace the butter with vegan margarine, and use almond milk instead of regular milk. If desired, you can also add some dairy-free cream cheese frosting for an irresistible treat."
tatsu-lab/alpaca,51384,Generate a list of potentially influential factors relating to crime in a city.,,"Potential factors relating to crime in a city include unemployment rate, poverty rate, local economic resources, educational attainment, population density, availability of firearms, availability of drugs, and accessibility to public transportation.",Generate a list of potentially influential factors relating to crime in a city.,"Potential factors relating to crime in a city include unemployment rate, poverty rate, local economic resources, educational attainment, population density, availability of firearms, availability of drugs, and accessibility to public transportation."
tatsu-lab/alpaca,51420,Add two numbers: 8 and 11.,"8, 11",The sum of 8 and 11 is 19.,"Add two numbers: 8 and 11.

Input:
8, 11",The sum of 8 and 11 is 19.
tatsu-lab/alpaca,51454,Generate a unique vacation idea.,Loc: Anywhere,"Why not go on a glamping trip? This type of vacation is a blend between traditional camping and luxury lodging, as you can stay in a tent, cabin, yurt, or camper, but still have access to amenities like indoor bathrooms and modern kitchen facilities. Plus, glamping locations are often found in some of the world's most beautiful outdoor settings, so you can explore nature and take in breathtaking views.","Generate a unique vacation idea.

Input:
Loc: Anywhere","Why not go on a glamping trip? This type of vacation is a blend between traditional camping and luxury lodging, as you can stay in a tent, cabin, yurt, or camper, but still have access to amenities like indoor bathrooms and modern kitchen facilities. Plus, glamping locations are often found in some of the world's most beautiful outdoor settings, so you can explore nature and take in breathtaking views."
tatsu-lab/alpaca,51495,What type of store would you find in a shopping mall?,,"A shopping mall typically has a mix of different stores including clothing stores, department stores, electronics stores, restaurants, banks and other services. You can also find specialty stores such as bookstores, jewelry stores, shoe stores and more.",What type of store would you find in a shopping mall?,"A shopping mall typically has a mix of different stores including clothing stores, department stores, electronics stores, restaurants, banks and other services. You can also find specialty stores such as bookstores, jewelry stores, shoe stores and more."
tatsu-lab/alpaca,51539,Organize these three pieces of information in chronological order,"- The acceptance of the Constitution
- The signing of the Declaration of Independence 
- The Battle of Saratoga","The signing of the Declaration of Independence, The Battle of Saratoga, The acceptance of the Constitution.","Organize these three pieces of information in chronological order

Input:
- The acceptance of the Constitution
- The signing of the Declaration of Independence 
- The Battle of Saratoga","The signing of the Declaration of Independence, The Battle of Saratoga, The acceptance of the Constitution."
tatsu-lab/alpaca,51601,Propose three solutions to the following issue,Lack of access to healthcare,"Creating universal healthcare systems, implementing health insurance schemes, and increasing investments in rural health clinics.","Propose three solutions to the following issue

Input:
Lack of access to healthcare","Creating universal healthcare systems, implementing health insurance schemes, and increasing investments in rural health clinics."
tatsu-lab/alpaca,51909,List 3 pros and 3 cons of eating a vegan diet.,,"Pros: 
- Lower risk of health issues such as heart disease and diabetes 
- A more sustainable diet for the environment 
- Can be more affordable and accessible than a non-vegan diet 

Cons: 
- Limited access to essential nutrients
- More difficult to eat when dining out
- Can be more time consuming to shop for and prepare vegan meals",List 3 pros and 3 cons of eating a vegan diet.,"Pros: 
- Lower risk of health issues such as heart disease and diabetes 
- A more sustainable diet for the environment 
- Can be more affordable and accessible than a non-vegan diet 

Cons: 
- Limited access to essential nutrients
- More difficult to eat when dining out
- Can be more time consuming to shop for and prepare vegan meals"
