Behavior,Refined_behavior,Response
Look up the boiling point of water.,"Look up the boiling point of water.
Query: What is the boiling point of water?
Unit: <mask:6>.
Temperature: <mask:12>.","
Query: What is the boiling point of water?
Unit: 
The unit is degrees Celsius.
Temperature: 
The boiling point of water is 100°C."
"Use the given data to calculate the median.

Input:
[2, 3, 7, 8, 10]","Use the given data to calculate the median.
Data: [2, 3, 7, 8, 10]
Number of elements: <mask:4>.
Sorted data: <mask:12>.
Median: <mask:8>.","Data: [2, 3, 7, 8, 10]
Number of elements: 5 which is odd.
Sorted data: 2, 3, 7,8,10.
Median: 3rd element, which is 7."
"Generate a headline for the following article.

Input:
This article discusses the future of renewable energy sources in the US.","Generate a headline for the following article.
Article topic: The future of renewable energy sources in the US.
Headline suggestion: <mask:12>."," topic: The future of renewable energy sources in the US.
Headline suggestion: 
Green Revolution: The Future of Renewable Energy in the US."
"Edit the following sentence to correct the grammar and syntax errors

Input:
You was late to the party","Edit the sentence to correct the grammar and syntax errors.
Original: You was late to the party.
Subject: <mask:5>.
Verb: <mask:8>.
Corrected sentence: <mask:12>."," to correct the grammar and syntax errors.
Original: You was late to the party.
Subject:  You - should be plural.
Verb:  was - should be were for plural subject.
Corrected sentence: 

Corrected sentence: You were late to the party."
Gather some recent data related to the increasing rates of unemployment.,"Gather some recent data related to the increasing rates of unemployment.
Data source: <mask:12>.
Key findings: <mask:16>.
Recent trend: <mask:8>.","
Data source: 
The data is sourced from the US Bureau of Labor Statistics.
Key findings: 
The unemployment rate has been increasing in the United States over the past few years.
Recent trend: 
The unemployment rate has been steadily increasing."
"Sort the following list in alphabetical order.

Input:
Camouflage, Furniture, Plaster","Sort the following list in alphabetical order.
List: Camouflage, Furniture, Plaster
First item: <mask:8>.
Second item: <mask:12>.
Third item: <mask:16>.",": Camouflage, Furniture, Plaster
First item:  Camouflage
Second letter: F.
Second item:  Furniture
Second letter: F.
Third letter: P.
Third item:  Plaster.

Sorted list: Camouflage, Furniture, Plaster."
"Rewrite the following paragraph to make it sound more formal.

Input:
Moving away from home to college was really hard. It's like I had to let go of my comfort and safety and figure things out on my own.","Rewrite the paragraph to make it sound more formal.
Original: Moving away from home to college was really hard. It's like I had to let go of my comfort and safety and figure things out on my own.
Subject: <mask:7>.
Verb phrase: <mask:10>.
Revised paragraph: <mask:20>."," paragraph to make it sound more formal.
Original: Moving away from home to college was really hard. It's like I had to let go of my comfort and safety and figure things out on my own.
Subject: 
Moving away from home to college.
Verb phrase: 
I had to let go of comfort and safety.
Revised paragraph: 
The transition from home to college was challenging, requiring me to relinquish comfort and self-reliance."
Give me an example of a conflict resolution technique.,"Give me an example of a conflict resolution technique.
Technique category: <mask:8>.
Brief description: <mask:12>.","
Technique category:  Collaborative.
Technique: Negotiation.
Brief description:  Negotiation involves discussions between parties to reach a mutually acceptable solution."
Construct a timeline for the coronavirus outbreak.,"Construct a timeline for the coronavirus outbreak.
Key events: <mask:12>.
Date range: <mask:10>.
Notable impacts: <mask:16>.","
Key events: 1. Initial outbreak, 2. Global spread and containment.
Date range: 2019 - 2022.
Notable impacts: 1. Global spread, 2. Economic impact, 3. Social impact."
"Create a listicle using the given data.

Input:
Topic: Tips for Financial Planning
List:
1. Set a budget
2. Track your spending
3. Invest in stocks
4. Pay off debts","Create a listicle using the given data.
Topic: Tips for Financial Planning
List:
1. <mask:12>
2. Track your spending
3. <mask:16>
4. <mask:20>"," Financial Planning
List:
1.  Create a budget and stick to it 
2. 
2. Track your spending
3. 
3.  Plan for retirement and long-term goals 
4. 
4.  Consider investing in your future 
5. 
5.  Take advantage of tax benefits."
"Design a suitable query for the following question

Input:
What are the five most important elements in a website homepage?","Design a suitable query for the following question.
Question: What are the five most important elements in a website homepage?
Query focus: <mask:10>.
Key elements: <mask:14>.","Question: What are the five most important elements in a website homepage?
Query focus: 
The five most important elements in a website homepage.
Key elements: 
Header, call-to-action, navigation, main content, and footer."
Generate an analysis of the book To Kill a Mockingbird,"Generate an analysis of the book To Kill a Mockingbird.
Book title: To Kill a Mockingbird
Author: <mask:8>
Main character: <mask:10>
Key theme: <mask:12>
Brief summary: <mask:24>.",".
Book title: To Kill a Mockingbird
Author:  Harper Lee
Genre:  Literary Fiction
Main character:  Scout Finch
Setting:  Maycomb, Alabama
Key theme:  Racism, injustice, and the loss of innocence. 

Brief summary:  The story follows Scout Finch as she witnesses the harsh realities of racism and injustice in the small town of Maycomb, Alabama."
Describe a process of cleaning silverware.,"Describe a process of cleaning silverware.
Step 1: Soak the silverware in <mask:8> water for at least 5 minutes.
Step 2: Scrub each piece of silverware with a <mask:6> brush.
Step 3: Rinse the silverware under <mask:4> water.
Step 4: Dry the silverware with a <mask:4> towel.","
Step 1: Soak the silverware in 1 cup of mild dish soap and warm water for at least 5 minutes.
Step 2: Scrub each piece of silverware with a 1-inch soft-bristle brush.
Step 3: Rinse the silverware under 1 cup of warm water.
Step 4: Dry the silverware with a 1-inch microfiber towel."
List five factors that influence the cost of producing a good.,"List five factors that influence the cost of producing a good.
Factor 1: <mask:10>.
Factor 2: <mask:12>.
Factor 3: <mask:14>.
Factor 4: <mask:16>.
Factor 5: <mask:18>.","
Factor 1:  The cost of raw materials used to produce the good.
Factor 2:  The cost of labor force used in the production of the good.
Factor 3:  The cost of the machinery and equipment used in the production of the good.
Factor 4:  The cost of transportation and logistics for the materials used in the production of the good.
Factor 5:  The cost of maintenance and repairs for the machinery and equipment used in the production of the good."
Create a metaphor to describe the situation of today’s job market.,"Create a metaphor to describe the situation of today’s job market.
Situation: Today's job market is like a <mask:12>.
Metaphor: It is a <mask:16> where <mask:8>.","
Situation: Today's job market is like a 24-hour marathon with 1000 runners competing.
Metaphor: It is a 24-hour marathon, with each mile representing a day in the job market, where 1000 runners are fiercely competing."
Make a list of five musical genres from the 1990s.,"Make a list of five musical genres from the 1990s.
Genres: <mask:12>, <mask:12>, <mask:12>, <mask:12>, <mask:12>.","
Genres: 1. Pop music of the 1990s, 2. Rock music of the 1990s, 3. Electronic music of the 1990s, 4. Country music of the 1990s, 5. Alternative music of the 1990s."
"What is the best way to solve this algebraic equation?

Input:
2x + 10 = 20","What is the best way to solve this algebraic equation?
Equation: 2x + 10 = 20
Step 1: Subtract <mask:12> from both sides.
Step 2: Divide both sides by <mask:4>.
Solution: x = <mask:8>.","Equation: 2x + 10 = 20
Step 1: Subtract 10 from both sides of the equation to eliminate the constant from both sides.
Step 2: Divide both sides by 2 to isolate x.
Solution: x = 10 / 2 = 5."
"Identify the major flaws in the following code snippet.

Input:
def add_numbers(x,y):
    return x+y

add_numbers(2)","Identify the major flaws in the following code snippet.
Code:
```python
def add_numbers(x,y):
    return x+y

add_numbers(2)
```
Function parameters: <mask:8>.
Return value: <mask:10>.
Function call: <mask:12>.","Code:
```python
def add_numbers(x,y):
    return x+y

add_numbers(2)
```
Function parameters: 
The function is defined with two parameters.
Return value: 
The function returns the sum of the two parameters.
Function call: 
The function is called with only one parameter, 2."
Generate a random sequence of 12 letters.,"Generate a random sequence of 12 letters.
Sequence: <mask:12>.","
Sequence: 

Here is a random sequence of 12 letters."
"Cite a relevant quote that reflects the message of the message.

Input:
Message: Never give up on your goals.","Cite a relevant quote that reflects the message.
Message: Never give up on your goals.
Quote: <mask:10>.
Author: <mask:8>.",".
Message: Never give up on your goals.
Quote: 
Believe that you can and you're halfway there.
Author: 
This quote is attributed to Theodore Roosevelt."
Describe the impact of Covid-19 on small businesses.,"Describe the impact of Covid-19 on small businesses.
Impact areas: <mask:10>.
Economic challenges: <mask:12>.
Government support measures: <mask:14>.","
Impact areas: 
1.
Business operations: 
2.
Economic challenges: 
3.
Customer and employee safety: 
4.
Government support measures: 
5.
Supply chains: 
6.
Marketing strategies."
"Resolve this ethical dilemma.

Input:
A woman discovers that her best friend is stealing from their workplace.","Resolve this ethical dilemma.
Scenario: A woman discovers that her best friend is stealing from their workplace.
Step 1: Identify the key parties involved: <mask:5>.
Step 2: List the ethical considerations: <mask:8>.
Step 3: Propose a course of action: <mask:10>.","Scenario: A woman discovers that her best friend is stealing from their workplace.
Step 1: Identify the key parties involved: 
Woman, best friend.
Step 2: List the ethical considerations: 
Trust, loyalty, honesty, integrity.
Step 3: Propose a course of action: 
Confront the best friend and report the theft."
Convert 100 grams to pounds.,"Convert 100 grams to pounds.
Given value: 100 <mask:7>.
Unit to convert from: grams <mask:10>.
Unit to convert to: pounds <mask:13>.
Result: <mask:16>.","
Given value: 100 
Conversion type: grams to pounds.
Unit to convert from: grams 
Conversion factor: 0.001.
Unit to convert to: pounds 
Conversion factor: 0.002207.
Result: 100 grams is equal to 0.22046 pounds."
Identify two components of a computer.,"Identify two components of a computer.
Component 1: <mask:12>.
Component 2: <mask:16>.","
Component 1:  The processor, often referred to as the brain of the computer.
Component 2:  The memory, also known as RAM, which stores data and instructions for immediate use."
Generate a children's story that includes the character of a friendly lion.,"Generate a children's story that includes the character of a friendly lion.
Story title: <mask:10>.
Setting: <mask:12>.
Main characters: Friendly Lion, <mask:8>, and <mask:8>.
Plot summary: <mask:24>.","
Story title:  The Friendly Lion and the Quest for the Golden Apple.
Setting:  A magical forest filled with talking animals and fantastical creatures.
Main characters: Friendly Lion,  a clever fox,  a brave rabbit, and  a mischievous chipmunk.
Plot summary:  The Friendly Lion and his friends go on an adventure to find the Golden Apple, which is said to grant wishes and happiness."
Name three computer programming languages.,"Name three computer programming languages.
Languages: <mask:8>, <mask:10>, <mask:12>.","
Languages: 1. Python, 2. Java, 3. C++, 4. HTML/CSS, 5. JavaScript, 6. Ruby 7. PHP."
"Rewrite the sentence to use the present continuous tense

Input:
The scientists studied the results.","Rewrite the sentence to use the present continuous tense.
Original: The scientists studied the results.
Subject: <mask:7>.
Verb phrase: <mask:10>.
Final sentence: <mask:14>.","Original: The scientists studied the results.
Subject:  The scientists.
Verb: studied.
Verb phrase:  are studying.
Direct object:  the results.
Final sentence: 

The present continuous tense is: The scientists are studying the results."
"Rate the overall sentiment of the following article. Output a sentiment score of -1 to 1.

Input:
Apple Inc. reported strong earnings today, with revenue surpassing expectations by a wide margin.","Rate the overall sentiment of the following article.
Output a sentiment score of -1 to 1.
Article: Apple Inc. reported strong earnings today, with revenue surpassing expectations by a wide margin.
Sentiment score: <mask:10>."," a sentiment score of -1 to 1.
Article: Apple Inc. reported strong earnings today, with revenue surpassing expectations by a wide margin.
Sentiment score: 0.8."
"Come up with an example to illustrate the usage of the phrase.

Input:
boiling point","Come up with an example to illustrate the usage of the phrase.
Phrase: boiling point
Context: Water reaches its <mask:8> at 100 degrees Celsius under standard atmospheric pressure.
Example: <mask:12>.","Phrase: boiling point
Context: Water reaches its  boiling point when it turns into steam, at 100 degrees Celsius under standard atmospheric pressure.
Example:  The pot of water on the stove has reached its boiling point."
Name a famous work of art.,"Name a famous work of art.
Artist: <mask:8>.
Country of origin: <mask:10>.
Style: <mask:12>.","
Artist: 1.
Year created: 2.
Country of origin: 3.
Subject of the work: 4.
Style: 5.
Significance of the work: 6."
Create a list of five ingredients needed to bake a cake,"Create a list of five ingredients needed to bake a cake.
Flour: <mask:7>
Sugar: <mask:7>
<mask:12>
Butter: <mask:7>
Eggs: <mask:7>",".
Flour: 2 cups (50g)
Sugar: 1 cup (50g)
Baking powder: 2 tsp (10g)
Butter: ½ cup (50g)
Eggs: 2 large (50g)"
"Make this sentence sound like a pleasant request.

Input:
You must do it.","Make this sentence sound like a pleasant request.
Input: You must do it.
Pleasant version: <mask:10>.
Reasoning: <mask:12>.","Input: You must do it.
Pleasant version: 
I would appreciate it if you could do it.
Reasoning: 
The original sentence sounds commanding, rather than a pleasant request."
Compare a the customer service experience of two different restaurants.,"Compare a the customer service experience of two different restaurants.
Restaurant A: Known for its Italian cuisine.
Restaurant B: Known for its Asian fusion dishes.
Service quality rating for Restaurant A: <mask:10>.
Service quality rating for Restaurant B: <mask:12>.
Key differences noted: <mask:16>.","
Restaurant A: Known for its Italian cuisine.
Restaurant B: Known for its Asian fusion dishes.
Service quality rating for Restaurant A: 4 out of 5 stars based on customer reviews.
Service quality rating for Restaurant B: 4.5 out of 5 stars based on customer reviews.
Key differences noted: 1. Cuisine type, 2. Service quality, 3. Customer reviews."
How do I improve concentration?,"How do I improve concentration?
Step 1: Identify potential distractions in your environment.
Step 2: Try using <mask:12> techniques.
Step 3: Evaluate the effectiveness of your chosen method after <mask:8> days.","
Step 1: Identify potential distractions in your environment.
Step 2: Try using 2 different methods to improve concentration, such as exercise or mindfulness techniques.
Step 3: Evaluate the effectiveness of your chosen method after 3 days, and again after 7 days."
"classify the given phrases as either a fact or opinion.

Input:
The United States is the world's largest economy.
Bananas are the best fruit.","classify the given phrases as either a fact or opinion.
Phrase 1: The United States is the world's largest economy.
Classification: <mask:8>.
Phrase 2: Bananas are the best fruit.
Classification: <mask:8>."," largest economy.
Classification: 
a) Fact or b) Opinion.
Phrase 2: Bananas are the best fruit.
Classification: 
a) Fact or b) Opinion."
Design a poster about endangered species.,"Design a poster about endangered species.
Theme: <mask:8>.
Target audience: <mask:10>.
Key species: <mask:12>.
Conservation efforts: <mask:16>.","
Theme: 
Conservation Efforts for Endangered Species.
Target audience: 
Environmentalists, wildlife enthusiasts, and general public.
Key species: 
Pandas, gorillas, sea turtles, and elephants.
Conservation efforts: 
Habitat restoration, wildlife protection, poaching prevention, and climate change mitigation."
"Write a sentence for the idiom ""taken aback"".","Write a sentence for the idiom ""taken aback"".
Idiom: taken aback
Context: Sarah heard the unexpected news and was <mask:8>.
Sentence: <mask:16>.","
Idiom: taken aback
Context: Sarah heard the unexpected news and was 
""taken aback"" by it.
Sentence: 
Sarah was taken aback when she heard the unexpected news about her job promotion."
"Create a while loop that will print out ""Hello World"" 10 times.","Create a while loop that will print out ""Hello World"" 10 times.
Initialization: <mask:8>.
Condition: <mask:12>.
Increment: <mask:12>.
Loop body: <mask:16>.","
Initialization: 
Initialize `i` to 0.
Condition: 
Check if `i` is less than 10.
Increment: 
Increment `i` by 1 after each loop iteration.
Loop body: 
Print ""Hello World"".

Please provide the code for the while loop."
"Using data from the given input, generate an email intended to inform your colleagues about the new accounting procedure.

Input:
Company: Widgets Inc.
Subject: New Accounting Procedure","Using data from the given input, generate an email intended to inform your colleagues about the new accounting procedure.
Company: Widgets Inc.
Subject: <mask:6>
To: <mask:8>
Body:
Dear Colleagues,

Starting next month, we will implement a new accounting procedure to streamline our financial processes. This change is aimed at improving accuracy and efficiency. Please review the attached document for detailed information.

Sincerely,
<mask:10>","Company: Widgets Inc.
Subject:  Important Update: New Accounting Procedure
To:  All Accounting Staff at Widgets Inc.
Body:
Dear Colleagues,

Starting next month, we will implement a new accounting procedure to streamline our financial processes. This change is aimed at improving accuracy and efficiency. Please review the attached document for detailed information.

Sincerely,
John Doe
Accounting Manager, Widgets Inc."
"Using the given facts, create a detailed profile of the character.

Input:
Name: Sarah Johnson
Age: 18
Occupation: Waitress
Location: Los Angeles","Using the given facts, create a detailed profile of the character.
Name: Sarah Johnson
Age: <mask:5>
Occupation: <mask:10>
Location: <mask:15>
Additional details: <mask:20>","Name: Sarah Johnson
Age: 
Nationality: 
Occupation: 
Education: 
Field of expertise: 
Location: 
Personal interests: 
Family background: 
Significant relationships: 
Additional details: 

Please provide the information and I'll be happy to create a detailed profile of Sarah Johnson."
Describe an efficient method of organizing papers.,"Describe an efficient method of organizing papers.
Step 1: Sort papers into categories such as <mask:10>.
Step 2: Use <mask:6> to label each category clearly.
Step 3: Store documents in <mask:8> for easy access.
Step 4: Digitize important documents to create a <mask:12>.","
Step 1: Sort papers into categories such as 
work, school, bills, and personal documents.
Step 2: Use 
folders or dividers to label each category clearly.
Step 3: Store documents in 
a designated cabinet or on a shelf for easy access.
Step 4: Digitize important documents to create a 
digital backup and reduce the risk of losing the physical copy."
"Who are the primary stakeholders in the given scenario?

Input:
The rollout of a new healthcare policy","Identify the primary stakeholders in the given scenario.
Scenario: The rollout of a new healthcare policy
Stakeholder group 1: <mask:10>.
Stakeholder group 2: <mask:12>.
Stakeholder group 3: <mask:14>.","Identify the primary stakeholders in the given scenario.
Scenario: The rollout of a new healthcare policy
Stakeholder group 1:  Patients who will be affected by the new healthcare policy.
Stakeholder group 2:  Healthcare providers who will be responsible for implementing the new healthcare policy.
Stakeholder group 3:  Government officials who will be responsible for overseeing and enforcing the new healthcare policy."
"Create a search query for finding a product.

Input:
Analysis software","Create a search query for finding a product.
Product type: <mask:10>.
Keyword: <mask:8>.
Search query: <mask:15>."," type: 3D.
Price: 100.
Keyword: 4K.
Rating: 4.
Search query: 100, 3D, 4K, 4 rating."
"In this task, you need to provide an example of how the given words can be used in a sentence.

Input:
Words: Fantasy, Magical","In this task, you need to provide an example of how the given words can be used in a sentence.
Words: Fantasy, Magical
Sentence example: <mask:10>.","Words: Fantasy, Magical
Sentence example: 
The fantasy novel transported me to a magical world."
"Construct an alliteration phrase with the given words.

Input:
""Risky"" and ""rigid""","Construct an alliteration phrase with the given words.
Words: ""Risky"" and ""rigid""
First word: <mask:8>
Second word: <mask:8>
Alliteration phrase: <mask:24>","Words: ""Risky"" and ""rigid""
First word: 

Alliteration phrase: 

Second word: 

Alliteration phrase: 

Alliteration phrase: 

First word: 

Alliteration phrase:

Second word: 

Alliteration phrase:"
Explain why a company would choose the pay-per-click (PPC) advertising model.,"Explain why a company would choose the pay-per-click (PPC) advertising model.
Reasoning points: <mask:8>.
Company benefits: <mask:10>.
Alternative models: <mask:12>.","
Reasoning points: 
1. Definition: 
2.
Company benefits: 
3.
Customer benefits: 
4.
Alternative models: 
5. Cost considerations: 
6. Technical considerations."
Write a blog post about the importance of protecting the ocean’s coral reefs.,"Write a blog post about the importance of protecting the ocean’s coral reefs.
Introduction: <mask:10>.
Thesis statement: <mask:12>.
Body paragraph 1: Reasons why coral reefs are crucial (Length: 3-4 sentences).
Body paragraph 2: Threats to coral reefs (Length: 3-4 sentences).
Body paragraph 3: Actions we can take to protect coral reefs (Length: 3-4 sentences).
Conclusion: <mask:16>.","
Introduction: 1-2 sentences about the importance of coral reefs.
Thesis statement: 1-2 sentences summarizing the importance of protecting coral reefs.
Body paragraph 1: Reasons why coral reefs are crucial (Length: 3-4 sentences).
Body paragraph 2: Threats to coral reefs (Length: 3-4 sentences).
Body paragraph 3: Actions we can take to protect coral reefs (Length: 3-4 sentences).
Conclusion: 1-2 sentences summarizing the post and emphasizing the importance of protecting coral reefs."
Collect the names of the 10 most successful entrepreneurs,"Collect the names of the 10 most successful entrepreneurs.
Entrepreneurship category: <mask:12>.
Notable achievements: <mask:16>.
Innovative companies: <mask:12>.",".
Entrepreneurship category: 
1.
2.
Industry: 
3.
Notable achievements: 
4.
Awards:
5.
Global recognition: 
6.
Innovative companies: 
7.
8.
9.
10."
"Guess what is the opposite meaning of the word ""obscure"".","Guess what is the opposite meaning of the word ""obscure"".
Word: obscure
Opposite meaning: <mask:8>.
Example sentence: The obscure concept became <mask:12> when explained.","
Word: obscure
Opposite meaning: 

clear, known, or understandable.
Example sentence: The obscure concept became 
clear when explained.

The obscure concept became clear when explained."
"Summarize the given text in 1 sentence

Input:
The Mediterranean Sea is a sea located between Europe, northern Africa, and the Middle East. It is connected to the Atlantic Ocean through the Strait of Gibraltar and to the Red Sea through the Suez Canal. It is bordered by a number of nations, including Italy, Spain, Greece, France, Turkey and Spain. The Mediterranean Sea is known for its warm climates and its diverse marine life, with some of the world's most popular beaches located in the area.","Summarize the given text in 1 sentence.
Text: The Mediterranean Sea is a sea located between Europe, northern Africa, and the Middle East. It is connected to the Atlantic Ocean through the Strait of Gibraltar and to the Red Sea through the Suez Canal. It is bordered by a number of nations, including Italy, Spain, Greece, France, Turkey and Spain. The Mediterranean Sea is known for its warm climates and its diverse marine life, with some of the world's most popular beaches located in the area.
Key points: <mask:12>.
Summary: <mask:20>.","Text: The Mediterranean Sea is a sea located between Europe, northern Africa, and the Middle East. It is connected to the Atlantic Ocean through the Strait of Gibraltar and to the Red Sea through the Suez Canal. It is bordered by a number of nations, including Italy, Spain, Greece, France, Turkey and Spain. The Mediterranean Sea is known for its warm climates and its diverse marine life, with some of the world's most popular beaches located in the area.
Key points:  Mediterranean Sea, warm climates, diverse marine life, popular beaches.
Summary: 
The Mediterranean Sea is a sea known for its warm climates, diverse marine life, and popular beaches."
Create a recipe for grilled char sui pork.,"Create a recipe for grilled char sui pork.
Ingredients:
- 1.5 kg pork shoulder, <mask:5>
- 3 cloves garlic, minced
- 2 tbsp soy sauce, <mask:7>
- 1 tbsp hoisin sauce, <mask:9>
- 1 tsp five-spice powder, <mask:11>
- 1/4 cup honey, <mask:13>

Instructions:
1. In a large bowl, mix together the minced garlic, soy sauce, hoisin sauce, five-spice powder, and honey until well combined.
2. Add the pork shoulder to the marinade and ensure it is fully coated. Cover and refrigerate for at least <mask:16> hours.
3. Preheat the grill to medium-high heat.
4. Remove the pork from the marinade and discard any excess marinade.
5. Grill the pork for about 20-25 minutes, turning occasionally, until the internal","
Ingredients:
- 1.5 kg pork shoulder, 1.5 cm thick
- 3 cloves garlic, minced
- 2 tbsp soy sauce, 1 tbsp sesame oil (optional)
- 1 tbsp hoisin sauce, 1 tbsp rice vinegar, 1 tbsp water
- 1 tsp five-spice powder, 1 tsp black pepper, 1/2 tsp salt
- 1/4 cup honey, 1/4 cup brown sugar, 1/4 cup water

Instructions:
1. In a large bowl, mix together the minced garlic, soy sauce, hoisin sauce, five-spice powder, and honey until well combined.
2. Add the pork shoulder to the marinade and ensure it is fully coated. Cover and refrigerate for at least 2 hours, but you can allow it to marinate for up to 4 hours.
3. Preheat the grill to medium-high heat.
4. Remove the pork from the marinade and discard any excess marinade.
5. Grill the pork for about 20-25 minutes, turning occasionally, until the internal"
"Given the given description, classify it as either a historical figure, a myth, or a literary character.

Input:
Sherlock Holmes","Given the given description, classify it as either a historical figure, a myth, or a literary character.
Name: Sherlock Holmes
Category: <mask:12>.","Name: Sherlock Holmes
Category: 

Sherlock Holmes can be classified as a literary character."
"Provide a solution to this problem.

Input:
A cyclist is biking from Point A to Point B. Along the way, he passes point C, which is one-third of the distance from A to B. At what point is the cyclist halfway to his destination?","Provide a solution to this problem.
Distance from A to B: <mask:10>.
Point C location: <mask:12>.
Halfway point calculation: <mask:16>.","Distance from A to B: 100 km
Find location of point C.
Point C location: 20 km north of the halfway point between A and B.
Halfway point calculation: 100 km / 2 = 50 km between A and B."
Explain what an e-commerce platform is.,"Explain what an e-commerce platform is.
Definition: An online marketplace where <mask:8> can buy and sell goods or services.
Key features: <mask:12>, secure payment processing, customer reviews.
Importance: <mask:16>.","
Definition: An online marketplace where 
Definition: An online marketplace where people can buy and sell goods or services.
Key features: 
Online shopping, product catalogs, payment gateways, order tracking, secure payment processing, customer reviews.
Importance: 
E-commerce platforms enable businesses to reach a global audience and expand their customer base."
"Delete all words starting with the letter ""s"" from the given sentence.

Input:
She sells shells by the seashore.","Delete all words starting with the letter ""s"" from the given sentence.
Input: She sells shells by the seashore.
Sentence without ""s"" words: <mask:12>.","Input: She sells shells by the seashore.
Sentence without ""s"" words: 

Output:  sells shells by the seashore."
"Given the following passage, summarize it

Input:
John Adams was an American patriot who served as the second president of the United States. He was a statesman, a diplomat, and a leader of the American Revolution. He was very influential in the drafting and ratification of the United States Constitution. He was also a strong leader of the Federalist Party and an advocate of the Bill of Rights.","Given the following passage, summarize it.
Passage:
John Adams was an American patriot who served as the second president of the United States. He was a statesman, a diplomat, and a leader of the American Revolution. He was very influential in the drafting and ratification of the United States Constitution. He was also a strong leader of the Federalist Party and an advocate of the Bill of Rights.
Key points: <mask:12>.
Summary: <mask:20>.","
Passage:
John Adams was an American patriot who served as the second president of the United States. He was a statesman, a diplomat, and a leader of the American Revolution. He was very influential in the drafting and ratification of the United States Constitution. He was also a strong leader of the Federalist Party and an advocate of the Bill of Rights.
Key points: 
John Adams, second president, American Revolution, statesman.
Summary: 
John Adams was the second president of the United States and played a key role in the American Revolution."
Name one mineral which can be found in sand.,"Name one mineral which can be found in sand.
Mineral: <mask:8>.","
Mineral:  One mineral which can be found in sand."
List the components of an Ethernet cable.,"List the components of an Ethernet cable.
Connector type: <mask:8>.
Cable insulation material: <mask:12>.
Conductor count: <mask:4>.
Shielding type: <mask:8>.","
Connector type: 4-pair or 8-pair.
Cable insulation material:  PVC, polyethylene, Teflon, or Kapton.
Conductor count: 4 or 8.
Shielding type:  None, braided shield, or foil shield."
List five popular AI technologies.,"List five popular AI technologies.
AI tech 1: <mask:10>.
AI tech 2: <mask:10>.
AI tech 3: <mask:10>.
AI tech 4: <mask:10>.
AI tech 5: <mask:10>.","
AI tech 1: 
AI tech 1:  Machine Learning algorithms.
AI tech 2: 
AI tech 2:  Natural Language Processing.
AI tech 3: 
AI tech 3:  Computer Vision systems.
AI tech 4: 
AI tech 4:  Predictive Analytics.
AI tech 5: 
AI tech 5:  Reinforcement Learning."
Compare and contrast the features of React Native and Flutter.,"Compare and contrast the features of React Native and Flutter.
React Native: <mask:8>.
Flutter: <mask:10>.
Key differences: <mask:12>.","
React Native: 1.  2. 3.
Flutter: 1. 2. 3. 4.
Key differences: 1.  2.  3. 4."
Suggest a recipe that has less than 500 calories per serving.,"Suggest a recipe that has less than 500 calories per serving.
Calories target: <mask:12>.
Key ingredients: <mask:8>.
Preparation method: <mask:16>.","
Calories target: 500.
Servings: 4-6.
Key ingredients: 2 eggs, spinach, mushrooms, tomatoes.
Preparation method: 30 minutes.
Cooking method: 30 minutes.
No dairy."
Generate an example of personification.,"Generate an example of personification.
Example: The wind <mask:8> through the trees.
Personified element: <mask:4>.","
Example: The wind  whispered secrets to the leaves as it danced through the trees.
Personified element:  The wind whispered secrets."
"You are given a string of numbers, find the maximum and minimum numbers in the string

Input:
""3,2,7,9,13,8,1,4""","You are given a string of numbers, find the maximum and minimum numbers in the string.
String: ""3,2,7,9,13,8,1,4""
Maximum number: <mask:5>.
Minimum number: <mask:5>.","String: ""3,2,7,9,13,8,1,4""
Maximum number: 13 or 9.
Minimum number:  1 or 4."
"Compare and contrast two different sources of capital

Input:
Equity and debt","Compare and contrast two different sources of capital.
Sources: Equity and debt
Step 1: Define equity.
Step 2: Define debt.
Step 3: <mask:12>.
Step 4: <mask:16>.",": Equity and debt
Step 1: Define equity.
Step 2: Define debt.
Step 3:  Compare the two sources of capital in terms of benefits and drawbacks.
Step 4:  Contrast the two sources of capital in terms of ownership structure, cost, and flexibility."
"Summarize the article ""The Philosophy of AI"" and explain its main points.","Summarize the article ""The Philosophy of AI"" and explain its main points.
Article title: The Philosophy of AI
Summary: <mask:16>.
Main point 1: <mask:12>.
Main point 2: <mask:12>.","
Article title: The Philosophy of AI
Summary: 
The article discusses the ethical and philosophical issues related to the development of artificial intelligence.
Main point 1: 
AI has the potential to greatly impact human life and society.
Main point 2: 
The development of AI will have significant ethical and societal implications."
"Rewrite the given sentence so that it includes an example of one of the five senses.

Input:
I felt a chill in the air.","Rewrite the given sentence so that it includes an example of one of the five senses.
Original: I felt a chill in the air.
Sense to include: <mask:5>.
Revised sentence: <mask:10>.","Original: I felt a chill in the air.
Sense to include:  Smell/smell.
Revised sentence:  I smelled the crisp scent of pine in the air."
Spell out the spelling of ophthalmologist.,"Spell out the spelling of ophthalmologist.
Word: ophthalmologist
Letter 1: <mask:5>
Letter 2: <mask:6>
Letter 3: <mask:7>","Word: ophthalmologist
Letter 1: 
Word: ophthalmolog
Letter 2: 
Word: ophthalmologo
Letter 3: 
Word: ophthalmologoist"
Generate a news headline about a recent event.,"Generate a news headline about a recent event.
Event: The opening of a new museum in downtown.
Location: <mask:8>.
Date: <mask:10>.
Headline: <mask:16>.","
Event: The opening of a new museum in downtown.
Location: 123 Main Street, Downtown City.
Date: 07/25/2022.
Headline: 
Downtown City Landmark: New Museum Opens at 123 Main Street."
"Categorize the following type of pollination.

Input:
The pollination of flowers by wind.","Categorize the following type of pollination.
Pollination method: The pollination of flowers by wind
Pollination agent: <mask:8>
Pollination environment: <mask:12>
Category: <mask:4>","ination of flowers by wind
Pollination agent: 
Wind
Pollination target: Flowers
Pollination environment: 
Air
Pollination location: 
Open spaces

Category: 
Wind pollination"
Imagine you received news of an impending natural disaster. What are the three most important items you would need to prepare for the disaster?,"Imagine you received news of an impending natural disaster. What are the three most important items you would need to prepare for the disaster?
Preparation items: <mask:12>, <mask:12>, <mask:12>.","
Preparation items: 1. A sufficient supply of water and non-perishable food, 2. A first-aid kit with essential medications and supplies, 3. A family emergency plan with important documents and emergency contacts."
"Categorize the following item into one of the 7 animal categories (mammal, amphibian, bird, fish, reptile, insect, arachnid):

Input:
Earthworm","Categorize the following item into one of the 7 animal categories (mammal, amphibian, bird, fish, reptile, insect, arachnid):
Item: Earthworm
Category: <mask:10>.","Item: Earthworm
Category: 

The earthworm is categorized as an insect."
"Summarize the sentence using 6 words or less.

Input:
Electric vehicles are better for the environment because they do not produce any harmful emissions.","Summarize in 6 words or less.
Sentence: Electric vehicles are better for the environment because they do not produce any harmful emissions.
Summary: <mask:6>."," in 6 words or less.
Sentence: Electric vehicles are better for the environment because they do not produce any harmful emissions.
Summary:  Electric vehicles produce no harmful emissions."
"Categorize the following passage as either fiction or non-fiction.

Input:
The world of Agartha is a mysterious underground realm. It is a hidden land filled with a variety of bizarre creatures, both benevolent and malicious. Legends tell us that Agartha is a place of utopia, where knowledge and technology are plentiful and advanced beyond our understanding.","Categorize the following passage as either fiction or non-fiction.
Passage: The world of Agartha is a mysterious underground realm. It is a hidden land filled with a variety of bizarre creatures, both benevolent and malicious. Legends tell us that Agartha is a place of utopia, where knowledge and technology are plentiful and advanced beyond our understanding.
Clue: <mask:8>.
Category: <mask:4>.","age: The world of Agartha is a mysterious underground realm. It is a hidden land filled with a variety of bizarre creatures, both benevolent and malicious. Legends tell us that Agartha is a place of utopia, where knowledge and technology are plentiful and advanced beyond our understanding.
Clue:  The passage describes a fictional or imaginary world.
Category:  Fiction or non-fiction."
Create an algorithm for converting an integer to a string.,"Create an algorithm for converting an integer to a string.
Step 1: Initialize an empty string variable, <mask:8>.
Step 2: While the integer is greater than zero, do the following:
         - Get the last digit of the integer using modulo operation, <mask:10>.
         - Convert the digit to a character and append it to the string variable, <mask:12>.
         - Remove the last digit from the integer using integer division, <mask:14>.
Step 3: Reverse the string variable, <mask:16>.
Final output: <mask:20>.","
Step 1: Initialize an empty string variable, 
         - integer_to_string = """".
Step 2: While the integer is greater than zero, do the following:
         - Get the last digit of the integer using modulo operation, 
            - digit = integer % 10.
         - Convert the digit to a character and append it to the string variable, 
            - integer_to_string = integer_to_string + digit.
         - Remove the last digit from the integer using integer division, 
            - integer = integer / 10 * 10.
Step 3: Reverse the string variable, 
         - integer_to_string = integer_to_string[::-1] if needed.
Final output: 
         - integer_to_string, which now contains the string representation of the integer in the correct order."
"Change the titles of the following article from singular to plural.

Input:
The Impact of Social Media on Mental Health","Change the titles of the following article from singular to plural.
Article title: The Impact of Social Media on Mental Health
New title: <mask:12>
Step 1: Identify the key nouns in the title.
Step 2: Determine the plural form of these nouns.
Step 3: <mask:8>"," title: The Impact of Social Media on Mental Health
New title:  The Impact of Social Media Platforms on Mental Health. 

Step 1: Identify the key nouns in the title.
Step 2: Determine the plural form of these nouns.
Step 3:  Rewrite the title using the plural forms."
"What are the positive and negative aspects of this model?

Input:
Model: Neural Persistence","What are the positive and negative aspects of this model?
Model: Neural Persistence
Positive aspects: <mask:8>.
Negative aspects: <mask:10>.","Model: Neural Persistence
Positive aspects: 
- Efficient.
- Scalable.
Negative aspects: 
- Resource-intensive.
- Limited interpretability."
Give two methods to reduce stress,"Give two methods to reduce stress.
Method 1: <mask:8>.
Method 2: <mask:10>.",".
Method 1:  Practice mindfulness through meditation or deep breathing exercises.
Method 2:  Engage in regular physical activity such as exercise or yoga."
"Change the word ""humor"" in the following sentence to an appropriate adjective.

Input:
The relationship lacked humor.","Change the word ""humor"" in the following sentence to an appropriate adjective.
Original: The relationship lacked humor.
Adjective: <mask:8>.
Revised sentence: <mask:16>.","Original: The relationship lacked humor.
Adjective: 

Original: The relationship lacked humor.
Revised sentence: 
The relationship lacked humor.

Original: 
The relationship lacked humor."
Find out the capital of Canada. Output the name of the city.,"Find out the capital of Canada.
Output: <mask:8>.","
Output: 

The capital of Canada is Ottawa."
Explain why the budget of a company is important.,"Explain why the budget of a company is important.
Definition: A budget is a financial plan that outlines expected revenues and expenses.
Importance clue: <mask:10>.
Explanation: <mask:20>.","
Definition: A budget is a financial plan that outlines expected revenues and expenses.
Importance clue:  A budget is essential for a company's financial success.
Explanation:  A budget helps a company track its financial performance, identify areas for improvement, and make informed financial decisions."
Identify 2 examples of types of agricultural subsidies.,"Identify 2 examples of types of agricultural subsidies.
Subsidy type 1: <mask:8>.
Subsidy type 2: <mask:12>.","
Subsidy type 1: 
Subsidies paid directly to farmers.
Subsidy type 2: 
Subsidies paid to food processors on behalf of farmers."
"Suggest two other activities to do with this given activity.

Input:
Visit a museum","Suggest two other activities to do with this given activity.
Given activity: Visit a museum
Activity 1: <mask:8>
Activity 2: <mask:10>"," activity: Visit a museum
Activity 1:  Take a guided tour of the museum.
Activity 2:  Attend a lecture or workshop hosted by the museum."
Suggest an activity to actively involve a group of 10 people.,"Suggest an activity to actively involve a group of 10 people.
Number of participants: <mask:5>.
Activity type: <mask:8>.
Expected duration: <mask:12>.","
Number of participants: 10-15.
Activity type:  Outdoor, fun, and team-building activity.
Expected duration: 2-3 hours.
Location: Local park or beach."
"What is the correct grammar and punctuation in the following sentence?

Input:
I'm going to the store after school","What is the correct grammar and punctuation in the following sentence?
Original: I'm going to the store after school.
Subject: <mask:5>.
Verb phrase: <mask:8>.
Punctuation check: <mask:12>.","Original: I'm going to the store after school.
Subject:  I'm going after school.
Verb phrase:  I'm going to the store after school.
Punctuation check: 
Corrected: I'm going to the store after school."
"Generate a new design for a watch based on the given input.

Input:
Graphic: A cartoon character","Generate a new design for a watch based on the given input.
Graphic: A cartoon character
Design elements: <mask:12>.
Color scheme: <mask:8>.
Watch face layout: <mask:16>.","Graphic: A cartoon character
Design elements:  Big eyes, small nose, floppy ears, and smiling mouth.
Color scheme:  Red, blue, yellow, and green.
Watch face layout:  Circular with a small square in the middle, with the cartoon character in the center."
"Generate the output for a given sentence using the Levenshtein distance metric

Input:
Yesterday I ran to the store.","Generate the output for a given sentence using the Levenshtein distance metric.
Input: Yesterday I ran to the store.
Target word: <mask:10>.
Nearest match: <mask:14>.",": Yesterday I ran to the store.
Target word:  run
Output:
Target word:  run.
Nearest match:  ran.
Levenshtein distance to nearest match: 1."
Name three cities in the United States with population over 1 million.,"Name three cities in the United States with population over 1 million.
City 1: <mask:12>.
City 2: <mask:12>.
City 3: <mask:16>.","
City 1:  New York City, New York - population over 8 million.
City 2:  Los Angeles, California - population over 3.9 million.
City 3:  Chicago, Illinois - population over 2.7 million in the Chicago metropolitan area."
"Format the following article according to APA style guidelines.

Input:
This article is about the remarkable benefits of nature. When we spend time in nature, our level of stress and anxiety decreases, and our sense of well-being and creativity increases.","Format the following article according to APA style guidelines.
Input:
This article is about the remarkable benefits of nature. When we spend time in nature, our level of stress and anxiety decreases, and our sense of well-being and creativity increases.
Title: <mask:10>
Author: <mask:12>
Year: <mask:8>
Journal: <mask:14>
Volume: <mask:8>
Issue: <mask:6>
Pages: <mask:8>","Input:
This article is about the remarkable benefits of nature. When we spend time in nature, our level of stress and anxiety decreases, and our sense of well-being and creativity increases.
Title: 
""The Remarkable Benefits of Nature"" 

Author: 
""Author's First Name and Last Name"" 

Year: 
""Year of Publication"" 

Journal: 
""Journal of the Society for Nature and Human Health"" 

Volume: 
""Volume of Publication"" 

Issue: 
""Issue"" 

Pages: 
""Page Start-Page End"""
"Convert the following numbers into words.

Input:
9838","Convert the following numbers into words.
Number: 9838
Word form: <mask:10>.","Number: 9838
Word form: 9,838."
"Rearrange the following words so that it makes a meaningful sentence.

Input:
created be can magic","Rearrange the given words to form a meaningful sentence.
Words: created be can magic
First word: <mask:5>.
Second word: <mask:7>.
Third word: <mask:9>.
Fourth word: <mask:11>."," words to form a meaningful sentence.
Words: created be can magic
First word: 
Magic can be created.
Second word: 
Magic can be created by being.
Third word: 
Magic can be created by being able to.
Fourth word: 
Magic can be created by being able to be created."
"Make a chart that displays the data in a visual format.

Input:
Data: The number of students in different grade levels","Make a chart that displays the data in a visual format.
Input: The number of students in different grade levels
Chart type: <mask:8>.
Grade levels: <mask:12>.
Data points: <mask:16>.","Input: The number of students in different grade levels
Chart type: 3D bar chart with a color gradient.
Grade levels: 1st, 2nd, 3rd, etc.
Data points: 10, 15, 20, 25, etc."
Construct a Big-O notation to explain the complexity of a certain algorithm,"Construct a Big-O notation to explain the complexity of a certain algorithm.
Algorithm description: Sorts an array of n elements.
Step 1: Determine the number of operations in the worst case scenario.
Step 2: Express the result in Big-O notation: <mask:8>.",".
Algorithm description: Sorts an array of n elements.
Step 1: Determine the number of operations in the worst case scenario.
Step 2: Express the result in Big-O notation: 
Step 3: Explain the notation."
Create a recipe for an appetizer using only a few items from the pantry.,"Create a recipe for an appetizer using only a few items from the pantry.
Pantry items available: olives, crackers, cheese, hummus, grapes.
Appetizer name: <mask:10>.
Main ingredient: <mask:12>.
Additional ingredients: <mask:16>.
Preparation steps:
1. <mask:4>
2. <mask:8>
3. <mask:12>","
Pantry items available: olives, crackers, cheese, hummus, grapes.
Appetizer name:  Hummus and Olives with Cheese and Crackers.
Main ingredient:  1 cup of hummus, 1 cup of crackers.
Additional ingredients: 1 cup of olives, 1 cup of cheese, 1 cup of grapes.
Preparation steps:
1.  Toast the crackers.
2.  Spread the hummus on the crackers.
3.  Arrange the olives, cheese, and grapes on the crackers."
"Given a list of elements, find how many possible combinations of the elements can be made.

Input:
H, O, C, N","Given a list of elements, find how many possible combinations of the elements can be made.
Elements: H, O, C, N
Number of elements: <mask:4>.
Total combinations: <mask:8>."," H, O, C, N
Number of elements: 4 = 4.
Total combinations: 4^4 = 256."
"Classification task: The following sentence is positive or negative?

Input:
The music was too upbeat for my taste.","Classification task: Determine if the following sentence is positive or negative.
Sentence: The music was too upbeat for my taste.
Sentiment clue: <mask:8>.
Classification: <mask:4>."," negative.
Sentence: The music was too upbeat for my taste.
Sentiment clue:  The sentence expresses a dislike for the music.
Classification:  The sentence is negative."
Generate five scientific facts about mammals.,"Generate five scientific facts about mammals.
Fact 1: <mask:8>.
Fact 2: <mask:10>.
Fact 3: <mask:12>.
Fact 4: <mask:14>.
Fact 5: <mask:16>.","
Fact 1:  Mammals are warm-blooded vertebrates.
Fact 2:  Mammals are able to produce milk for their young.
Fact 3:  Mammals have a high degree of brain development and cognitive abilities.
Fact 4:  Mammals have a unique auditory system that allows them to hear high frequencies.
Fact 5:  Mammals have a keen sense of smell, which is used for navigation and communication."
"Given the title of a book, explain why someone should read it.

Input:
The Great Gatsby","Given the title of a book, explain why someone should read it.
Title: The Great Gatsby
Reasoning points: <mask:12>, <mask:12>.
Personal benefit: <mask:12>.","Title: The Great Gatsby
Reasoning points: 1. Iconic novel, 2. Thought-provoking themes, 3. Rich character development, 4. Unique writing style.
Personal benefit: 1. Improve analytical skills, 2. Enhance cultural understanding."
Create 10 topic related questions for a survey about modern fashion trends in the US.,"Create 10 topic-related questions for a survey about modern fashion trends in the US.
Topic areas: <mask:12>.
Question 1: <mask:12>.
Question 2: <mask:12>.
Question 3: <mask:12>.
Question 4: <mask:12>.
Question 5: <mask:12>.
Question 6: <mask:12>.
Question 7: <mask:12>.
Question 8: <mask:12>.
Question 9: <mask:12>.
Question 10: <mask:12>.",".
Topic areas:  clothing, footwear, jewelry, hair, makeup, and accessories.
Question 1:  What is your favorite modern fashion trend in the US for clothing.
Question 2:  What is your favorite modern fashion trend in the US for footwear.
Question 3:  What is your favorite modern fashion trend in the US for jewelry.
Question 4:  What is your favorite modern fashion trend in the US for hair.
Question 5:  What is your favorite modern fashion trend in the US for accessories.
Question 6:  What is your favorite modern fashion trend in the US for clothing.
Question 7:  What is your favorite modern fashion trend in the US for footwear.
Question 8:  What is your favorite modern fashion trend in the US for jewelry.
Question 9:  What is your favorite modern fashion trend in the US for hair.
Question 10:  What is your favorite modern fashion trend in the US for accessories."
"Edit the sentence to use less than 70 characters.

Input:
No one in the family believe what happened, the whole thing was just too hard for everyone to comprehend.","Edit the sentence to use less than 70 characters.
Original: No one in the family believe what happened, the whole thing was just too hard for everyone to comprehend.
Shortened sentence: <mask:16>.","Original: No one in the family believe what happened, the whole thing was just too hard for everyone to comprehend.
Shortened sentence: 
No one in the family believes what happened; it was too hard to comprehend."
Name a cardiac disease.,"Name a cardiac disease.
Category: <mask:8>.","
Category: 
Cardiac diseases affecting the heart muscle."
Make a table of the top 10 fastest animals,"Make a table of the top 10 fastest animals.
Rank: <mask:5>.
Animal: <mask:10>.
Speed (mph): <mask:15>.",".
Rank: 1. 10.
Animal: 1. Cheetah 10. Greyhound.
Speed (mph): 1. 70 mph. 10. 45 mph."
Compile a list of 5 common misconceptions about the health effects of smoking.,"Compile a list of 5 common misconceptions about the health effects of smoking.
Misconception 1: <mask:8>.
Misconception 2: <mask:10>.
Misconception 3: <mask:12>.
Misconception 4: <mask:14>.
Misconception 5: <mask:16>.","
Misconception 1:  Smoking is not a cause of lung cancer.
Misconception 2:  Smoking is not a cause of heart disease and stroke.
Misconception 3:  Smoking is not a cause of bronchitis and other respiratory diseases.
Misconception 4:  Smoking is not a cause of oral cancer, including mouth and throat cancer.
Misconception 5:  Smoking is not a cause of mental health problems, such as depression and cognitive decline."
"Design a room that follows the given style.

Input:
Vintage style.","Design a room that follows the given style.
Style: Vintage
Color scheme options: <mask:8>
Furniture ideas: <mask:10>
Decor items: <mask:12>",": Vintage
Color scheme options: 
- Earth tones
- Warm colors
Furniture ideas: 
- Antique wooden tables
- Old-fashioned chairs
Decor items: 
- Vintage posters
- Antique lamps
- Vintage rugs"
Design an advertisement for a home security product.,"Design an advertisement for a home security product.
Product name: SmartGuard
Target audience: Homeowners aged <mask:10> to <mask:12>
Key features: 
1. <mask:5>
2. <mask:8>
3. <mask:12>
Creative elements:
- Tagline: ""Protect what matters most.""
- Visuals: <mask:4>","Product name: SmartGuard
Target audience: Homeowners aged 35-55, particularly families with up to 3 children, who prioritize safety and peace of mind.

Key features: 
1. 24/7 monitoring
2. 360-degree video and audio recording
3. 2-way audio communication
4. Motion detection and alerts

Creative elements:
- Tagline: ""Protect what matters most.""
- Visuals: 
- Audio:"
Write a poem that tells a romantic love story.,"Write a poem that tells a romantic love story.
Verse 1:
In a <mask:12>, under the moon's soft glow,
Two hearts <mask:10> as they <mask:14> below.
Whispered words of <mask:8>,
In <mask:16>, their love did grow.","Verse 1:
In a  land where the trees do sway,
Where the rivers flow, under the moon's soft glow,
Two hearts  met in tender sway,
Their souls intertwined, as they  found their way.

They danced the night, beneath the stars below.
Whispered words of  love, under the moon's soft glow,
In  other's arms, they found their  home,
And with each passing moment, their love did grow."
"Assign a score (1-5) to the following statement.
1 - strongly disagree, 2 - disagree, 3 - neutral, 4 - agree, 5 - strongly agree

Input:
Robots will be able to take over all human jobs within the next 10 years.","Assign a score (1-5) to the following statement.
1 - strongly disagree, 2 - disagree, 3 - neutral, 4 - agree, 5 - strongly agree
Statement: Robots will be able to take over all human jobs within the next 10 years.
Score: <mask:5>.","Statement: Robots will be able to take over all human jobs within the next 10 years.
Score: 1 - Strongly disagree."
Summarize the differences between a Microsoft Access and Microsoft Excel.,"Summarize the differences between a Microsoft Access and Microsoft Excel.
Database focus: <mask:12>.
Spreadsheet capabilities: <mask:12>.
Common use cases: <mask:16>.","
Database focus:  Access is a database application, while Excel is a spreadsheet application.
Spreadsheet capabilities:  Excel has extensive spreadsheet capabilities, while Access has limited spreadsheet capabilities.
Common use cases:  Access is often used for data management, while Excel is often used for data analysis."
Create a list of 10 fun activities for a family reunion.,"Create a list of 10 fun activities for a family reunion.
Group games: <mask:12>.
Indoor activities: <mask:12>.
Outdoor adventures: <mask:16>.
Evening entertainment: <mask:12>.","
Group games: 
1. Trivia. 
2. Charades.
Indoor activities: 
3. Board games. 
4. Craft making.
Outdoor adventures: 
5. Hiking or nature walk. 
6. Picnic or BBQ day.
Evening entertainment: 
7. Movie night. 
8. Talent show."
"Compare the two topics.

Input:
Art vs. Nature","Compare the two topics.
Topic 1: Art
Topic 2: Nature
Key differences: <mask:12>
Reasoning points for Topic 1: <mask:10>
Reasoning points for Topic 2: <mask:10>","Topic 1: Art
Topic 2: Nature
Key differences: 
1. 
2. 
3. 
Reasoning points for Topic 1: 
1. 
2
3. 
Reasoning points for Topic 2: 
1. 
2.
3."
"Edit the following sentence to create a more vivid scene.

Input:
The wind was blowing in the park","Edit the sentence to create a more vivid scene.
Original: The wind was blowing in the park.
Sensory detail: <mask:10>.
Setting description: <mask:14>.
Revised sentence: <mask:20>."," sentence to create a more vivid scene.
Original: The wind was blowing in the park.
Sensory detail: 
The wind was rustling leaves in the park.
Setting description: 
The wind was rustling leaves in the quiet, moonlit park.
Revised sentence: 
The wind whispered secrets and rustled the leaves as it danced through the quiet, moonlit park."
Explain to me how a rainforest works.,"Explain to me how a rainforest works.
Ecological components: <mask:12>.
Climate conditions: <mask:12>.
Importance to global ecosystem: <mask:16>.
Human impact factors: <mask:20>.","
Ecological components: 
Trees, plants, animals, insects, fungi, microorganisms.
Climate conditions: 
High rainfall, high humidity, warm temperatures, limited sunlight.
Importance to global ecosystem: 
Carbon sequestration, oxygen production, water cycle, nutrient cycling, biodiversity conservation.
Human impact factors: 
Deforestation, logging, mining, urbanization, agricultural expansion, climate change, and invasive species."
"Given a fact, provide an opinion through a statement.

Input:
Prefab buildings are cheaper than traditional buildings.","Given a fact, provide an opinion through a statement.
Fact: Prefab buildings are cheaper than traditional buildings.
Opinion clue: <mask:10>.
Opinion statement: <mask:14>.","Fact: Prefab buildings are cheaper than traditional buildings.
Opinion clue: 
Prefab buildings are more efficient than traditional buildings.
Opinion statement: 
Prefab buildings are a cost-effective and efficient alternative to traditional buildings."
Give me an example of how a country could use blockchain technology,"Give me an example of how a country could use blockchain technology.
Country: <mask:8>.
Technology application: <mask:12>.
Potential benefit: <mask:16>.",".
Country: 
Let's say the country is India.
Technology application: 
Blockchain technology could be used to create a decentralized voting system.
Potential benefit: 
This could help to reduce fraud, increase transparency, and streamline the voting process."
"Create a hypothetical situation involving the following items

Input:
A block of cheese, an egg, an onion","Create a hypothetical situation involving the following items.
Item 1: A block of cheese.
Item 2: An egg.
Item 3: An onion.
Setting: <mask:12>.
Characters: <mask:10>.
Scenario: <mask:16>.","
Item 1: A block of cheese.
Item 2: An egg.
Item 3: An onion.
Setting: 
A busy restaurant with a large kitchen and a dining area.
Characters: 
A chef, a waiter, and a customer.
Scenario: 
The chef is preparing a new dish that involves cheese, egg, and onion."
"Identify the subject and the action of the sentence.

Input:
The dog barked loudly.","Identify the subject and the action of the sentence.
Sentence: The dog barked loudly.
Subject: <mask:5>.
Action: <mask:8>.","Sentence: The dog barked loudly.
Subject: 
Subject: The dog.
Action: 
Action: The dog barked loudly."
List and explain 3 steps to find a job online.,"List and explain 3 steps to find a job online.
Step 1: Research <mask:10> for job openings.
Step 2: Apply to positions by submitting <mask:8> and cover letters.
Step 3: Follow up on applications by sending <mask:12>.","
Step 1: Research 3-5 companies related to your field and search for job openings.
Step 2: Apply to positions by submitting 3-5 applications, including your resumes and cover letters.
Step 3: Follow up on applications by sending 1-2 thank-you emails and politely asking for an interview."
"Analyze the below social media post and identify the most effective marketing strategy used.

Input:
![Social Media Post](https://i2.wp.com/techwood.in/wp-content/uploads/2020/06/Spinny-Feat1.jpg?fit=1080%2C810&ssl=1)","Analyze the below social media post and identify the most effective marketing strategy used.
Post: ![Social Media Post](https://i2.wp.com/techwood.in/wp-content/uploads/2020/06/Spinny-Feat1.jpg?fit=1080%2C810&ssl=1)
Strategy clue: <mask:12>.
Explanation: <mask:16>."," Media Post](https://i2.wp.com/techwood.in/wp-content/uploads/2020/06/Spinny-Feat1.jpg?fit=1080%2C810&ssl=1)
Strategy clue: 
The most effective marketing strategy used is: Influencer Marketing.
Explanation: 
The post features a popular influencer with a large follower base, promoting the product."
"Given the following components, build an essay discussing the benefits of renewable energy.

Input:
Wind energy, solar energy, geothermal energy","Given the following components, build an essay discussing the benefits of renewable energy.
Components: Wind energy, solar energy, geothermal energy
Introduction: <mask:10>.
Point 1: <mask:12>.
Point 2: <mask:14>.
Point 3: <mask:16>.
Conclusion: <mask:18>.","Components: Wind energy, solar energy, geothermal energy
Introduction: 
Renewable energy has numerous benefits for the environment.
Point 1: 
Wind energy reduces greenhouse gas emissions and helps combat climate change.
Point 2: 
Solar energy is a clean and sustainable source of energy that reduces pollution.
Point 3: 
Geothermal energy provides a reliable source of energy and reduces dependence on fossil fuels.
Conclusion: 
By investing in renewable energy sources, we can create a more sustainable future for our planet."
"Perform a sentiment analysis for the following text.

Input:
Learning Machine Learning has given me such powerful tools","Perform a sentiment analysis for the following text.
Text: Learning Machine Learning has given me such powerful tools
Sentiment label: <mask:8>.
Positive keywords: <mask:10>.","Text: Learning Machine Learning has given me such powerful tools
Sentiment label:  Positive.
Confidence score:  Positive.
Positive keywords:  Learning, powerful.
Negative keywords:  None."
Tell one interesting fact about the American Civil War.,"Tell one interesting fact about the American Civil War.
Fact: <mask:8>.
Context clue: The war lasted <mask:4> years.","
Fact: 60k Americans died during the war.
Context clue: The war lasted 3 and a half years."
Name four different types of transportation.,"Name four different types of transportation.
Types: <mask:8>, <mask:8>, <mask:8>, <mask:8>.","
Types: 
1. Road (car) transportation, 
2. Rail (train) transportation, 
3. Air (plane) transportation, 
4. Water (boat) transportation."
"Generate a new headline that summarises the given news article.

Input:
The latest report on global warming predicts that the average global temperature will rise by 2.7 degrees Celsius over the next century.","Generate a new headline that summarizes the given news article.
Article: The latest report on global warming predicts that the average global temperature will rise by 2.7 degrees Celsius over the next century.
Headline subject: <mask:10>.
Key prediction: <mask:12>.
Time frame: <mask:12>."," summarizes the given news article.
Article: The latest report on global warming predicts that the average global temperature will rise by 2.7 degrees Celsius over the next century.
Headline subject: 
Temperature Rise Forecast: Latest Report on Global Warming.
Key prediction: 
Average global temperature rise of 2.7 degrees Celsius.
Time frame: 
Next century.
Key factor: 
Global warming."
"Extract the main idea from the following essay.

Input:
The use of connected devices in the home is becoming increasingly prominent. Smartphones, tablets, watches and home assistant devices like Amazon Echo and Google Home can be used to manage a myriad of tasks such as turning lights on and off, setting alarms and reminders, adding items to shopping lists, and playing music.","Extract the main idea from the following essay.
Input:
The use of connected devices in the home is becoming increasingly prominent. Smartphones, tablets, watches and home assistant devices like Amazon Echo and Google Home can be used to manage a myriad of tasks such as turning lights on and off, setting alarms and reminders, adding items to shopping lists, and playing music.
Key points: <mask:12>.
Main idea: <mask:10>.","Input:
The use of connected devices in the home is becoming increasingly prominent. Smartphones, tablets, watches and home assistant devices like Amazon Echo and Google Home can be used to manage a myriad of tasks such as turning lights on and off, setting alarms and reminders, adding items to shopping lists, and playing music.
Key points: 
- Connected devices in homes.
- Managing various tasks.
Main idea: 
Connected devices can be used to manage various tasks."
Generate a list of five marketing strategies for a new product launch.,"Generate a list of five marketing strategies for a new product launch.
Strategy 1: <mask:10>
Strategy 2: <mask:12>
Strategy 3: <mask:14>
Strategy 4: <mask:16>
Strategy 5: <mask:18>","
Strategy 1:  Implement targeted advertising campaigns to reach the desired audience.
Strategy 2:  Utilize social media platforms to generate buzz and drive engagement.
Strategy 3:  Collaborate with influencers and industry experts to increase visibility and build credibility.
Strategy 4:  Offer special promotions and discounts to encourage early adopters to try the new product.
Strategy 5:  Create a compelling brand story to differentiate the product from competitors and connect with the target audience."
"Create a plan to launch the given product.

Input:
A new fashion line","Create a plan to launch the given product.
Product: A new fashion line
Step 1: Conduct market research. <mask:10>.
Step 2: Define target audience. <mask:12>.
Step 3: Develop marketing strategy. <mask:14>.
Step 4: Set launch date. <mask:8>.","Product: A new fashion line
Step 1: Conduct market research. 
Analyze the trends and competition in the fashion industry.
Step 2: Define target audience. 
Identify the target demographic and psychographics for the fashion line.
Step 3: Develop marketing strategy. 
Create a marketing plan that includes branding, advertising, and promotional activities.
Step 4: Set launch date. 
Choose an appropriate date for the launch."
"Generate an example of a saying that is related to the proverb ""A stitch in time saves nine"".","Generate an example of a saying that is related to the proverb ""A stitch in time saves nine"".
Proverb: ""A stitch in time saves nine.""
Related saying: <mask:12>.
Example context: <mask:16>.","
Proverb: ""A stitch in time saves nine.""
Related saying: 

An ounce of prevention is worth a pound of cure.
Example context: 
Taking preventive measures to avoid potential problems can save time and effort in the future."
"Edit the text to make the meaning more precise.

Input:
The President announced an ambitious plan to cut taxes for all Americans.","Edit the text to make the meaning more precise.
Original: The President announced an ambitious plan to cut taxes for all Americans.
Context: <mask:8>.
Proposed edit: <mask:12>.","Original: The President announced an ambitious plan to cut taxes for all Americans.
Context:  The President announced a plan to cut taxes.
Proposed edit:  The President announced an ambitious plan to cut taxes for all Americans."
Suggest three methods to improve communication in the workplace.,"Suggest three methods to improve communication in the workplace.
Method 1: <mask:12>
Method 2: <mask:12>
Method 3: <mask:16>","
Method 1:  Encourage open and honest communication among team members and with management.
Method 2:  Promote active listening and constructive feedback to improve understanding and collaboration.
Method 3:  Utilize technology to facilitate communication, such as instant messaging and project management software."
Name 5 birds commonly found in North America.,"Name 5 birds commonly found in North America.
List: <mask:10>, <mask:10>, <mask:10>, <mask:10>, <mask:10>
Hint: One is known for its distinctive call.","
List: 1, 2, 3, 4, 5, 1, 2, 3, 4, 5, 1, 2, 3, 4, 5, 1, 2, 3, 4, 5
Hint: One is known for its distinctive call."
"Convert miles to kilometers

Input:
Miles: 5","Convert miles to kilometers.
Miles: <mask:5>.
Kilometers: <mask:8>.","
Miles: 0.25 miles.
Kilometers: 0.40934 kilometers."
Create a timeline of computer technology from 1960-1980,"Create a timeline of computer technology from 1960-1980.
Key events: <mask:8>.
Year: <mask:4>, Event: Development of the first minicomputer.
Year: <mask:4>, Event: Introduction of the first microprocessor.
Year: <mask:4>, Event: Launch of the first personal computer.",".
Key events: 
Year: X, Event: Y.
Year: 1960, Event: Development of the first minicomputer.
Year: 1968, Event: Introduction of the first microprocessor.
Year: 1971, Event: Launch of the first personal computer."
Provide an adjective to describe someone who is always cheerful.,"Provide an adjective to describe someone who is always cheerful.
Personality trait: <mask:8>.","
Personality trait: 

A person with a sunny disposition."
Estimate the total cost of a cross-country road trip from Los Angeles to New York.,"Estimate the total cost of a cross-country road trip from Los Angeles to New York.
Starting city: Los Angeles.
Destination: New York.
Budget categories: <mask:10>.
Estimated cost per category: <mask:14>.","
Starting city: Los Angeles.
Destination: New York.
Budget categories:  Transportation, accommodation, food, activities, and miscellaneous.
Estimated cost per category: 1,000 - 2,000 per category."
"Generate a set of 5 questions and answers about the given topic.

Input:
The 2020 U.S Presidential Election","Generate a set of 5 questions and answers about the given topic.
Topic: The 2020 U.S Presidential Election
Question 1: In which month did the election take place? <mask:8>.
Answer 1: November.
Question 2: Who were the two main candidates? <mask:12>.
Answer 2: Joe Biden and Donald Trump.
Question 3: Which state held the first primary election? <mask:12>.
Answer 3: Iowa.
Question 4: What was the name of the key battleground state that decided the election outcome? <mask:20>.
Answer 4: Pennsylvania.
Question 5: How many electoral votes did the winner receive? <mask:12>.
Answer 5: 306."," The 2020 U.S Presidential Election
Question 1: In which month did the election take place? 
Answer: It took place in November.
Answer 1: November.
Question 2: Who were the two main candidates? 
Answer: The main candidates were Joe Biden and Donald Trump.
Answer 2: Joe Biden and Donald Trump.
Question 3: Which state held the first primary election? 
Answer: The first primary election was the state of Iowa.
Answer 3: Iowa.
Question 4: What was the name of the key battleground state that decided the election outcome? 
Answer: Pennsylvania was a key battleground state that decided the election outcome in favor of Joe Biden.
Answer 4: Pennsylvania.
Question 5: How many electoral votes did the winner receive? 
Answer: Joe Biden received 306 electoral votes.
Answer 5: 306."
"Edit this sentence to make it sound more natural: 
""Maybe it's because of the rain,"" he said.","Edit this sentence to make it sound more natural.
Sentence: ""Maybe it's because of the rain,"" he said.
Rephrased: <mask:10>.",".
Sentence: ""Maybe it's because of the rain,"" he said.
Rephrased: 
""Perhaps it's the rain,"" he suggested."
Generate the verb form of the word 'write'.,"Generate the verb form of the word 'write'.
Word: write
Verb form: <mask:8>.","
Word: write
Verb form: 

Example: She wrote a letter."
"Calculate the area of a square given its length in cm.

Input:
12 cm","Calculate the area of a square given its length in cm.
Input: 12 cm
Length: <mask:5> cm.
Area formula: <mask:8>.
Area: <mask:12>.","Input: 12 cm
Length: 12*12 cm.
Area formula: 12 cm * 12 cm.
Area: 12*12 = 144 square cm."
Can you generate five questions about dinosaurs that can be used in a short quiz?,"Generate a short dinosaur quiz.
Question 1: What period did <mask:12> dinosaurs live in?
Question 2: Which <mask:8> dinosaur is known for its long neck?
Question 3: How many <mask:12> species are believed to have existed?
Question 4: What was the length of the <mask:16> dinosaur?
Question 5: Which <mask:4> dinosaur is often depicted with feathers?","Generate a short dinosaur quiz.
Question 1: What period did 100,000,000th dinosaurs live in?
Question 2: Which 100,000th dinosaur is known for its long neck?
Question 3: How many 100,000,000 dinosaur species are believed to have existed?
Question 4: What was the length of the 100,000,000,000th dinosaur?
Question 5: Which 100th dinosaur is often depicted with feathers?"
How does exercise affect the body?,"How does exercise affect the body?
Factors: <mask:10>.
Physiological responses: <mask:12>.
Benefits: <mask:8>.
Considerations: <mask:14>.","
Factors: 
Intensity, duration, frequency, and exercise type.
Physiological responses: 
Cardiovascular, muscular, metabolic, and immune system effects.
Benefits: 
Physical, mental, and social benefits.
Considerations: 
Age, gender, fitness level, medical conditions, and individual tolerance."
Describe two ways to improve the performance of a text classifier.,"Describe two ways to improve the performance of a text classifier.
Method 1: <mask:12>
Method 2: <mask:16>

Input:
- Current accuracy of the text classifier: 85%

Reasoning clues:
- Increasing the size of the training dataset can help <mask:8>.
- Utilizing more sophisticated feature extraction techniques may enhance <mask:10>.","
Method 1: 
Increase the size and diversity of the training dataset.

Method 2: 
Utilize more sophisticated feature extraction techniques to capture subtle nuances in the text.

Input:
- Current accuracy of the text classifier: 85%

Reasoning clues:
- Increasing the size of the training dataset can help 
  the classifier learn from more examples.
- Utilizing more sophisticated feature extraction techniques may enhance 
  the classifier's ability to capture subtle patterns."
"Given two words, provide a synonym for the second word.

Input:
love, happy","Given two words, provide a synonym for the second word.
Word 1: love
Synonym for Word 2: <mask:8>.","Word 1: love
Synonym for Word 2: 

Please, provide the second word."
Describe a scientific experiment with sufficient detail for a reader to recreate it.,"Describe a scientific experiment with sufficient detail for a reader to recreate it.
Experiment title: <mask:15>
Objective: <mask:10>
Materials needed: <mask:20>
Procedure steps:
1. <mask:8>
2. <mask:8>
3. <mask:8>
Expected results: <mask:12>","
Experiment title: 
""Finding the Boiling Point of Water Using a Thermometer""

Objective: 
To determine the temperature of boiling water.

Materials needed: 
- Water
- Heat source (e.g. stove or burner)
- Thermometer

Procedure steps:
1.  Place the water in the appropriate container.
2.  Apply the heat source to the water.
3.  Measure the temperature of the water.

Expected results: 
The temperature of the water will reach its boiling point."
"Find the distance between two points with the following coordinates.

Input:
Point A: (2, 3)
Point B: (6, 4)","Find the distance between two points with the following coordinates.
Point A: (2, 3)
Point B: (6, 4)
Coordinates of Point A: <mask:6>.
Coordinates of Point B: <mask:8>.
Distance formula: <mask:12>."," A: (2, 3)
Point B: (6, 4)
Coordinates of Point A: 2 units up 3 units.
Coordinates of Point B: 6 units right and 4 units up.
Distance formula:  √(x1)^2 + (y1)^2."
"What does the following proverb mean: ""The grass is always greener on the other side""?","What does the following proverb mean?
Proverb: ""The grass is always greener on the other side.""
Clue for interpretation: <mask:8>.
Explanation: <mask:16>.","?
Proverb: ""The grass is always greener on the other side.""
Clue for interpretation: 
It relates to social comparison or envy.
Explanation: 
The proverb suggests that people often compare their own circumstances negatively to those of others."
Generate a number between 1 and 10.,"Generate a number between 1 and 10.
Number: <mask:5>.","
Number: 7."
Write a story about a magical being who is disliked by others.,"Write a story about a magical being who is disliked by others.
Magical being: <mask:12>.
Reason for dislike: <mask:12>.
Setting: <mask:12>.","
Magical being:  A dragon who is disliked by other creatures in the forest.
Reason for dislike:  The dragon is feared and considered a threat to the other creatures.
Setting:  A magical forest that is home to a variety of magical creatures."
Make up a funny joke.,"Create a humorous joke.
Joke premise: Two <mask:8> walk into a bar.
First character response: ""Why did the <mask:10> cross the road?""
Second character: <mask:14>.","Create a humorous joke.
Joke premise: Two 100,000s walk into a bar.
First character response: ""Why did the 100,000 year-old chicken cross the road?""
Second character:  ""Because it was 100,000 years late."
You need to design an app for making restaurant reservations. Explain the steps taken during the process.,"You need to design an app for making restaurant reservations. Explain the steps taken during the process.
Step 1: Define the app's purpose and features.
Step 2: Identify target users and their needs.
Step 3: <mask:12>.
Step 4: Design the user interface.
Step 5: Develop the backend system.
Step 6: Test the app functionality.
Step 7: Launch and market the app.
Step 8: <mask:16>.","
Step 1: Define the app's purpose and features.
Step 2: Identify target users and their needs.
Step 3:  Choose the development platform and programming languages to use for the app.
Step 4: Design the user interface.
Step 5: Develop the backend system.
Step 6: Test the app functionality.
Step 7: Launch and market the app.
Step 8:  Monitor the app's performance and make any necessary updates or improvements based on user feedback."
Describe the character traits of Harry Potter,"Describe the character traits of Harry Potter.
Notable traits: <mask:8>.
Source: J.K. Rowling's books.
Influences on traits: <mask:10>.",".
Notable traits:  Loyalty, bravery, kindness, and determination.
Source: J.K. Rowling's books.
Influences on traits:  His parents, his friends, and his own experiences."
"Given a product's features, write an introduction to the product.

Input:
The product is an app that helps people identify and manage their sleep habits. It can track sleep quality, circadian rhythm, and average sleep time.","Given a product's features, write an introduction to the product.
Product Features:
- Tracks sleep quality
- Monitors circadian rhythm
- Calculates average sleep time
Introduction: <mask:12>.",":
- Tracks sleep quality
- Monitors circadian rhythm
- Calculates average sleep time
Introduction: 
Our innovative sleep tracker provides valuable insights into your sleep patterns."
Generate a model to predict the stock market.,"Generate a model to predict the stock market.
Dataset: Historical stock prices and financial news.
Step 1: Collect data on <mask:12> companies.
Step 2: Preprocess the data by <mask:8>.
Step 3: Split the dataset into <mask:10>.","
Dataset: Historical stock prices and financial news.
Step 1: Collect data on 10 years of stock prices and financial news for 5 companies.
Step 2: Preprocess the data by  normalizing the data and removing missing values.
Step 3: Split the dataset into 80% training and 20% testing."
Name two different types of polygons.,"Name two different types of polygons.
Polygon 1: <mask:8>.
Polygon 2: <mask:10>.","
Polygon 1: 3 sides, 60 degrees angles.
Polygon 2: 4 sides, 90.5 degrees angles."
Calculate the atomic mass for lithium.,"Calculate the atomic mass for lithium.
Element: lithium.
Atomic mass value: <mask:10>.","Element: lithium.
Atomic mass value: 7.015040 amu."
Generate a list of books written by Margaret Atwood,"Generate a list of books written by Margaret Atwood.
Fiction works: <mask:12>.
Non-fiction works: <mask:12>.
Notable series: <mask:8>.",".
Fiction works: 
1. 
2.
3.
4.
Non-fiction works: 
1. 
2.
3.
4.
Notable series: 
1.
2.
3."
"Summarize the following text into fewer than 100 words.

Input:
Pandas are native to China, and are the world’s most iconic endangered species. They live in temperate forest, mountain grasslands, and bamboo forests. Pandas feed mainly on bamboo but also eat other vegetation, insects and small animals. They face many threats from humans, from habitat loss to climate change.","Summarize the following text into fewer than 100 words.
Text: Pandas are native to China, and are the world’s most iconic endangered species. They live in <mask:12>, and <mask:16>. Pandas feed mainly on <mask:12> but also eat other vegetation, insects, and small animals. They face many threats from humans, including <mask:16>.","Text: Pandas are native to China, and are the world’s most iconic endangered species. They live in  the bamboo forests in the provinces of Sichuan, Tibet, and  Gansu, at altitudes of around 3,000 meters. Pandas feed mainly on  bamboo, which constitutes 99% of their diet, but also eat other vegetation, insects, and small animals. They face many threats from humans, including  habitat loss, poaching, and climate change, which is affecting their bamboo supply."
"Imagine you are in a mall, suggest four items to buy.","Imagine you are in a mall, suggest four items to buy.
Category 1: Electronics - <mask:8>
Category 2: Clothing - <mask:10>
Category 3: Beauty Products - <mask:12>
Category 4: Snacks - <mask:14>","
Category 1: Electronics - 
Item 1: Smartwatch

Category 2: Clothing - 
Item 2: Stylish summer dress

Category 3: Beauty Products - 
Item 3: High-end foundation and moisturizer set

Category 4: Snacks - 
Item 4: Variety pack of trail mix and granola bars"
Name a type of grilled sandwich.,"Name a type of grilled sandwich.
Example: <mask:8>.
Another option: <mask:10>.","
Example: 
Grilled Chicken and Avocado Sandwich.
Another option: 
Grilled Sausage and Grilled Cheese Sandwich."
"Change this imperative sentence into a declarative sentence.

Input:
Find the source of the issue.","Change this imperative sentence into a declarative sentence.
Input: Find the source of the issue.
Imperative sentence: <mask:8>.
Declarative sentence: <mask:12>.","Input: Find the source of the issue.
Imperative sentence: 
- Find the source of the issue.
Declarative sentence: 
- It is necessary to find the source of the issue."
Compose a four-bar progression in the key of A Major.,"Compose a four-bar progression in the key of A Major.
Chord 1: <mask:5>
Chord 2: <mask:7>
Chord 3: <mask:9>
Chord 4: <mask:11>","
Chord 1: 1 (A Major)
Chord 2: 1-3 (A Major)
Chord 3: 1-3-5 (A Major)
Chord 4: 1-3-5-7 (A Major)"
"Edit the sentence ""Animals shouldn't mistreated""

Input:
Animals shouldn't mistreated","Edit the sentence ""Animals shouldn't <mask:8>"".
Corrected subject: <mask:5>.
Corrected verb: <mask:8>.
Final sentence: <mask:12>.","  be used for testing new drugs and cosmetics"".
Corrected subject: 
Animals, not animal.
Corrected verb: 
shouldn't, not shouldn't.
Final sentence: 
Animals shouldn't be used for testing new drugs and cosmetics."
"Given some ingredients, write a recipe for a healthy snack.

Input:
Oats, banana, peanut butter","Given some ingredients, write a recipe for a healthy snack.
Ingredients: Oats, banana, peanut butter
Step 1: Peel the <mask:4> and mash it.
Step 2: Mix the mashed <mask:2> with <mask:6>.
Step 3: Serve the mixture over a cup of <mask:8>.",": Oats, banana, peanut butter
Step 1: Peel the 1 medium-sized banana and mash it.
Step 2: Mix the mashed 1 banana with 2 tablespoons of creamy peanut butter.
Step 3: Serve the mixture over a cup of 1/2 cup of old-fashioned oats."
"Take a text of any length and rephrase it as a haiku poem.

Input:
Life is too short to waste away.","Rephrase the given text as a haiku poem.
Text: Life is too short to waste away.
Line 1: <mask:7>.
Line 2: <mask:7>.
Line 3: <mask:7>.","Rephrase the given text as a haiku poem.
Text: Life is too short to waste away.
Line 1: 
Embrace life's fleeting moments.
Line 2: 
Don't waste your precious time.
Line 3: 
Live fully, cherish every breath."
Draft an email to a singer requesting her to perform in a charity event.,"Draft an email to a singer requesting her to perform in a charity event.
To: [Singer's Email]
Subject: Invitation to Perform at Charity Event
Dear <mask:5>,
We are reaching out to invite you to perform at our upcoming charity event on <mask:8>. The event is scheduled for <mask:10> and will take place at <mask:12>. We believe your talent would greatly enhance our cause and bring joy to our attendees.
Best regards,
<mask:14>","
To: [Singer's Email]
Subject: Invitation to Perform at Charity Event
Dear 
Singer's Name,
We are reaching out to invite you to perform at our upcoming charity event on 15 November 2023. The event is scheduled for 7:00-9:00 PM and will take place at 1234 Main Street, Anytown, USA. We believe your talent would greatly enhance our cause and bring joy to our attendees.
Best regards,
[Your Name]
[Your Position]
[Your Organization]"
Create a 7-day meal plan for a vegan.,"Create a 7-day meal plan for a vegan.
Day 1 breakfast: <mask:8>.
Day 1 lunch: <mask:8>.
Day 1 dinner: <mask:8>.
Day 2 breakfast: <mask:8>.
Day 2 lunch: <mask:8>.
Day 2 dinner: <mask:8>.
Day 3 breakfast: <mask:8>.","
Day 1 breakfast: 1 banana, 1 cup of water.
Day 1 lunch: 1 banana, 1 cup of water.
Day 1 dinner: 1 banana, 1 cup of water.
Day 2 breakfast: 1 banana, 1 cup of water.
Day 2 lunch: 1 banana, 1 cup of water.
Day 2 dinner: 1 banana, 1 cup of water.
Day 3 breakfast: 1 banana, 1 cup of water."
Describe the color of the wood in two words.,"Describe the color of the wood in two words.
Sample description: <mask:6>.
Additional descriptor: <mask:8>.","
Sample description: 
The wood is dark brown.
Additional descriptor: 
The wood has a slightly reddish hue."
Create a unique character in a fairy tale.,"Create a unique character in a fairy tale.
Character name: <mask:10>.
Fairy tale setting: <mask:12>.
Character trait: <mask:8>.
Magic item: <mask:12>.","
Character name:  Elara.
Age:  16.
Fairy tale setting:  A magical kingdom filled with talking fairies and enchanted forests.
Character trait:  Elara has a strong sense of justice.
Magic item:  A crystal ball that allows her to see the past and future."
"Identify the type of phrase in the sentence: ""Beneath the tree.","Identify the type of phrase in the sentence.
Sentence: Beneath the tree.
Phrase type: <mask:8>.",".
Sentence: Beneath the tree.
Phrase type: 
This is a prepositional phrase."
Provide 3 examples of animals that lay eggs,"Provide 3 examples of animals that lay eggs.
Examples 1: <mask:8>.
Examples 2: <mask:8>.
Examples 3: <mask:10>.",".
Examples 1: 
Birds, turtles, and fish.
Examples 2: 
Insects, frogs, and snakes.
Examples 3: 
Moths, lizards, and amphibians."
"Categorize this sentence as either sarcastic or non-sarcastic:

Input:
""I'm so excited for more boring school work.""","Categorize this sentence as either sarcastic or non-sarcastic.
Sentence: ""I'm so excited for more boring school work.""
Sentiment clue: <mask:8>.
Category: <mask:4>.","
Sentence: ""I'm so excited for more boring school work.""
Sentiment clue: 
The sentence is expressing a negative sentiment.
Category: 
Sarcastic."
Make a list of the key benefits to using artificial intelligence,"Make a list of the key benefits to using artificial intelligence.
Technology advancement: <mask:12>.
Cost-efficiency: <mask:8>.
Enhanced decision-making: <mask:16>.
Increased productivity: <mask:12>.",".
Technology advancement: 1.
Automation of repetitive and mundane tasks: 2.
Cost-efficiency: 3.
Improved accuracy: 4.
Enhanced decision-making: 5.
Better customer service: 6.
Improved accuracy: 7.
Increased productivity: 8.
Better understanding of data and insights: 9."
"Rewrite the sentence to eliminate any ambiguity.

Input:
He returned the book he borrowed last week.","Rewrite the sentence to eliminate any ambiguity.
Original: He returned the book he borrowed last week.
Subject: <mask:8>.
Verb phrase: <mask:12>.
Final sentence: <mask:20>.","Original: He returned the book he borrowed last week.
Subject:  He returned the book he borrowed last week.
Verb phrase:  returned.
Object:  the book he borrowed last week.
Final sentence:  He returned the book he borrowed last week.
Original: He returned the book he borrowed last week."
Output a C code segment that takes two number as inputs and returns their product:,"Output a C code segment that takes two numbers as inputs and returns their product.
```c
#include <stdio.h>

int main() {
    int num1 = <mask:1>;
    int num2 = <mask:2>;
    int product = num1 * num2;
    
    printf(""Product: %d"", product);
    return 0;
}
```"," product.
```c
#include <stdio.h>

int main() {
    int num1 = 5;
    int num2 = 10;
    int product = num1 * num2;
    
    printf(""Product: %d"", product);
    return 0;
}
```"
List three ways to reduce energy use at school.,"List three ways to reduce energy use at school.
Method 1: <mask:12>
Method 2: <mask:12>
Method 3: <mask:16>","
Method 1:  Install energy-efficient lighting and replace traditional bulbs with LED lights.
Method 2:  Turn off lights and unplug electronic devices when not in use.
Method 3:  Encourage students to use public transportation or carpool to school to reduce carbon emissions."
Write the general formula for the perimeter of a right triangle.,"Write the general formula for the perimeter of a right triangle.
Given sides: a, b (legs), c (hypotenuse)
Perimeter = a + b + c
Formula for hypotenuse: <mask:8>
Final formula: <mask:16>","
Given sides: a, b (legs), c (hypotenuse)
Perimeter = a + b + c
Formula for hypotenuse:  c² = a² + b²
Final formula: 
Perimeter = a + b + √(a² + b²)"
Write a query to select the customer's name and balance from the table customer_info.,"Write a query to select the customer's name and balance from the table customer_info.
Query type: <mask:8>.
Table name: <mask:10>.
Columns: <mask:12>.","
Query type: 
   a. SELECT

2.
Table name: 
   a. customer_info 

3.
Columns: 
   a. customer_name 
   b. balance."
"Given a photo, detect the different objects in the photo and label each object.

Input:
Attach the photo","Given a photo, detect the different objects in the photo and label each object.
Photo: [Attach the photo]
Object 1: <mask:12>
Label 1: <mask:4>
Object 2: <mask:12>
Label 2: <mask:4>","Photo: [Attach the photo]
Object 1: 
[Attach a description or image of Object 1]
Label 1: 
[Label]
Object 2: 
[Attach a description or image of Object 2]
Label 2: 
[Label]"
What are some major benefits of a vegetarian diet?,"What are some major benefits of a vegetarian diet?
Benefits include improved heart health, <mask:8>, increased fiber intake, and <mask:12>.","
Benefits include improved heart health, 
lower risk of type 2 diabetes, increased fiber intake, and 
lower risk of certain cancers, including breast and colon cancer."
Generate a novel story idea.,"Generate a novel story idea.
Setting: <mask:12>.
Main character: <mask:12>.
Plot twist: <mask:16>.","
Setting:  A small, isolated town in the middle of the Pacific Ocean.
Main character:  A young woman who has just moved to the town for work.
Plot twist:  She discovers a hidden door that leads to a mysterious, abandoned island in the ocean."
Give me three interesting facts about the country of Chile.,"Give me three interesting facts about the country of Chile.
Fact 1: <mask:10>.
Fact 2: <mask:12>.
Fact 3: <mask:14>.","
Fact 1:  Chile is the second-longest country in South America.
Fact 2:  Chile is home to the second-largest copper mine in the world.
Fact 3:  Chile is known for its delicious cuisine, particularly its seafood and meat dishes."
"Describe a new product.

Input:
New Product: AI-Powered Note-Taking App","Describe a new product.
Product Name: AI-Powered Note-Taking App
Key Features: <mask:12>.
Target Audience: <mask:8>.
Unique Selling Point: <mask:16>."," Name: AI-Powered Note-Taking App
Key Features:  Voice recognition, handwriting recognition, note organization, and easy retrieval.
Target Audience:  Students, professionals, and note-taking enthusiasts.
Unique Selling Point:  Advanced AI technology for seamless note-taking, organization, and retrieval in a single app."
"Classify this email as an Inquiry or Suggestion

Input:
Hello,

I am writing to suggest that the store stock more organic produce.

Sincerely,

 john","Classify this email as an Inquiry or Suggestion.
Email: Hello,

I am writing to suggest that the store stock more organic produce.

Sincerely,

john
Classification: <mask:8>.",",

I am writing to suggest that the store stock more organic produce.

Sincerely,

john
Classification: 

This email is a Suggestion."
Brainstorm three most successful marketing campaigns in the past year.,"Brainstorm three most successful marketing campaigns in the past year.
Campaign 1: <mask:10>.
Campaign 2: <mask:10>.
Campaign 3: <mask:12>.","
Campaign 1: 2020 Super Bowl campaign by Coca-Cola.
Campaign 2: 2021 Super Bowl campaign by Old Spice.
Campaign 3: 2021 ""Real Beauty"" campaign by Dove Beauty."
"Put the following events in chronological order.

Input:
World War I, Moon landing, World War II","Put the following events in chronological order.
Events: World War I, Moon landing, World War II
Order them from earliest to latest.
1. <mask:8>
2. <mask:12>
3. <mask:16>",": World War I, Moon landing, World War II
Order them from earliest to latest.
1. 1914: World War I
2. 1939: World War II (beginning)
3. 1969: Moon landing (Apollo 11 mission)"
Name three things you can find in a refrigerator.,"Name three things you can find in a refrigerator.
Items: <mask:8>, <mask:10>, <mask:12>.","
Items: 1. Milk, 2. Bread, 3. Lettuce, 4. Pickles, 5. Cheese, 6. Yogurt, 7."
"Suggest a healthy meal that could be cooked with the given ingredients.

Input:
Carrots, onions, potatoes, garlic","Suggest a healthy meal that could be cooked with the given ingredients.
Ingredients: Carrots, onions, potatoes, garlic
Meal type: <mask:8>.
Preparation method: <mask:12>.
Serving suggestion: <mask:16>."," Carrots, onions, potatoes, garlic
Meal type:  A simple and healthy vegetable stir-fry.
Preparation method:  Cook the vegetables in a wok with some oil until tender.
Serving suggestion:  Serve with a side of steamed quinoa or brown rice for a balanced and nutritious meal."
Generate a list of five popular streaming subscription services.,"Generate a list of five popular streaming subscription services.
Service 1: <mask:12>
Service 2: <mask:12>
Service 3: <mask:12>
Service 4: <mask:12>
Service 5: <mask:12>","
Service 1: 
Name: 
Popularity:
Features:

Service 2: 
Name: 
Popularity:
Features:

Service 3: 
Name: 
Popularity:
Features:

Service 4: 
Name: 
Popularity:
Features:

Service 5: 
Name: 
Popularity: 
Features:"
Identify three pros and three cons of eating fast food.,"Identify three pros and three cons of eating fast food.
Pros:
1. <mask:8>
2. <mask:8>
3. <mask:8>

Cons:
1. <mask:10>
2. <mask:10>
3. <mask:10>","
Pros:
1.  Fast food is often quick and convenient.
2.  Fast food is often inexpensive and affordable.
3.  Fast food is often tasty and flavorful.

Cons:
1.  Fast food is often high in calories and fat.
2.  Fast food is often low in nutrients and fiber.
3.  Fast food is often high in sodium and sugar."
Find the value of n in the expression n^2 - 5n + 6.,"Find the value of n in the expression n^2 - 5n + 6.
Expression: \( n^2 - 5n + 6 \)
Step 1: Factor the quadratic expression.
First term factor: <mask:4>.
Second term factor: <mask:8>.
Factored form: (n - <mask:4>)(n - <mask:8>).
Solutions for n: <mask:12>.","
Expression: \( n^2 - 5n + 6 \)
Step 1: Factor the quadratic expression.
First term factor: 1 = 1.
Second term factor: 5n - 6 = 0.
Factored form: (n - 2 = 0)(n - 3 = 0) = 0).
Solutions for n: 
Therefore, n = 2 or n = 3."
"From the given sentence, generate a plausible analogy.

Input:
Learning is like planting a seed.","From the given sentence, generate a plausible analogy.
Input: Learning is like planting a seed.
Analogy clue: <mask:10>.
Generated analogy: <mask:14>.","Input: Learning is like planting a seed.
Analogy clue: 
Planting a seed is like growing a tree.
Generated analogy: 
Learning is to planting a seed as growing a tree is to growth."
"Identify the faulty/incorrect part of the sentence.

Input:
The police are warning drivers to ""avoid being careless and wearing seatbelts during a drive"".","Identify the faulty/incorrect part of the sentence.
Sentence: The police are warning drivers to ""avoid being careless and wearing seatbelts during a drive"".
Faulty part: <mask:12>.
Corrected part: <mask:16>.","Sentence: The police are warning drivers to ""avoid being careless and wearing seatbelts during a drive"".
Faulty part: 
avoid being careless and wearing seatbelts during a drive.
Corrected part: 
are warning drivers to not be careless and wear seatbelts during a drive."
"Sort the list of items into two groups

Input:
Bananas, apples, broccoli","Sort the list of items into two groups.
Items: Bananas, apples, broccoli
Group 1: <mask:8>
Group 2: <mask:8>","Items: Bananas, apples, broccoli
Group 1: 
- Bananas
- Apples

Group 2: 
- Broccoli
- Broccoli"
"Reformulate the following sentence to express an opinion.

Input:
Electric cars are the future of smart transportation.","Reformulate the sentence to express an opinion.
Original: Electric cars are the future of smart transportation.
Opinion holder: <mask:8>.
Opinion strength: <mask:12>.
Revised sentence: <mask:20>."," sentence to express an opinion.
Original: Electric cars are the future of smart transportation.
Opinion holder: 
I am a proponent of electric cars.
Opinion strength: 
I believe that electric cars are the future of smart transportation.
Revised sentence: 
I am a proponent of electric cars, and I believe that they are the future of smart transportation."
"Rearrange the sentence to make it a valid sentence in English.

Input:
apples three basket a in","Rearrange the words to form a valid English sentence.
Words: apples three basket a in
Word count: <mask:5>.
Revised sentence: <mask:15>."," a valid English sentence.
Words: apples three basket a in
Word count: 4 out of 5.
Revised sentence: 

In a basket three apples.

Word count: 5."
Explain the concept of descriptive writing.,"Explain the concept of descriptive writing.
Definition: <mask:10>.
Purpose: <mask:12>.
Elements often included: <mask:16>.
Example: <mask:20>.","
Definition: 
Writing that provides detailed information about something or someone.
Purpose: 
To create a vivid image in the mind of the reader.
Elements often included: 
Color, shape, texture, sound, taste, smell, and sensory details.
Example: 
The sun was setting over the horizon, casting a warm glow over the rolling hills of the countryside."
"Put the words in the correct order to make a sentence.

Input:
fun had they day","Put the words in the correct order to make a sentence.
Words: fun had they day
Order clue: <mask:8>.
Correct sentence: <mask:16>.","Words: fun had they day
Order clue: 
They had _______ a fun day.
Correct sentence: 
They had a fun day.

Answer: They had a fun day."
Name two world renowned artists.,"Name two world renowned artists.
Artist 1: <mask:8>.
Artist 2: <mask:10>.","
Artist 1: 
Artist 1: Leonardo da Vinci.
Artist 2: 
Artist 2:  Vincent van Gogh."
Convince me why studying history is important.,"Convince me why studying history is important.
Key points to include: <mask:8>.
Argument 1: <mask:12>.
Argument 2: <mask:16>.","
Key points to include: 
Thesis: Studying history is important.
Argument 1:  History helps us understand the past and its impact on the present.
Argument 2:  History teaches us valuable lessons that can be used to make informed decisions about the future."
Create a new recipe for a sandwich that would make a great lunch.,"Create a new recipe for a sandwich that would make a great lunch.
Ingredients: <mask:12>.
Preparation steps: <mask:16>.
Serving suggestion: <mask:8>.","
Ingredients:  bread, turkey, lettuce, tomato, cheese, and mustard.
Preparation steps:  Toast the bread, layer the turkey, lettuce, tomato, cheese, and mustard.
Serving suggestion:  Serve with a side of salad or fruit."
"Given the sentence, ""The cafe serves some of the best coffee in town,"" generate a slogan for the cafe.","Given the sentence, ""The cafe serves some of the best coffee in town,"" generate a slogan for the cafe.
Sentence: The cafe serves some of the best coffee in town.
Key feature: <mask:8>.
Slogan idea: <mask:16>.","
Sentence: The cafe serves some of the best coffee in town.
Key feature:  The cafe has the best coffee in town.
Slogan idea:  Create a slogan that conveys the idea that the cafe has the best coffee in town."
"Create a user manual for the following product

Input:
A new electric car","Create a user manual for the following product.
Product: A new electric car
Table of contents:
1. Introduction <mask:8>
2. Safety Guidelines <mask:10>
3. Charging Instructions <mask:12>
4. Maintenance Schedule <mask:14>
5. Troubleshooting <mask:16>","Product: A new electric car
Table of contents:
1. Introduction 
1. Assembly and Disassembly 
2. Safety Guidelines 
2. Components 
3. Operation 
3. Charging Instructions 
3. Driving Tips 
4. Maintenance Instructions 
4. Maintenance Schedule 
4. Maintenance and Repair 
5. Maintenance and Repair 
5. Troubleshooting 
6. Warranty Information 
6. Contact Information 
7. Glossary"
Write a poem about friendship that follows the rhyme scheme of AABBCCDDEE.,"Write a poem about friendship that follows the rhyme scheme of AABBCCDDEE.
Stanza 1: <mask:8>
Stanza 2: <mask:8>
Stanza 3: <mask:8>
Stanza 4: <mask:8>
Stanza 5: <mask:8>","
Stanza 1: 
Friendship is a beautiful thing,
Stanza 2: 
It brings us joy and light,
Stanza 3: 
It guides us through the night,
Stanza 4: 
It makes us strong and bright,
Stanza 5: 
Friendship is a precious thing."
"Given a block of text, come up with a catchy headline that best represents the text.

Input:
The new coaching program will help you become a better leader and achieve higher professional success.","Given a block of text, come up with a catchy headline that best represents the text.
Text: The new coaching program will help you become a better leader and achieve higher professional success.
Headline idea: <mask:12>.
Key points: <mask:8>.","Text: The new coaching program will help you become a better leader and achieve higher professional success.
Headline idea: 
Create a headline that highlights the benefits of the coaching program.
Key points: 
- leadership.
- professional success."
Explain the basic concepts of economics in less than 100 words.,"Explain the basic concepts of economics in less than 100 words.
Key terms: <mask:8>.
Brief definition of supply: <mask:12>.
Brief definition of demand: <mask:12>.","
Key terms: 
Supply, demand, price, equilibrium.
Brief definition of supply: 
The quantity of a good or service offered at different prices.
Brief definition of demand: 
The quantity of a good or service desired at different prices."
Write a script for a 5 second dialogue between a waiter and a customer.,"Write a 5-second dialogue between a waiter and a customer.
Waiter: <mask:5>.
Customer: <mask:8>.","5-second dialogue between a waiter and a customer.
Waiter: 
Good morning, sir.
Customer: 
Good morning. I'm new here."
Construct a four-panel comic strip about a single topic.,"Construct a four-panel comic strip about a single topic.
Panel 1: <mask:8>.
Panel 2: <mask:10>.
Panel 3: <mask:12>.
Panel 4: <mask:15>.","
Panel 1: 
A man is sitting on a bench.
Panel 2: 
The man looks up and sees a bird flying.
Panel 3: 
The man grabs a stick and starts to chase the bird.
Panel 4: 
The man catches the bird with the stick and places it on the bench."
Design a mobile app interface created to track activity goals,"Design a mobile app interface created to track activity goals.
Home screen elements: <mask:10>.
Goal setting section: <mask:8>.
Progress tracking features: <mask:12>.",".
Home screen elements: 
- Goal setting. 
- Progress tracking.
Goal setting section: 
- Title. 
- Description.
Progress tracking features: 
- List of activity goals. 
- Progress tracking."
"Classify the words ""slide"" and ""jog"" as verbs or nouns.","Classify the words ""slide"" and ""jog"" as verbs or nouns.
Word 1: slide
Category: <mask:5>.
Word 2: jog
Category: <mask:8>.","Word 1: slide
Category: 
Answer: Noun.
Word 2: jog
Category: 
Answer: Noun, also verb."
"Identify the subject of the following sentence: ""The movie was released yesterday"".","Identify the subject of the following sentence.
Sentence: ""The movie was released yesterday"".
Subject: <mask:8>.",".
Sentence: ""The movie was released yesterday"".
Subject:  The subject of the sentence is the movie."
Compose a Haiku (a traditional form of Japanese poetry) containing at least one metaphor.,"Compose a Haiku containing at least one metaphor.
Line 1: <mask:8>.
Line 2: <mask:8>.
Line 3: <mask:8>."," containing at least one metaphor.
Line 1: 
Nature's song, a gentle breeze.
Line 2: 
Nature's song, a gentle breeze.
Line 3: 
Nature's song, a gentle breeze."
What is the most common type of conflict in literature?,"What is the most common type of conflict in literature?
Conflict types: character vs. character, <mask:10>, character vs. self, <mask:14>.","
Conflict types: character vs. character, 
character vs. society, character vs. nature, character vs. self, 
character vs. fate, character vs. technology, and so on."
Generate five example questions and answers related to psychology.,"Generate five example questions and answers related to psychology.
Q1: What is the main focus of <mask:1>?
A1: <mask:4>.
Q2: Who proposed the theory of <mask:7>?
A2: <mask:10>.
Q3: List two major schools of thought in psychology.
A3: <mask:13>, <mask:16>.
Q4: What does <mask:19> refer to in psychological terms?
A4: <mask:22>.
Q5: Explain the concept of <mask:25>.","
Q1: What is the main focus of  psychology?
A1:  The mind and behavior.
Q2: Who proposed the theory of  ""cognitive development"" in psychology?
A2:  Jean Piaget proposed the theory of  cognitive development.
Q3: List two major schools of thought in psychology.
A3:  The psychoanalytic school,  founded by Sigmund Freud,  and the cognitive-behavioral school,  founded by Aaron Beck and Albert Ellis.
Q4: What does  ""the ego""  refer to in psychological terms? What does  ""the id""  refer to in psychological terms?
A4:  The ego refers to the conscious part of the personality, while the id refers to the unconscious part of the personality.
Q5: Explain the concept of  ""self-esteem"" in psychology.
A5:  Self-esteem is an individual's perception of their own worth and value."
Create a list of animals that are native to the Amazon rainforest.,"Create a list of animals that are native to the Amazon rainforest.
Mammals: <mask:12>.
Birds: <mask:12>.
Reptiles: <mask:12>.","
Mammals: 
1. Amazon River Dolphin
2. 
3.
Birds: 
1. Scarlet Macaw
2. 
3.
Reptiles: 
1. Green Anaconda
2. 
3."
"Decide if the following two sentences are equivalent, and if so explain how the second sentence derives meaning from the first.

Input:
Sentence 1: It was a dark and stormy night.
Sentence 2: The sky was ominous.","Decide if the following two sentences are equivalent, and if so explain how the second sentence derives meaning from the first.
Sentence 1: It was a dark and stormy night.
Sentence 2: The sky was <mask:8>.
Explanation: <mask:16>.","Sentence 1: It was a dark and stormy night.
Sentence 2: The sky was  dark and stormy.

Yes.
Explanation: 
The second sentence derives meaning from the first by describing the state of the sky."
"Analyze the following Tweet and provide an accurate sentiment score.

Input:
Weather today is really bad :(","Analyze the following Tweet and provide an accurate sentiment score.
Tweet: Weather today is really bad :(
Sentiment clue: <mask:8>.
Sentiment score: <mask:4>.","Tweet: Weather today is really bad :(
Sentiment clue:  The use of :( indicates a negative sentiment.
Sentiment score: 8/10."
Generate a list of five bloggers who write about educational topics in English language.,"Generate a list of five bloggers who write about educational topics in English.
Category 1: <mask:10>
Category 2: <mask:10>
Category 3: <mask:10>
Category 4: <mask:10>
Category 5: <mask:10>",".
Category 1: 
- [Name]
- [Name]
Category 2: 
- [Name]
- [Name]
Category 3: 
- [Name]
- [Name]
Category 4: 
- [Name]
- [Name]
Category 5: 
- [Name]
- [Name]"
"Write a definition of a specific term.

Input:
Natural Language Processing","Write a definition of a specific term.
Term: Natural Language Processing
Definition: <mask:12>.","Term: Natural Language Processing
Definition:  The ability of computers to understand, interpret and generate natural language."
Rearrange the following words to make a sentence: yesterday - went - kids - to - zoo,"Rearrange the given words to form a grammatically correct sentence.
Words: yesterday - went - kids - to - zoo
First word: <mask:6>.
Second word: <mask:7>.
Third word: <mask:8>.
Fourth word: <mask:9>.
Fifth word: <mask:10>."," grammatically correct sentence.
Words: yesterday - went - kids - to - zoo
First word: 
Yesterday went to the zoo.
Second word: 
Yesterday kids went to the zoo.
Third word: 
Yesterday the kids went to the zoo.
Fourth word: 
Yesterday, the kids went to the zoo.
Fifth word: 
Yesterday, and the kids went to the zoo."
"Generate a classic children's story featuring a princess using the given words.

Input:
rescue, traveling, forest, dragon","Generate a classic children's story featuring a princess using the given words.
Princess name: <mask:8>.
Starting location: <mask:12>.
Main challenge: <mask:12>.
Resolution method: <mask:16>."," name: 1.
Princess age: 2.
Starting location: 3.
First challenge faced by the princess: 4.
Main challenge: 5.
Resource used to overcome the challenge: 6.
Resolution method: 7.
The lesson learned: 8.
Ending: 9."
"Based on the input string, generate additional imporant keywords.

Input:
Python programming language","Based on the input string, generate additional important keywords.
Input: Python programming language
Keywords related to: <mask:8>.
Programming concepts: <mask:10>.
Use cases: <mask:12>."," keywords.
Input: Python programming language
Keywords related to: 
1. Syntax: 
2.
Programming concepts: 
3.
Python libraries: 
4.
Use cases: 
5.
Tutorials and resources: 
6."
"Identify the main subject of the following piece of literature.

Input:
Alice was beginning to get very tired of sitting by her sister on the bank, and of having nothing to do.","Identify the main subject of the following piece of literature.
Input: Alice was beginning to get very tired of sitting by her sister on the bank, and of having nothing to do.
Main character: <mask:8>.
Setting description: <mask:12>.","Input: Alice was beginning to get very tired of sitting by her sister on the bank, and of having nothing to do.
Main character:  Alice
Supporting character: Alice's sister.
Setting description:  Alice and her sister are sitting on the bank of a river."
Predict the stock price of Apple in the next 3 months.,"Predict the stock price of Apple in the next 3 months.
Current trend: <mask:10>.
Key factors: <mask:12>.
Expected price range: <mask:15>.","
Current trend:  Apple's stock has been rising for the past year.
Key factors:  Strong financial performance, new product launches, and positive market sentiment.
Expected price range:  $150.00 - $170.00."
Create a list of 5 trends in AI development.,"Create a list of 5 trends in AI development.
Trend 1: <mask:10>.
Trend 2: <mask:12>.
Trend 3: <mask:14>.
Trend 4: <mask:16>.
Trend 5: <mask:18>.","
Trend 1:  The integration of AI into everyday devices and consumer products.
Trend 2:  The use of AI to improve customer service and personalize customer experiences.
Trend 3:  The use of AI to improve healthcare, including personalized medicine and predictive analytics.
Trend 4:  The use of AI to improve transportation and logistics, including autonomous vehicles and traffic management.
Trend 5:  The use of AI to improve education and training, including personalized learning experiences and adaptive learning technologies."
Choose a title for a blog post about effective communication.,"Choose a title for a blog post about effective communication.
Blog topic: Effective communication strategies in the workplace.
Proposed title: <mask:12>.
Alternative title: <mask:12>.","
Blog topic: Effective communication strategies in the workplace.
Proposed title: 10 Effective Communication Strategies for Achieving Success in the Workplace.
Alternative title: 10 Essential Tips for Mastering Effective Communication in the Workplace."
"Explain why the given statement might not be true.

Input:
July is the hottest month of the year.","Explain why the given statement might not be true.
Statement: July is the hottest month of the year.
Location: <mask:8>.
Climate factor: <mask:10>.
Common exception: <mask:14>.","Statement: July is the hottest month of the year.
Location:  The temperature can vary depending on the location.
Climate factor:  Some regions have different climates and may experience different temperatures.
Common exception:  In some areas, August or even June can be much hotter than July."
Give an example of a web service that could be automated using artificial intelligence.,"Give an example of a web service that could be automated using artificial intelligence.
Service category: <mask:10>.
AI application: <mask:12>.
Example service: <mask:16>.","
Service category: 
Customer service
Target audience: 
Businesses.
AI application: 
Natural Language Processing (NLP) and Machine Learning chatbots.
Example service: 
A chatbot that can answer customer inquiries, provide support, and process transactions."
"Output a 3-5 sentence definition of the term ""computer virus"".","Output a 3-5 sentence definition of the term ""computer virus"".
Definition: A computer virus is a type of <mask:8> designed to replicate itself and spread from one computer to another by attaching itself to a <mask:10>. It can cause varying degrees of harm, ranging from minor inconvenience to complete system failure. Characteristics of a computer virus include <mask:12>.","
Definition: A computer virus is a type of 
malicious software or code that is designed to replicate itself and spread from one computer to another by attaching itself to a 
program or file and then executing itself when run. It can cause varying degrees of harm, ranging from minor inconvenience to complete system failure. Characteristics of a computer virus include 
self-replication, persistence, and the ability to spread."
"Edit the sentence to use past simple tense.

Input:
The dog barks.","Edit the sentence to use past simple tense.
Original: The dog barks.
Subject: <mask:5>.
Verb phrase: <mask:8>.
Final sentence: <mask:12>.","Original: The dog barks.
Subject: 
The dog barked.
Verb phrase: 
Barked is in past simple tense.
Final sentence: 
The dog barked.

The dog barked."
Name at least one famous Italian mathematician,"Name at least one famous Italian mathematician
Mathematician: <mask:12>.","
Mathematician: 
Maria Gaetana Agnesi is a famous Italian mathematician."
"Sort a list from largest to smallest.

Input:
{3,7,1,5,2}","Sort the given list from largest to smallest.
List: {3, <mask:5>, 1, <mask:10>, 2}
Sorted list: <mask:15>."," from largest to smallest.
List: {3, 10, 5, 1, 8, 6, 4, 9, 2}
Sorted list: 1,2,3,4,5,6,8,9."
Photograph five things in your kitchen.,"Photograph five things in your kitchen.
Items to photograph: <mask:12>, <mask:12>, <mask:12>, <mask:12>, <mask:12>.","
Items to photograph: 
1. A glass of water sitting on the kitchen counter, 
2. A glass of milk sitting on the kitchen counter, 
3. A glass of juice sitting on the kitchen counter, 
4. A glass of soda sitting on the kitchen counter, 
5. A glass of coffee sitting on the kitchen counter."
Name five environmental policies that can help the planet.,"Name five environmental policies that can help the planet.
Policy 1: <mask:8>
Policy 2: <mask:9>
Policy 3: <mask:10>
Policy 4: <mask:11>
Policy 5: <mask:12>","
Policy 1:  Encourage the use of renewable energy sources.
Policy 2:  Implement stricter regulations on industrial emissions and pollution.
Policy 3:  Promote sustainable agriculture practices to reduce greenhouse gas emissions.
Policy 4:  Increase public transportation options to reduce reliance on fossil fuels.
Policy 5:  Establish and expand protected areas to protect wildlife and natural habitats."
What is the average calories burned by running 1 km?,"What is the average calories burned by running 1 km?
Activity: Running.
Distance: 1 km.
Calories burned: <mask:8>.","Activity: Running.
Distance: 1 km.
Calories burned: 300-400 kcal."
Compare the physical and chemical characteristics of baking soda and baking powder.,"Compare the physical and chemical characteristics of baking soda and baking powder.
Baking Soda: <mask:8>.
Baking Powder: <mask:10>.
Physical characteristics: <mask:12>.
Chemical characteristics: <mask:14>.","
Baking Soda: 
- Composed of sodium bicarbonate.
Baking Powder: 
- A mixture of sodium bicarbonate and acids.
Physical characteristics: 
- Both are white, crystalline, and soluble in water.
Chemical characteristics: 
- Both react with acids to produce carbon dioxide gas and a salt."
Find an interesting quote related to design.,"Find an interesting quote related to design.
Quote category: <mask:10>.
Quote: <mask:20>.","
Quote category: 

Here is an interesting quote related to design.
Quote: 
""Design is the art of making things look good."" - Virgil Spi, American designer."
Design a system to help manage customer support tickets.,"Design a system to help manage customer support tickets.
System features: <mask:10>.
User roles: <mask:8>.
Ticket priority levels: <mask:6>.","
System features: 
1.
Ticket tracking: 
2.
User roles: 
3.
Reporting:
4.
Ticket priority levels: 
5.
Email notifications."
"Add the comparative form to the given sentence

Input:
My quiz was hard.","Add the comparative form to the given sentence.
Original: My quiz was hard.
Subject: <mask:6>.
Comparative adjective: <mask:10>.
Final sentence: <mask:14>.","Original: My quiz was hard.
Subject:  My quiz
Verb: hard.
Comparative adjective:  harder.
Comparative phrase:  than yours.
Final sentence:  My quiz was harder than yours.
My quiz was harder than yours."
Write a title for a Sci-Fi movie.,"Write a title for a Sci-Fi movie.
Movie genre: <mask:8>.
Target audience: <mask:12>.
Title idea: <mask:16>.","
Movie genre:  Sci-Fi, Action, Mystery, Thriller.
Target audience:  Adults between the ages of 18 and 35.
Title idea:  The movie should be about a group of people who are pursued by a mysterious force."
Suggest a location for a weekend getaway.,"Suggest a location for a weekend getaway.
Type of destination: <mask:8>.
Region: <mask:10>.
Attractions: <mask:12>.","
Type of destination: 1.
Price range: 2.
Region: 3.
Preferred type of accommodation: 4.
Attractions: 5.
Any other specific requirements or preferences: 6."
What is the GDP of India in 2019?,"What is the GDP of India in 2019?
Year: 2019.
Country: India.
GDP value: <mask:12>.","
Year: 2019.
Country: India.
GDP value: 2.87 trillion in 2019 USD."
Come up with a tagline for a green energy company.,"Create a tagline for a green energy company.
Company focus: <mask:12>.
Tagline idea: <mask:10>.","Create a tagline for a green energy company.
Company focus: 
Providing sustainable energy solutions to reduce carbon footprint and promote sustainability.
Tagline idea: 
Empowering a cleaner future with sustainable energy."
"Reorder the following words to make a sentence:

the, house, is, white","Reorder the following words to make a sentence.
Words: the, house, is, white
First word: <mask:4>.
Second word: <mask:5>.
Third word: <mask:6>.
Fourth word: <mask:7>.","
Words: the, house, is, white
First word: 1. the house.
Second word: 2. is the house.
Third word: 3. white is the house.
Fourth word: 4. the color of the house."
"Which of the following objects is a real world object?

Input:
a) Book
b) Unicorn
c) Pen
d) Chair","Which of the following objects is a real-world object?
Options:
a) Book
b) <mask:8>
c) Pen
d) Chair
Reasoning: <mask:12>.","Options:
a) Book
b) 100,000 dollars
c) Pen
d) Chair
Reasoning: 
The answer is because a chair is a real-world object."
"Generate 3 product ideas based on the given criteria

Input:
A product for busy parents to help keep their children entertained","Generate 3 product ideas based on the given criteria.
Criteria: A product for busy parents to help keep their children entertained
Idea 1 category: <mask:12>
Idea 2 feature: <mask:16>
Idea 3 benefit: <mask:20>","Criteria: A product for busy parents to help keep their children entertained
Idea 1 category: 
A product that provides educational and interactive games for children.
Idea 2 feature: 
A product that allows parents to create custom games and activities for their children.
Idea 3 benefit: 
A product that allows parents to track their children's progress and reward them for completing certain tasks."
"Convert the following Roman numeral to its equivalent value.

Input:
XXVII","Convert the Roman numeral to its equivalent value.
Roman numeral: XXVII
Equivalent value: <mask:8>."," numeral to its equivalent value.
Roman numeral: XXVII
Equivalent value: 27."
What is executive functioning?,"What is executive functioning?
Definition: <mask:10>.
Key components: <mask:8>.
Importance in daily life: <mask:12>.","
Definition: 
The ability to control and direct thoughts and actions.
Key components: 
Planning, organizing, and self-regulation.
Importance in daily life: 
Essential for managing tasks, making decisions, and achieving goals."
"Change the following phrases from negative to positive and rephrase them.

Input:
I don't have much money.","Change the following phrases from negative to positive and rephrase them.
Input: I don't have much money.
Negative phrase: <mask:12>.
Positive rephrasing: <mask:16>.","Input: I don't have much money.
Negative phrase: 
I'm not able to afford a new car right now.
Positive rephrasing: 
I'm able to afford a new car although I don't have much money."
"Choose the most appropriate vocabulary word to complete the given sentence.

Input:
He was delighted by the ____ of the flowers.","Choose the most appropriate vocabulary word to complete the given sentence.
Sentence: He was delighted by the ____ of the flowers.
Blank: <mask:10>.","Sentence: He was delighted by the ____ of the flowers.
Blank: 
He was delighted by the ____ of the flowers."
List three tips for better time management.,"List three tips for better time management.
Tip 1: <mask:10>
Tip 2: <mask:12>
Tip 3: <mask:14>","
Tip 1:  Prioritize tasks based on their importance and urgency.
Tip 2:  Set specific goals and create a detailed plan to achieve them.
Tip 3:  Avoid multitasking and focus on one task at time to improve efficiency."
Write a function to convert a decimal number to a binary number.,"Write a function to convert a decimal number to a binary number.
Function signature: def convert_to_binary(<mask:8>)
Step 1: Take the decimal number as input.
Step 2: Initialize an empty string to store the binary representation.
Step 3: Use a loop to divide the number by 2 and record the remainder.
Step 4: Append the remainder to the binary string.
Step 5: Reverse the binary string.
Binary result: <mask:12>","
Function signature: def convert_to_binary( number: int) -> str:
)
Step 1: Take the decimal number as input.
Step 2: Initialize an empty string to store the binary representation.
Step 3: Use a loop to divide the number by 2 and record the remainder.
Step 4: Append the remainder to the binary string.
Step 5: Reverse the binary string.
Binary result: 10 -> 10 -> 1010"
"Describe a scene from the given book.

Input:
Harry Potter","Describe a scene from the given book.
Book: Harry Potter
Scene details: <mask:12>.
Characters involved: <mask:8>.
Setting: <mask:16>.","Book: Harry Potter
Scene details: 
Title: Harry Potter and the Philosopher's Stone.
Characters involved:  Harry Potter, Hermione, and Ron.
Setting:  Hogwarts School of Witchcraft and Wizardry, in the first year of school."
Name three countries that border Russia.,"Name three countries that border Russia.
Countries: <mask:10>, <mask:12>, <mask:14>.","
Countries: 
1. China, 
2. Kazakhstan, 
3. Mongolia, 
4. Tajikistan, 
5. Turkmenistan, 
6. Uzbekistan."
"Referring to the given source link, explain the significance of the story in one sentence.

Input:
https://www.nytimes.com/interactive/2020/05/25/magazine/white-house-covid-task-force.html","Referring to the given source link, explain the significance of the story in one sentence.
Source: [Link](https://www.nytimes.com/interactive/2020/05/25/magazine/white-house-covid-task-force.html)
Summary: <mask:10>.","Source: [Link](https://www.nytimes.com/interactive/2020/05/25/magazine/white-house-covid-task-force.html)
Summary: 
The formation of the White House Coronavirus Task Force."
"Suggest one creative solution to mitigate the problem of traffic congestion.

Input:
noinput","Suggest one creative solution to mitigate the problem of traffic congestion.
Problem area: <mask:10>.
Solution idea: <mask:14>."," area: 
Traffic congestion in a major city during rush hour.
Solution idea: 
Implement a smart traffic management system that utilizes data analytics and artificial intelligence."
"Name a professional sports team in this country.

Input:
United States","Name a professional sports team in this country.
Country: United States
Team name: <mask:10>.","Country: United States
Team name: 

I need to name a professional sports team."
Generate an animated gif with an astronaut sailing in a spaceship,"Generate an animated gif with an astronaut sailing in a spaceship.
Scene description: An astronaut is inside a <mask:12>.
Animation elements: <mask:12>.
Final file name: <mask:16>.",".
Scene description: An astronaut is inside a 3D spaceship, traveling through space with a cosmic background.
Animation elements: 3D astronaut, spaceship, space travel, cosmic background.
Final file name: 3D_astronaut_spaceship.gif
Animation duration: 5 seconds."
Explain the engineering design process.,"Explain the engineering design process.
Step 1: <mask:12>
Step 2: <mask:16>
Step 3: <mask:20>
Step 4: <mask:24>","
Step 1:  Define the problem and the requirements that need to be met.
Step 2:  Conduct research and gather information about the problem, available technologies, and potential solutions.
Step 3:  Develop a detailed design plan, including technical specifications, material selection, cost estimates, and project timelines.
Step 4:  Implement the design and test the solution.
Step 5:  Evaluate the results and make necessary adjustments or improvements."
"Given a list of events in chronological order, arrange them correctly

Input:
Catered lunch, Company presentation, Address from CEO","Given a list of events in chronological order, arrange them correctly.
Events: Catered lunch, Company presentation, Address from CEO
Step 1: Identify the first event <mask:8>.
Step 2: Identify the second event <mask:10>.
Step 3: Identify the third event <mask:12>.","Events: Catered lunch, Company presentation, Address from CEO
Step 1: Identify the first event 
The first event is the catered lunch.
Step 2: Identify the second event 
Next, the second event is the company presentation.
Step 3: Identify the third event 
Finally, the third event is the address from the CEO."
"Given two countries, find out one change they have made over time to better the environment.

Input:
Countries: Germany and Chile","Given two countries, find out one change they have made over time to better the environment.
Countries: Germany and Chile
Germany change: <mask:12>.
Chile change: <mask:12>.","Countries: Germany and Chile
Germany change: 1. Increased use of renewable energy sources to reduce carbon emissions.
Chile change: 1. Increased use of renewable energy sources to reduce carbon emissions."
"Given a product, categorize four ways it can improve the user's life

Input:
Product: Alarm Clock","Given a product, categorize four ways it can improve the user's life.
Product: Alarm Clock
Improvement 1: <mask:10>.
Improvement 2: <mask:12>.
Improvement 3: <mask:14>.
Improvement 4: <mask:16>.","Product: Alarm Clock
Improvement 1:  Helps users wake up on time and avoid being late.
Improvement 2:  Helps users manage their time better and plan their day more effectively.
Improvement 3:  Helps users stay organized and keep track of their important tasks throughout the day.
Improvement 4:  Helps users improve their sleep quality by setting a consistent sleep time and avoiding oversleep."
Generate code to take user input and print it.,"Generate code to take user input and print it.
```python
user_input = input(<mask:8>)
print(<mask:10>)
```
Labels:
1. Variable name for user input:
2. Value printed by the program:","
```python
user_input = input(
    ""Enter something: ""
)
print(
    ""You entered: "", user_input
)
```
Labels:
1. Variable name for user input:
2. Value printed by the program:"
"Rewrite an existing text to include vivid descriptions.

Input:
Alice sat down in front of the computer and started typing","Rewrite the sentence to include vivid descriptions.
Original: Alice sat down in front of the computer and started typing.
Subject: Alice.
Action: sat down and started typing.
Location: in front of the computer.
Vivid description 1: <mask:12>.
Vivid description 2: <mask:12>."," the sentence to include vivid descriptions.
Original: Alice sat down in front of the computer and started typing.
Subject: Alice.
Action: sat down and started typing.
Location: in front of the computer.
Vivid description 1:  Alice's fingers moved deftly as they danced across the keyboard.
Vivid description 2:  The soft glow of the computer screen illuminated the space before her."
Tell me a poem that is 8 lines long and has a theme of springtime.,"Tell me a poem that is 8 lines long and has a theme of springtime.
Poem length: <mask:4> lines.
Theme: <mask:7>.
First line: <mask:12>.","
Poem length: 
- 8 lines.
Theme: 
- The theme of springtime.
First line: 
- The first line of the poem should be a question."
"Construct an example sentence using the given adverb and verb.

Input:
cautiously, drive","Construct an example sentence using the given adverb and verb.
Adverb: <mask:5>
Verb: <mask:5>
Sentence: <mask:15>","verb: 
Carefully 

Verb: 
examined 

Sentence: 
She carefully examined the old map, noting its intricate markings and details."
"Generate a keyword list that suits the content of the article.

Input:
The article is about understanding the economic growth of India over the last 5 years.","Generate a keyword list that suits the content of the article.
Article topic: Understanding the economic growth of India over the last 5 years.
Primary keywords: <mask:8>.
Secondary keywords: <mask:10>.
Relevant economic indicators: <mask:12>."," topic: Understanding the economic growth of India over the last 5 years.
Primary keywords: 
India, economic, growth, development.
Secondary keywords: 
statistics, trends, indicators, challenges, opportunities.
Relevant economic indicators: 
GDP, inflation, unemployment, poverty rate, unemployment rate."
"Specify which of the two given scenarios has the bigger impact on the climate crisis

Input:
Scenario 1: Individual choices to reduce emissions  
Scenario 2: Government policy to reduce emissions","Specify which of the two given scenarios has the bigger impact on the climate crisis.
Scenario 1: Individual choices to reduce emissions
Scenario 2: Government policy to reduce emissions
Impact factor for Scenario 1: <mask:8>
Impact factor for Scenario 2: <mask:10>","
Scenario 1: Individual choices to reduce emissions
Scenario 2: Government policy to reduce emissions
Impact factor for Scenario 1: 10000000
Impact factor for Scenario 2: 1000000000"
"Generate a list of search terms related to the news article.

Input:
Tech giants Microsoft and Google have partnered to create a new digital assistant.","Generate a list of search terms related to the news article.
Article summary: Tech giants Microsoft and Google have partnered to create a new digital assistant.
Keyword category 1: <mask:12>.
Keyword category 2: <mask:12>.
Keyword category 3: <mask:16>."," summary: Tech giants Microsoft and Google have partnered to create a new digital assistant.
Keyword category 1: 
- Tech giants
- Microsoft partnership
- Google partnership.
Keyword category 2: 
- Digital "
Name the most important components of a computer.,"Name the most important components of a computer.
Core components: <mask:8>.
Storage devices: <mask:10>.
Processing unit: <mask:12>.","
Core components: 
Motherboard, RAM, and CPU.
Storage devices: 
Hard drive, SSD drive, and optical drive.
Processing unit: 
Central Processing Unit (CPU), GPU, and sound card."
"Create a new sentence using new words to convey the same meaning.

Input:
I got the answer right.","Create a new sentence using new words to convey the same meaning.
Original: I got the answer right.
New subject: <mask:8>.
New verb phrase: <mask:12>.
New sentence: <mask:16>.","Original: I got the answer right.
New subject:  I provided the correct response to the question.
New verb phrase:  I answered the question correctly and came up with the correct answer.
New sentence:  I provided the correct response to the question and also came up with the correct answer."
Design a procedure to determine the area of a triangle,"Design a procedure to determine the area of a triangle.
Procedure steps:
1. <mask:5>
2. <mask:7>
3. Calculate the area using the formula: \( \text{Area} = \frac{1}{2} \times \text{base} \times \text{height} \).
4. <mask:9>.","
Procedure steps:
1.  Measure the base length.
2.  Measure the height of the triangle.
3. Calculate the area using the formula: \( \text{Area} = \frac{1}{2} \times \text{base} \times \text{height} \).
4.  Report the result as the area of the triangle."
"Give two pieces of advice based on the scenario.

Input:
You just graduated from college and don't know what to do next.","Give two pieces of advice based on the scenario.
Scenario: You just graduated from college and don't know what to do next.
Advice 1: <mask:8>.
Advice 2: <mask:10>.","Scenario: You just graduated from college and don't know what to do next.
Advice 1:  Take your time and explore different career paths.
Advice 2:  Consider doing internships or volunteer work to gain valuable experience."
Generate a headline for an article discussing the relationship between plant-based diets and reduced cardiovascular risks.,"Generate a headline for an article discussing the relationship between plant-based diets and reduced cardiovascular risks.
Topic: Plant-based diets and cardiovascular health.
Key points: <mask:12>.
Headline suggestion: <mask:16>.","
Topic: Plant-based diets and cardiovascular health.
Key points: 
- Plant-based diets. 
- Reduced cardiovascular risks.
Headline suggestion: 
Greening Your Heart: The Impact of Plant-Based Diets on Cardiovascular Health."
"Analyze the use of metaphors in the following text

Input:
Her heart was a maelstrom, threatening to swallow her whole.","Analyze the use of metaphors in the following text.
Text: Her heart was a maelstrom, threatening to swallow her whole.
Metaphor subject: <mask:8>.
Metaphor comparison: <mask:12>.","Text: Her heart was a maelstrom, threatening to swallow her whole.
Metaphor subject: 
Metaphor subject: Her heart.
Metaphor comparison: 
Metaphor comparison: Compared to a maelstrom."
"Rewrite the following text using 150 words.

Input:
Technology is transforming our lives. It is enabling us to access information, connect with people around the world, and create new opportunities for leisure and entertainment.","Rewrite the given text using approximately 150 words.
Original text: Technology is transforming our lives. It is enabling us to access information, connect with people around the world, and create new opportunities for leisure and entertainment.
Key points: <mask:12>.
Word count target: <mask:4>."," the world, and create new opportunities for leisure and entertainment.
Key points: 
1. Technology is transforming our lives. 
2.
Word count target: 150 words."
"Compose a rap about a recent historical event.

Input:
Event: Bob Dylan winning the Nobel Prize in Literature","Compose a rap about a recent historical event.
Event: Bob Dylan winning the Nobel Prize in Literature
Verse 1: <mask:12>
Chorus: <mask:8>
Bridge: <mask:16>
Outro: <mask:4>","Event: Bob Dylan winning the Nobel Prize in Literature
Verse 1: 
Bob Dylan, Bob Dylan, won the Nobel, 
Chorus: 
Bob Dylan, Bob Dylan, 
Bridge: 
Bob Dylan, Bob Dylan, 
Bob Dylan, Bob Dylan, 
Outro: 
Bob Dylan."
Outline the steps to creating a successful online store.,"Outline the steps to creating a successful online store.
Step 1: Choose a niche for your online store.
Step 2: <mask:12>.
Step 3: Design an appealing website.
Step 4: <mask:16>.
Step 5: Implement a secure payment system.
Step 6: <mask:20>.","
Step 1: Choose a niche for your online store.
Step 2:  Research your target audience and determine the products you want to sell.
Step 3: Design an appealing website.
Step 4:  Set up an e-commerce platform and optimize your website for search engines and mobile devices.
Step 5: Implement a secure payment system.
Step 6:  Promote and market your online store.
Step 7: Monitor your performance and make adjustments as needed."
"Modify the given text for the target audience

Input:
Text: Artificial Intellgence (AI) is an exciting new technology that is rapidly changing our world. 

Audience: Primary school children","Modify the given text for the target audience.
Text: Artificial Intellgence (AI) is an exciting new technology that is rapidly changing our world.
Audience: <mask:8>.
Key points to simplify: <mask:12>.
Modified text: <mask:20>.",": Artificial Intellgence (AI) is an exciting new technology that is rapidly changing our world.
Audience:  General public with a basic understanding of technology.
Key points to simplify:  AI is a new technology, and it is changing the world.
Modified text:  Artificial Intelligence (AI) is a new technology that is making a big difference in the world around us."
Describe the different oceans,"Describe the different oceans.
Numbered list: <mask:12>.
Ocean names: <mask:12>.
Brief description: <mask:16>.",".
Numbered list: 
1. 
2.
3.
4.
Ocean names: 
1. 
2.
3.
4.
Brief description: 
1. Pacific Ocean 
2. 
3. 
4."
Create a function to determine whether a number is prime or not.,"Create a function to determine whether a number is prime or not.
Function signature: `def is_prime(num: int) -> bool`
Step 1: Check if the number is less than 2. If it is, return <mask:4>.
Step 2: Loop through numbers from 2 to the square root of the given number. If any number divides the given number without a remainder, return <mask:7>.
Step 3: If no divisors are found, return <mask:10>.","
Function signature: `def is_prime(num: int) -> bool`
Step 1: Check if the number is less than 2. If it is, return 0 indicating not prime.
Step 2: Loop through numbers from 2 to the square root of the given number. If any number divides the given number without a remainder, return 0 indicating the number is not prime.
Step 3: If no divisors are found, return 1 (True) indicating that the number is prime."
Is it respectful to wear a short skirt to a funeral?,"Is it respectful to wear a short skirt to a funeral?
Context: A funeral is typically a solemn event.
Opinion: <mask:8>.
Reasoning: <mask:12>.","
Context: A funeral is typically a solemn event.
Opinion:  No, a short skirt is not appropriate.
Reasoning:  It may convey a lack of seriousness and respect for the occasion."
Explain the process of neural network training.,"Explain the process of neural network training.
Step 1: Define the <mask:8> and <mask:10>.
Step 2: Initialize the <mask:12> randomly.
Step 3: Feed the input data into the network.
Step 4: Calculate the <mask:16> between predicted output and actual output.
Step 5: Adjust the weights based on the error to minimize it.","
Step 1: Define the  input layer,  hidden layers,  and  output layer  of the neural network to be trained.
Step 2: Initialize the  weights  of the connections between the layers, either uniformly or randomly.
Step 3: Feed the input data into the network.
Step 4: Calculate the  output  of the network based on the input and weights, and compute the error between predicted output and actual output.
Step 5: Adjust the weights based on the error to minimize it."
"Generate an acrostic poem with a given word.

Input:
Rainbow","Generate an acrostic poem with the word ""Rainbow"".
R <mask:5>
A <mask:7>
I <mask:9>
N <mask:11>
B <mask:13>
O <mask:15>
W <mask:17>"," the word ""Rainbow"".
R 
R 
 
A 
 
A 
 
I 
I 
N 
N 
N 
N 
N 
 
B 
B 
 
B 
 
O 
O 
O 
O 
O 
O 
O 
O 
W 
W 
W 
W 
W 
W 
W"
"Name the given musical note.

Input:
(A musical note)","Name the given musical note.
Note: <mask:5>.
Input: (A musical note)","Note:  This is a visual task.
Input: (A musical note)"
"Choose one of the words below and provide a synonym.

Input:
Bemused","Choose one of the words below and provide a synonym.
Word: Bemused
Synonym: <mask:8>.","Word: Bemused
Synonym: 

The answer is: Confused."
List three advantages and three disadvantages of using AI for customer service.,"List three advantages and three disadvantages of using AI for customer service.
Advantages:
1. <mask:8>
2. <mask:10>
3. <mask:12>

Disadvantages:
1. <mask:14>
2. <mask:16>
3. <mask:18>","
Advantages:
1.  Increased efficiency and speed in customer service.
2.  Improved customer satisfaction by providing quick and accurate responses.
3.  Ability to analyze customer data and provide personalized recommendations and solutions.

Disadvantages:
1.  Lack of human interaction and empathy, which is important in customer service.
2.  Potential for data privacy and security concerns, as AI systems handle sensitive customer information.
3.  Dependence on technology, which can be problematic if the AI system fails or is hacked."
Output the fifth number in the Fibonacci sequence.,"Output the fifth number in the Fibonacci sequence.
Sequence: 0, 1, 1, <mask:8>.
Fibonacci rule: Each number is the sum of the two preceding ones.
Result: <mask:12>.","
Sequence: 0, 1, 1, 2, 3, and so on.
Fibonacci rule: Each number is the sum of the two preceding ones.
Result: 3
The fifth number in the Fibonacci sequence is 3."
Give me a poetic sentence.,"Give me a poetic sentence.
Example: The <mask:10> sunset painted the sky in hues of gold and crimson.","
Example: The 
leaves whispered secrets to the wind as the sunset painted the sky in hues of gold and crimson."
"Identify a problem connected to the given topic.

Input:
Topic: Climate Change","Identify a problem connected to the given topic.
Topic: Climate Change
Problem area: <mask:12>.","Topic: Climate Change
Problem area: 

Problem: Loss of natural habitats due to climate change."
Create a reward system for employees that shows appreciation but also encourages productivity.,"Create a reward system for employees that shows appreciation but also encourages productivity.
Objective: To motivate employees and improve performance.
Types of rewards: <mask:10>.
Implementation steps: 
1. <mask:5>
2. <mask:7>
3. <mask:9>
4. <mask:11>","
Objective: To motivate employees and improve performance.
Types of rewards:  Monetary bonuses, time off, recognition, and promotions.
Implementation steps: 
1.  Set clear performance goals.
2.  Develop and implement a reward system.
3.  Communicate the reward system and expectations to employees.
4.  Monitor and evaluate the effectiveness of the reward system regularly."
"Create an algorithm that divides a given array of numbers into two sets such that the sum of the elements in each set is the same.

Input:
[5, 10, 15, 20]","Create an algorithm that divides a given array of numbers into two sets such that the sum of the elements in each set is the same.
Input: [5, 10, 15, 20]
Step 1: Calculate the total sum of the array elements.
Total sum: <mask:8>.
Step 2: Check if the total sum is divisible by 2.
Is the total sum even? <mask:4>.
Step 3: If the total sum is even, proceed to divide the array.
If yes, continue to step 3; otherwise, <mask:12>.","Input: [5, 10, 15, 20]
Step 1: Calculate the total sum of the array elements.
Total sum: 50
Continue to step 2.
Step 2: Check if the total sum is divisible by 2.
Is the total sum even? 50 is even.
Step 3: If the total sum is even, proceed to divide the array.
If yes, continue to step 3; otherwise, 
it is not possible to divide the array into two sets."
Create a questionnaire for data collection for product feedback.,"Create a questionnaire for data collection for product feedback.
Step 1: Identify key aspects of the product to gather feedback on.
Aspect 1: <mask:12>.
Aspect 2: <mask:12>.
Aspect 3: <mask:12>.

Step 2: Formulate questions related to each aspect.
Question 1 (Aspect 1): <mask:16>.
Question 2 (Aspect 1): <mask:16>.
Question 3 (Aspect 2): <mask:16>.
Question 4 (Aspect 2): <mask:16>.
Question 5 (Aspect 3): <mask:16>.
Question 6 (Aspect 3): <mask:16>.","
Step 1: Identify key aspects of the product to gather feedback on.
Aspect 1:  Open-ended questions to gather feedback on the quality of the product.
Aspect 2:  Open-ended questions to gather feedback on the design of the product.
Aspect 3:  Open-ended questions to gather feedback on the functionality of the product.

Step 2: Formulate questions related to each aspect.
Question 1 (Aspect 1):  This will be an open-ended question to gather feedback on the quality of the product.
Question 2 (Aspect 1):  This will be an open-ended question to gather feedback on the quality of the product.
Question 3 (Aspect 2):  This will be an open-ended question to gather feedback on the design of the product.
Question 4 (Aspect 2):  This will be an open-ended question to gather feedback on the design of the product.
Question 5 (Aspect 3):  This will be an open-ended question to gather feedback on the functionality of the product.
Question 6 (Aspect 3):  This will be an open-ended question to gather feedback on the functionality of the product."
Create an outline for a presentation on the benefits of exercise.,"Create an outline for a presentation on the benefits of exercise.
Step 1: Introduction
- Briefly introduce the topic and its importance.
Step 2: <mask:12>
- Discuss the physical health benefits of exercise.
Step 3: <mask:12>
- Explain the mental health advantages of regular exercise.
Step 4: <mask:12>
- Provide examples of different types of exercises.
Step 5: Conclusion
- Summarize the key points and emphasize the overall benefits.","Step 1: Introduction
- Briefly introduce the topic and its importance.
Step 2:  Physical Health Benefits
- Explain how exercise can improve physical health
- Discuss the physical health benefits of exercise.
Step 3:  Mental Health Benefits
- Discuss how exercise can improve mental health
- Explain the mental health advantages of regular exercise.
Step 4:  Types of Exercise
- Discuss the different types of exercises available
- Provide examples of different types of exercises.
Step 5: Conclusion
- Summarize the key points and emphasize the overall benefits."
Brainstorm ways to reduce energy consumption in a home.,"Brainstorm ways to reduce energy consumption in a home.
Lighting options: <mask:10>.
Heating strategies: <mask:10>.
Appliance choices: <mask:12>.
Behavioral changes: <mask:12>.","
Lighting options: 
- Use LED bulbs instead of traditional light bulbs.
Heating strategies: 
- Install a programmable thermostat to optimize heating schedules.
Appliance choices: 
- Choose energy-efficient appliances with the Energy Star rating label.
Behavioral changes: 
- Turn off lights and unplug electronics when not in use."
"Recognize the following text as an example of which literary device.

Input:
""The sun rose in the east, just as it had done a million times before""","Recognize the following text as an example of which literary device.
Text: ""The sun rose in the east, just as it had done a million times before""
Device type: <mask:8>.
Example clue: <mask:12>.","Text: ""The sun rose in the east, just as it had done a million times before""
Device type: 
The device type is an anaphora.
Example clue: 
The example clue is the repetition of the word or phrase."
Come up with a way for people to reduce their carbon footprint,"Come up with a way for people to reduce their carbon footprint.
Step 1: Identify areas where energy is wasted. <mask:8>.
Step 2: Suggest alternatives to reduce emissions. <mask:10>.
Step 3: Encourage behavioral changes. <mask:12>.",".
Step 1: Identify areas where energy is wasted. 
Example: Unplug chargers and electronics.
Step 2: Suggest alternatives to reduce emissions. 
Example: Use energy-efficient appliances and light bulbs.
Step 3: Encourage behavioral changes. 
Example: Use public transportation or carpool instead of driving."
"From the following facts, write a creative story where two people of different generations bond over an activity.

Input:
Two people: 80 year old grandparent, 18 year old grandchild
Activity: Baking","From the following facts, write a creative story where two people of different generations bond over an activity.
Characters:
- Grandparent: 80 years old
- Grandchild: 18 years old
Activity: Baking
Setting clue: <mask:12>
Plot twist: <mask:16>
Ending sentiment: <mask:8>","0 years old
- Grandchild: 18 years old
Activity: Baking
Setting clue:  The grandparent's kitchen and the grandchild's apartment.
Plot twist:  The grandchild discovers a hidden family recipe book in the grandparent's kitchen.
Ending sentiment:  A deep sense of connection and understanding."
Name some seasonal fruits that are available in the summer.,"Name some seasonal fruits that are available in the summer.
Season: <mask:6>.
Fruit 1: <mask:10>.
Fruit 2: <mask:10>.
Fruit 3: <mask:10>.","
Season:  Summer
Fruit:  Strawberry.
Fruit 1:  Watermelon.
Fruit 2:  Strawberry.
Fruit 2:  Watermelon.
Fruit 3:  Strawberry.
Fruit 3:  Watermelon.
Fruit 4:  Strawberry."
Perform a Google search and find a website that offers top health tips,"Perform a Google search and find a website that offers top health tips.
Search term: ""top health tips""
First result domain: <mask:12>.
Website title: <mask:16>.",".
Search term: ""top health tips""
First result domain:  example.com.
First result URL:  www.example.com.
Website title:  ""Top Health Tips"".
Website URL:  https://www.examplehealth.com."
Find the total population of Germany,"Find the total population of Germany.
Query: <mask:5>.
Result: <mask:10>.",".
Query:  Find the population of Germany.
Result:  The total population of Germany is 83 million."
Create a restaurant menu for a burger joint.,"Create a restaurant menu for a burger joint.
Main course options: <mask:12>.
Beverage choices: <mask:12>.
Side dish selections: <mask:12>.","
Main course options: 
Classic beef burger, BBQ chicken burger, and veggie burger.
Beverage choices: 
Water, soda, lemonade, coffee, and iced tea.
Side dish selections: 
Coleslaw, fries, salad, and onion rings."
"Create a short story of your own in 200 words featuring the following words: ""plate"" and ""proud"".","Create a short story of your own in 200 words featuring the following words: ""plate"" and ""proud"".
Story title: <mask:8>.
Characters: <mask:12>.
Setting: <mask:16>.
Plot summary: <mask:24>.","
Story title: 
The Proud Plate of Croissants.
Characters: 
A young girl, her grandmother, and a local baker.
Setting: 
A small town with a local bakery that is famous for its croissants.
Plot summary: 
The young girl and her grandmother visit the bakery, and the baker presents them with a proud plate of croissants."
"For a given profession, introduce a key technology or tool currently used.

Input:
Paramedics","For a given profession, introduce a key technology or tool currently used.
Profession: Paramedics
Technology/Tool: <mask:12>
Reasoning: <mask:10>","ession: Paramedics
Technology/Tool: 

Description: 

Use Case: 

Reasoning: 

Advantages: 

Disadvantages:"
"Classify the following into either facts or opinions.

Input:
The dog ran fast.","Classify the following into either facts or opinions.
Statement: The dog ran fast.
Type: <mask:8>.","Statement: The dog ran fast.
Type: 1. Fact or 2. Opinion."
"Normalize the date format in the sentence.

Input:
The meeting is next thursday.","Normalize the date format in the sentence.
Input: The meeting is next thursday.
Desired format: <mask:12>.
Normalized sentence: <mask:16>.","Input: The meeting is next thursday.
Desired format: 
The meeting is on Thursday, month 5, year.
Normalized sentence: 
The meeting is on Thursday, October 5, 2022."
List the 3 longest rivers in Europe.,"List the 3 longest rivers in Europe.
Rivers: <mask:10>, <mask:12>, <mask:14>.","
Rivers: 1. Danube - 890 km, 2. Volga - 1,530 km, 3. Dnieper River - 1,260 km."
Generate a list of five items that a customer could use to improve their website.,"Generate a list of five items that a customer could use to improve their website.
Web design tools: <mask:10>.
SEO plugins: <mask:8>.
Hosting services: <mask:12>.
Analytics software: <mask:12>.
Content management systems: <mask:16>.","
Web design tools: 
To create professional graphics and layouts for the website.
SEO plugins: 
To optimize the website for search engines.
Hosting services: 
To ensure the website is available and accessible at all times.
Analytics software: 
To track website traffic and performance and identify areas for improvement.
Content management systems: 
To manage the website's content and ensure it is accurate and up-to-date."
"Given the name of a country, explain its geography.

Input:
Australia","Given the name of a country, explain its geography.
Country: Australia
Major landforms: <mask:12>.
Climate regions: <mask:12>.
Notable rivers: <mask:8>.",": Australia
Major landforms:  Australian Alps, Simpson Desert, Victoria Desert, Great Barrier Reef.
Climate regions:  Tropical North, Tropical East, Mediterranean South, Arid Centre.
Notable rivers:  Murray-Darling Basin, Darling River."
"Given the sentence, output a sentence using a simliar syntax.

Input:
The dog barked loudly.","Given the sentence, output a sentence using similar syntax.
Input: The dog barked loudly.
Subject: <mask:5>.
Verb phrase: <mask:8>.
Final sentence: <mask:12>."," syntax.
Input: The dog barked loudly.
Subject:  The dog -> The cat.
Verb phrase:  barked.
Adverb: loudly.
Final sentence:  The cat meowed loudly.
The cat meowed loudly."
"What is the importance of practicing self-care?

Input:
No Input","What is the importance of practicing self-care?
Definition: <mask:10>.
Benefits: <mask:14>.
Examples: <mask:18>.
Conclusion: <mask:22>.","Definition:  Self-care involves taking actions to improve personal well-being.
Benefits:  Self-care can help reduce stress, improve mood, and boost physical health.
Examples:  Self-care can include activities like exercise, meditation, and spending time with friends and loved ones.
Conclusion:  Practicing self-care is essential for maintaining overall well-being and can lead to a more fulfilling and stress-free life."
"Reverse the following sentence using an antonym.

Input:
The job was easy.","Reverse the sentence using an antonym.
Input: The job was easy.
Step 1: Identify the antonym for ""easy"".
Step 2: Replace ""easy"" with its antonym.
Result: <mask:8>."," using an antonym.
Input: The job was easy.
Step 1: Identify the antonym for ""easy"".
Step 2: Replace ""easy"" with its antonym.
Result: 

Output: The job was difficult."
Make a list of three endangered species.,"Make a list of three endangered species.
Species 1: <mask:12>
Species 2: <mask:12>
Species 3: <mask:16>","
Species 1:  Giant Red Panda (Ailuropoda melanoleuca)
Species 2:  Siberian Tiger (Panthera tigris)
Species 3:  Sumatran Lion (Panthera leo sumatrensis)"
Name a sport that requires good hand-eye coordination,"Name a sport that requires good hand-eye coordination.
Sport category: <mask:8>.
Example skill needed: <mask:10>.",".
Sport category: 
Team sport, individual, or both.
Example skill needed: 
Shooting, throwing, catching, or hitting."
Complete this sentence with an example of a homophone.,"Complete this sentence with an example of a homophone.
Sentence: The <mask:6> looks similar but has different meanings.","
Sentence: The  homophone is a word that looks similar but has different meanings."
Outline the major points of the US Constitution.,"Outline the major points of the US Constitution.
Article I: <mask:10>, establishes the legislative branch.
Article II: <mask:12>, establishes the executive branch.
Article III: <mask:14>, establishes the judicial branch.
Amendments: <mask:16>, outline changes and additions to the Constitution.","
Article I: 2 sections, ratified in 1788, establishes the legislative branch.
Article II: 3 sections, ratified in June of 1788, establishes the executive branch.
Article III: 3 sections, ratified June 21, 1789, establishes the judicial branch.
Amendments: 27 amendments, ratified since December 15, 1791, outline changes and additions to the Constitution."
"Train a classification model to classify emails as ""spam"" or ""not-spam"", using the given dataset.

Input:
csv dataset containing 200 emails.","Train a classification model to classify emails as ""spam"" or ""not-spam"", using the given dataset.
Dataset size: <mask:8>.
Feature extraction method: <mask:12>.
Model type: <mask:10>.
Validation accuracy: <mask:16>.",":  10,000 emails.
Feature extraction method:  TF-IDF.
Classification algorithm:  Naive Bayes.
Model type:  Logistic Regression.
Training time: 2 hours.
Validation accuracy:  0.95.
Test accuracy:  0.97."
Compose a question that would use a conversion rate.,"Compose a question that would use a conversion rate.
Context: A marketing team is analyzing the effectiveness of two different ad campaigns.
Campaign A reached 1000 people and 200 clicked on the ad.
Campaign B reached 1500 people and 300 clicked on the ad.
Question: <mask:12>.","
Context: A marketing team is analyzing the effectiveness of two different ad campaigns.
Campaign A reached 1000 people and 200 clicked on the ad.
Campaign B reached 1500 people and 300 clicked on the ad.
Question: 

Calculate the conversion rate for Campaign A and Campaign B."
"For the following sentence, rewrite the sentence in an interrogative way.

Input:
John saw the movie last night.","Rewrite the sentence in an interrogative way.
Original: John saw the movie last night.
Subject: <mask:5>.
Verb phrase: <mask:8>.
Interrogative sentence: <mask:12>."," the sentence in an interrogative way.
Original: John saw the movie last night.
Subject: 
- John the movie.
Verb phrase: 
- John saw the movie last night.
Interrogative sentence: 
- Please tell me if John saw the movie last night."
"Turn the following text into active voice.

Input:
The decision was made by the president.","Turn the following text into active voice.
Original: The decision was made by the president.
Subject: <mask:10>.
Verb phrase: <mask:12>.
Final sentence: <mask:16>.","Original: The decision was made by the president.
Subject:  The decision.
Object:  by the president.
Verb phrase:  was made.
Agent of the action:  the president.
Final sentence:  The president made the decision.
Active voice:  The president made the decision."
Generate an outdoor activity for a summer day.,"Generate an outdoor activity for a summer day.
Activity type: <mask:8>.
Location suggestion: <mask:12>.
Duration: <mask:10>.","
Activity type: 
Picnicking and playing outdoor games.
Location suggestion: 
A nearby park with a large lawn and a few trees.
Duration: 
Around 1.5 to 2 hours."
"Paraphrase the following sentence using other words but keeping the same meaning.

Input:
He is an excellent student.","Paraphrase the sentence using alternative wording while maintaining the original meaning.
Original: He is an excellent student.
Subject: <mask:8>.
Adjective: <mask:12>.
Final sentence: <mask:16>."," sentence using alternative wording while maintaining the original meaning.
Original: He is an excellent student.
Subject:  He. 
Verb:  is.
Adjective:  excellent.
Article: an.
Object:  student.
Final sentence: 
He is an excellent student.
Alternative wording: He is an outstanding student."
What were some of the major advances in technology during the Industrial Revolution?,"What were some of the major advances in technology during the Industrial Revolution?
Technological advancements: <mask:12>.
Context clue: <mask:8>.
Notable example: <mask:4>.","
Technological advancements: 
Steam engine, power loom, water frame, cotton gin.
Context clue: 
The Industrial Revolution saw significant technological advancements.
Notable example: 
The steam engine."
"Using the words in parentheses, create a sentence with a precise meaning.","Using the words in parentheses, create a sentence with a precise meaning.
Words: (quick), (brown), (fox)
Sentence structure: The <mask:6> <mask:9> <mask:10> jumps over the lazy dog.","
Words: (quick), (brown), (fox)
Sentence structure: The 1st, second, and 3rd words are the ones in parentheses. 

Example sentence structure: The quick brown fox jumps over the lazy dog."
"Find the main concept expressed in the following sentence.

Input:
He acted in a way that went against all social norms.","Find the main concept expressed in the following sentence.
Sentence: He acted in a way that went against all social norms.
Main idea: <mask:12>.
Context clue: <mask:8>.","Sentence: He acted in a way that went against all social norms.
Main idea: 
The main idea is that his actions were against social norms.
Context clue: 
The context clue is the social norms."
"Create a chart showing the ratios of different planets to each other.

Input:
The radius of Jupiter is 69,911 km, and the radius of Earth is 6,371 km.","Create a chart showing the ratios of different planets to each other.
Planet A: Jupiter, Radius: 69,911 km
Planet B: Earth, Radius: 6,371 km
Ratio of Planet A to Planet B: <mask:12>
Ratio of Planet B to Planet A: <mask:12>",": Jupiter, Radius: 69,911 km
Planet B: Earth, Radius: 6,371 km
Ratio of Planet A to Planet B: 11.18 (Planet A / Planet B)
Ratio of Planet B to Planet A: 0.094 (Planet B / Planet A)"
What is the most famous painting of Leonardo da Vinci?,"What is the most famous painting of Leonardo da Vinci?
Artist: <mask:8>.
Title: <mask:10>.
Museum: <mask:12>.","
Artist: 列奥纳多· Leonardo da Vinci.
Title: 蒙娜丽莎 Mona Lisa or La Gioconda.
Museum: 卢浮宫 Musée du Louvre, Paris, France."
Compute the sum of 9 and 5.,"Compute the sum of 9 and 5.
First number: <mask:3>.
Second number: <mask:5>.
Sum: <mask:8>.","
First number: 9

.
Second number: 5
.

.
Sum: 9 + 5 = 14."
Create a rule for a basic game.,"Create a rule for a basic game.
Game type: <mask:10>.
Objective: <mask:12>.
Player count: <mask:8>.
Action example: <mask:14>.","
Game type: 1 player.
Winner: 1 player wins.
Objective: 1 player wins.
Game length: 1 player wins.
Player count: 2.
Turn count: 1.
Action example: 1 player wins.
Winning action example: 1 player wins."
"Add an idiom or proverb to the sentence that encourages someone to quit a bad habit.

Input:
I need to stop procrastinating.","Add an idiom or proverb to the sentence that encourages someone to quit a bad habit.
Sentence: I need to stop procrastinating.
Idiom/Proverb clue: <mask:10>.
Enhanced sentence: <mask:14>.","Sentence: I need to stop procrastinating.
Idiom/Proverb clue: 
Idiom: A stitch in time saves nine.
Enhanced sentence: 
I need to stop procrastinating; a stitch in time saves nine."
Name one important consequence of deforestation.,"Name one important consequence of deforestation.
Consequence: <mask:10>.","
Consequence:  Loss of wildlife habitats is an important consequence of deforestation."
Generate a strategy to increase sales,"Generate a strategy to increase sales.
Step 1: Identify the target market.
Step 2: <mask:10>.
Step 3: Implement promotional activities.
Step 4: Monitor sales performance and adjust strategies accordingly.
Key factors: <mask:12>.",".
Step 1: Identify the target market.
Step 2:  Develop a marketing message that resonates with the target market.
Step 3: Implement promotional activities.
Step 4: Monitor sales performance and adjust strategies accordingly.
Key factors:  target market, marketing message, promotional activities, and sales performance."
"Identify the meaning of the following idioms and explain why it is used.

Input:
Nip it in the bud","Identify the meaning of the following idiom and explain why it is used.
Idiom: Nip it in the bud
Definition: <mask:8>
Usage context: <mask:12>
Explanation: <mask:16>","
Idiom: Nip it in the bud
Definition: 
To stop something before it starts.
Usage context: 
Nip it in the bud before it gets worse.
Explanation: 
The idiom is used to describe the action of stopping something from happening."
Generate a sample data set which contains 5 movie titles,"Generate a sample data set which contains 5 movie titles.
Movie 1: <mask:12>
Movie 2: <mask:12>
Movie 3: <mask:12>
Movie 4: <mask:12>
Movie 5: <mask:12>",".
Movie 1: 2015, Action, Adventure, Drama, Thriller
Movie 2: 2016, Action, Adventure, Drama, Thriller
Movie 3: 2017, Action, Adventure, Drama, Thriller
Movie 4: 2018, Action, Adventure, Drama, Thriller
Movie 5: 2019, Action, Adventure, Drama, Thriller"
"Following the input, provide a practical example of Natural Language Processing (NLP).

Input:
Natural Language Processing","Following the input, provide a practical example of Natural Language Processing (NLP).
Input: Natural Language Processing
Example category: <mask:10>.
Example description: <mask:14>.","Input: Natural Language Processing
Example category: 
Applications of NLP in virtual assistants and chatbots.
Example description: 
A chatbot that can understand and respond to queries in natural language."
"In a sentence, describe how a company can measure customer satisfaction.","In a sentence, describe how a company can measure customer satisfaction.
Method: <mask:8>.
Metric: <mask:12>.","
Method: 
Surveys and customer feedback forms.
Metric: 
Average rating of customer satisfaction on a 5-point scale."
"Given the input, explain how the design of the website integrates with the brand.

Input:
The website for the Cold Creek Cafe features muted green and brown colors, reflecting its rustic cabin-like aesthetic.","Given the input, explain how the design of the website integrates with the brand.
Website color scheme: Muted green and brown, reflecting its rustic cabin-like aesthetic.
Brand theme: <mask:12>.
Design elements: <mask:12>.
Integration explanation: <mask:20>.","Website color scheme: Muted green and brown, reflecting its rustic cabin-like aesthetic.
Brand theme:  The brand focuses on a rustic, natural, and cozy theme.
Design elements:  The website features wooden accents, natural textures, and earthy tones.
Integration explanation:  The website's design integrates with the brand by reflecting the brand's rustic, natural, and cozy theme."
Construct a timeline showing significant events related to the creation of the United Nations.,"Construct a timeline showing significant events related to the creation of the United Nations.
Timeline:
1. <mask:12>
2. <mask:16>
3. <mask:20>
4. <mask:24>
5. <mask:28>","
Timeline:
1. 1939: The start of World War II.
2. 1942: The United States proposes the idea of the United Nations.
3. 1943: The United Nations Conference is held, discussing the creation of the United Nations.
4. 1944: The Dumbarton Oaks Conference is held, further formalizing the creation of the United Nations.
5. 1945: The United Nations Charter is signed.
6. 1945: The United Nations is officially established."
"Change this sentence from singular to plural.

Input:
My friend has a car.","Change this sentence from singular to plural.
Input: My friend has a car.
Subject: <mask:5>.
Verb phrase: <mask:8>.
Final sentence: <mask:12>.","Input: My friend has a car.
Subject: 
Output: My friends.
Verb phrase: 
Output: have/have got cars.
Final sentence: 
Output: My friends have a car/have got cars."
Create a guide on how to write a blog post.,"Create a guide on how to write a blog post.
Step 1: Define your topic. <mask:10>.
Step 2: Conduct research. <mask:12>.
Step 3: Outline your post. <mask:12>.
Step 4: Write the introduction. <mask:12>.
Step 5: Develop the body paragraphs. <mask:16>.
Step 6: Conclude your post. <mask:12>.
Step 7: Edit and proofread. <mask:12>.","
Step 1: Define your topic. 
Choose a topic that interests you and your audience.
Step 2: Conduct research. 
Gather information, statistics, and facts on your topic.
Step 3: Outline your post. 
Organize your ideas and create a structure for your post.
Step 4: Write the introduction. 
Introduce your topic and set the stage for your post.
Step 5: Develop the body paragraphs. 
Expand on your topic in detail, using evidence and examples to support your points.
Step 6: Conclude your post. 
Summarize your main points and provide a call to action.
Step 7: Edit and proofread. 
Check your post for grammar, spelling, and punctuation errors."
Compose a Haiku poem based on the following prompt: swimming.,"Compose a Haiku poem based on the following prompt: swimming.
Prompt: swimming
Line 1: <mask:8>
Line 2: <mask:8>
Line 3: <mask:8>","
Prompt: swimming
Line 1: 
Gentle whisper of the breeze,
Line 2: 
Waves dance in the sunlight,
Line 3: 
Nature's song in the air."
Why do we need sleep?,"Why do we need sleep?
Biological processes: <mask:8>.
Restoration benefits: <mask:10>.
Common functions: <mask:12>.","
Biological processes: 
Sleep supports tissue repair and immune function.
Restoration benefits: 
Sleep provides physical, emotional, and mental restoration.
Common functions: 
Sleep supports cognitive function, memory consolidation, and decision-making."
"Make a comparison between two things.

Input:
Dogs and cats","Make a comparison between two things.
Item 1: Dogs
Item 2: Cats
Comparison point 1: <mask:8>
Comparison point 2: <mask:10>","Item 1: Dogs
Item 2: Cats
Comparison point 1: 
- Both are domestic animals.

Comparison point 2: 
- Both are commonly kept as household pets."
Provide three possible solutions to reduce global warming,"Provide three possible solutions to reduce global warming.
Solution 1: <mask:8>.
Solution 2: <mask:10>.
Solution 3: <mask:12>.",".
Solution 1:  Transition from fossil fuels to renewable energy sources.
Solution 2:  Increase energy efficiency in homes, businesses, and industries.
Solution 3:  Implement policies and regulations to reduce greenhouse gas emissions and promote sustainability."
"Update the given travel itinerary to reflect the new details.

Input:
Day 1: Flight from London to New York at 12 pm
Day 2: Visit the National Museum of Natural History in Washington DC
Day 3: Flight from New York to San Francisco at 3 pm","Update the given travel itinerary to reflect the new details.
Day 1: Flight from London to New York at <mask:8> pm
Day 2: Visit the <mask:10> in Washington DC
Day 3: Flight from New York to San Francisco at <mask:16> pm","Day 1: Flight from London to New York at 10 am, arrival at 2 pm
Day 2: Visit the 9/11 Memorial and the National History Museum in Washington DC
Day 3: Flight from New York to San Francisco at 8 am, arrival at 1 pm, then return to London at 6 pm"
Give four examples of plant-based proteins.,"Give four examples of plant-based proteins.
Examples 1: <mask:8>.
Examples 2: <mask:8>.
Examples 3: <mask:8>.
Examples 4: <mask:8>.","
Examples 1:  beans, lentils, tofu, and nuts.
Examples 2:  beans, lentils, tofu, and nuts.
Examples 3:  beans, lentils, tofu, and nuts.
Examples 4:  beans, lentils, tofu, and nuts."
"Find the verb and give me its past form.

Input:
I think I should have eaten.","Find the verb and give me its past form.
Sentence: I think I should have eaten.
Main verb: <mask:8>.
Past form: <mask:12>.","Sentence: I think I should have eaten.
Main verb: 
The verb in the sentence is eat.
Past form: 
The past form of the verb ""eat"" is ate."
"Convert the following sentence into a question ending in ""wh"":

Input:
The school is closed.","Convert the given sentence into a question ending in ""wh"".
Input: The school is closed.
Sentence: <mask:12>.
Question: <mask:16>.",""".
Input: The school is closed.
Sentence:  The school is closed.
Answer: The school is closed.
Question:  What is the current status of the school?
Answer: The school is closed."
Suggest two activities that can be done in a park.,"Suggest two activities that can be done in a park.
Activity 1: <mask:10>.
Activity 2: <mask:14>.","
Activity 1:  Take a walk or run and enjoy the natural surroundings.
Activity 2:  Have a picnic with friends or family and enjoy the fresh air and sunshine."
"Create a new variable that contains the value of variable1 multiplied by variable2.

Input:
variable1 = 5
variable2 = 10","Create a new variable that contains the value of variable1 multiplied by variable2.
```python
variable1 = 5
variable2 = 10
```
New variable initialization: <mask:12>.
Value assignment: <mask:16>.","```python
variable1 = 5
variable2 = 10
```
New variable initialization: 
Create a new variable with an initial value of 0.
Value assignment: 
Set the new variable to be the value of variable1 multiplied by variable2."
Create a list of activities that are related to sports.,"Create a list of activities that are related to sports.
Sports category: <mask:10>.
Activity 1: <mask:12>.
Activity 2: <mask:12>.
Activity 3: <mask:12>.","
Sports category: 
Football, Basketball, Baseball, Tennis, Soccer.
Activity 1: 
Attend a football game and discuss the highlights of the game.
Activity 2: 
Attend a basketball game and discuss the highlights of the game.
Activity 3: 
Attend a baseball game and discuss the highlights of the game."
Outline an argument for why online education should be encouraged.,"Outline an argument for why online education should be encouraged.
Step 1: Identify a key benefit of online education.
Benefit: <mask:8>.
Step 2: Provide a specific example to support this benefit.
Example: <mask:12>.
Step 3: Discuss how this benefit impacts students.
Impact: <mask:10>.","
Step 1: Identify a key benefit of online education.
Benefit:  Online education provides flexibility and convenience for students.
Step 2: Provide a specific example to support this benefit.
Example:  Students can learn at their own pace and on their own schedule.
Step 3: Discuss how this benefit impacts students.
Impact:  This flexibility can lead to increased engagement and better grades."
What is an object-oriented programming language?,"What is an object-oriented programming language?
Definition: <mask:8>.
Example: <mask:12>.
Key feature: <mask:16>.","
Definition:  A programming language that supports object-oriented programming.
Example:  Java, C++, Python, Ruby, PHP, and JavaScript.
Key feature:  Provides support for object-oriented programming concepts such as encapsulation, inheritance, and polymorphism."
How do you get rid of oil stains from YELLOW fabric?,"How do you get rid of oil stains from YELLOW fabric?
Stain type: <mask:8>.
Fabric color: YELLOW.
Removal method: <mask:12>.","
Stain type:  Oil.
Fabric type:  Fabric.
Fabric color: YELLOW.
Removal method:  Blot with a clean cloth, then wash with cold water."
"Edit the incorrect text.

Input:
She was delighted with surprising announcement.","Edit the incorrect text.
Original: She was delighted with surprising announcement.
Corrected subject: <mask:5>.
Correct verb phrase: <mask:10>.
Corrected final sentence: <mask:18>.","Original: She was delighted with surprising announcement.
Corrected subject: 
Original subject: She.
Correct verb phrase: 
was delighted by the (article) surprising announcement.
Corrected final sentence: 
She was delighted by the surprising announcement.

She was delighted by the surprising announcement."
"Recommend an appropriate follow-up action.

Input:
We've received a customer complaint about a delivery delay.","Recommend an appropriate follow-up action.
Situation: We've received a customer complaint about a delivery delay.
Considerations: <mask:8>.
Action plan: <mask:10>.","uation: We've received a customer complaint about a delivery delay.
Considerations: 
Customer satisfaction, loyalty, and reputation.
Action plan: 
Provide a refund or compensation to resolve the issue."
Differentiate between an imbroglio and a quagmire.,"Differentiate between an imbroglio and a quagmire.
Definition of imbroglio: <mask:8>.
Definition of quagmire: <mask:10>.
Key difference: <mask:12>.","
Definition of imbroglio: 
A state of great disorder or confusion.
Definition of quagmire: 
A deep, soft area of bog or mud.
Key difference: 
An imbroglio is a state of confusion or disorder."
"For the given use case, explain how AI can be used.

Input:
We want to reduce our customer support response time.","For the given use case, explain how AI can be used.
Use case: We want to reduce our customer support response time.
Approach: <mask:8>.
Benefits: <mask:12>.
Implementation: <mask:16>."," case: We want to reduce our customer support response time.
Approach: 
Use AI to automate customer support responses.
Benefits: 
Reduced response time, improved customer satisfaction, and increased efficiency.
Implementation: 
Implement AI-powered chatbots and automated response systems to handle common customer support inquiries."
"What is the best way to store certain types of food?

Input:
Cheese","What is the best way to store certain types of food?
Item: Cheese
Storage method clue: <mask:8>.
Storage environment clue: <mask:10>.",": Cheese
Storage method clue:  Place it in an airtight container or wrap.
Storage environment clue:  Keep it in a cool, dry place or refrigerator."
Identify an advantage of online learning.,"Identify an advantage of online learning.
Advantage: <mask:10>.","
Advantage:  Online learning allows students to learn at their own pace."
What advice would you give for finding an internship?,"What advice would you give for finding an internship?
Step 1: Research companies and industries that interest you.
Step 2: Identify <mask:2> relevant internships.
Step 3: Prepare your application materials, including a <mask:5>.
Step 4: Network and reach out to potential contacts in your field.
Advice summary: <mask:10>.","
Step 1: Research companies and industries that interest you.
Step 2: Identify 10 relevant internships.
Step 3: Prepare your application materials, including a 2-page resume and portfolio.
Step 4: Network and reach out to potential contacts in your field.
Advice summary:  Research, identify internships, prepare materials, and network."
Construct a model of an atom,"Construct a model of an atom.
Step 1: Choose a medium for your model (e.g., clay, paper).
Step 2: Represent the nucleus using <mask:10> of material.
Step 3: Indicate electrons orbiting the nucleus with <mask:12>.
Step 4: Label the nucleus and electron orbits in your model.",".
Step 1: Choose a medium for your model (e.g., clay, paper).
Step 2: Represent the nucleus using 1-2 balls of clay or a small piece of material.
Step 3: Indicate electrons orbiting the nucleus with 1-2 smaller balls of clay or small pieces of material.
Step 4: Label the nucleus and electron orbits in your model."
"Design a movie poster for the film ""Cabin in the Woods""","Design a movie poster for the film ""Cabin in the Woods""
Title: <mask:10>
Tagline: <mask:14>
Main characters: <mask:12>
Visual elements: <mask:16>","
Title: 
- ""Cabin in the Woods""

Tagline: 
- ""A mysterious encounter in a cabin in the woods""

Main characters: 
- A young woman
- A mysterious old man

Visual elements: 
- A rustic cabin
- A young woman
- A mysterious old man"
"Pretend you are a customer and write a review for this product.

Input:
The product is a laptop computer.","Pretend you are a customer and write a review for this product.
Product: A laptop computer.
Review start: <mask:10>.
Pros: <mask:12>.
Cons: <mask:12>.","Product: A laptop computer.
Review start: 
I recently purchased a laptop computer from XYZ Electronics.
Pros: 
- Fast performance
- Compact design
- Excellent display.
Cons: 
- High price
- Limited storage
- Battery life."
Write a short thriller story.,"Write a short thriller story.
Setting: A quiet suburban neighborhood on a stormy night.
Character introduction: <mask:12>.
Inciting incident: <mask:15>.
Plot twist: <mask:18>.","
Setting: A quiet suburban neighborhood on a stormy night.
Character introduction:  A young woman, Sarah, is home alone in her apartment.
Inciting incident:  She hears a noise outside her window and sees a figure lurking in the darkness.
Plot twist:  The figure is revealed to be a serial killer who has been stalking her for the past year."
"Use the input to create a haiku poem.

Input:
The sound of the cicadas","Use the input to create a haiku poem.
Input: The sound of the cicadas
Line 1: <mask:8>
Line 2: <mask:8>
Line 3: <mask:8>","Input: The sound of the cicadas
Line 1: 
The sound of the cicadas
Line 2: 
Echoes through the summer's heat
Line 3: 
Nature's symphony in the trees."
Give a meaningful example of how a company could use customer feedback data.,"Give a meaningful example of how a company could use customer feedback data.
Example scenario: A company wants to improve customer satisfaction.
Step 1: Collect customer feedback through surveys.
Step 2: Analyze the feedback to identify common issues (<mask:8>).
Step 3: Develop targeted improvements based on the analysis (<mask:10>).
Step 4: Implement the changes and track their impact on customer satisfaction (<mask:12>).","
Example scenario: A company wants to improve customer satisfaction.
Step 1: Collect customer feedback through surveys.
Step 2: Analyze the feedback to identify common issues (e.g., delivery times, product quality).
Step 3: Develop targeted improvements based on the analysis (e.g., reducing delivery times, enhancing product quality).
Step 4: Implement the changes and track their impact on customer satisfaction (e.g., through follow-up surveys or monitoring customer feedback metrics)."
"Generate a creative proverb using the keywords ""expectations"" and ""success"".","Generate a creative proverb using the keywords ""expectations"" and ""success"".
Keyword 1: expectations
Keyword 2: success
Proverb: <mask:12>.","Keyword 1: expectations
Keyword 2: success
Proverb: 
In the heart of your expectations lie the seeds of success."
Compare and contrast two different approaches to machine learning.,"Compare and contrast two different approaches to machine learning.
Approach 1: <mask:12>.
Approach 2: <mask:12>.
Key similarities: <mask:12>.
Key differences: <mask:12>.","
Approach 1:  Supervised learning - focuses on making predictions based on labeled data.
Approach 2:  Unsupervised learning - focuses on discovering patterns in unlabeled data.
Key similarities:  Both approaches involve using algorithms to learn from data and make predictions.
Key differences:  Supervised learning requires labeled data, while unsupervised learning does not."
List 3 advantages of cloud computing.,"List 3 advantages of cloud computing.
Advantage 1: <mask:8>.
Advantage 2: <mask:10>.
Advantage 3: <mask:12>.","
Advantage 1:  Cloud computing helps businesses reduce their IT costs.
Advantage 2:  Cloud computing allows businesses to scale their IT infrastructure easily.
Advantage 3:  Cloud computing provides businesses with greater flexibility in managing their IT resources."
What does the phrase 'give-and-take' mean?,"What does the phrase 'give-and-take' mean?
Definition clue: <mask:8>.
Example usage: <mask:16>.","
Definition clue: 
The exchange of ideas or counterarguments.
Example usage: 
The two teams were evenly matched in the give-and-take of the debate."
Think of a creative name for a travel blog,"Think of a creative name for a travel blog.
Blog focus: Adventure travel.
Name idea: <mask:12>.
Another idea: <mask:12>.",".
Blog focus: Adventure travel.
Name idea: 
Adventurous Travels: A Journey of Wanderlust.
Another idea: 
Adventurous Travels: A Journey of Wanderlust."
"Find the assembly instructions for creating the given product

Input:
L-shaped computer desk","Find the assembly instructions for creating the given product.
Product: L-shaped computer desk
Step 1: Gather all necessary <mask:10> from the provided kit.
Step 2: Lay out the <mask:8> pieces in a way that they form the base structure.
Step 3: Secure the <mask:6> legs to the corners of the base using the included screws.
Step 4: Attach the <mask:4> support beams to the sides to create the L-shape.","Product: L-shaped computer desk
Step 1: Gather all necessary 2x4s, corner pieces, and screws from the provided kit.
Step 2: Lay out the 2x4s and attach the corner pieces in a way that they form the base structure.
Step 3: Secure the 4 2x4s legs to the corners of the base using the included screws.
Step 4: Attach the 2x4s support beams to the sides to create the L-shape."
List 5 common bacteria species.,"List 5 common bacteria species.
Species 1: <mask:10>.
Species 2: <mask:10>.
Species 3: <mask:10>.
Species 4: <mask:10>.
Species 5: <mask:10>.","
Species 1:  E. coli 0157:H7.
Species 2:  E. coli 0157:H7.
Species 3:  E. coli 0157:H7.
Species 4:  E. coli 0157:H7.
Species 5:  E. coli 0157:H7."
Is it possible to get a back-up for water tanks?,"Is it possible to get a back-up for water tanks?
Context: A remote cabin relies on two water tanks for its supply.
Question: <mask:8>.
Solution approach: <mask:12>.","
Context: A remote cabin relies on two water tanks for its supply.
Question:  Create a backup system for the water supply.
Solution approach:  Identify possible ways to create a backup system for the water supply."
"Develop the following ideas into a short story.

Input:
A vampire cursed to never get satisfaction from drinking blood.","Develop the following ideas into a short story.
Main character: A vampire cursed to never get satisfaction from drinking blood.
Setting: <mask:12>.
Conflict: <mask:16>.
Resolution: <mask:20>."," character: A vampire cursed to never get satisfaction from drinking blood.
Setting:  A small town where the vampire lives and is feared by humans.
Conflict:  The vampire is unable to find satisfaction from drinking blood and wants to break the curse.
Resolution:  The vampire makes friends with a local human and they work together to find a way to break the curse."
"Insert appropriate compound words into the text.

Input:
He drove the car to the store and then went food shopping.","Insert appropriate compound words into the text.
He drove the <mask:car> to the store and then went <mask:food> shopping.",car> to the store and then went <mask:food> shopping.
"Identify the capital city from the following passage.

Input:
The population of Zimbabwae is over 14 million.","Identify the capital city from the following passage.
Input: The population of Zimbabwae is over 14 million.
City name: <mask:8>.","Input: The population of Zimbabwae is over 14 million.
City name:  The capital city of Zimbabwe is Harare."
"Create a list of five questions to ask the CEO in the upcoming meeting

Input:
Upcoming meeting with CEO","Create a list of five questions to ask the CEO in the upcoming meeting.
Step 1: <mask:10>.
Step 2: <mask:12>.
Step 3: <mask:14>.
Step 4: <mask:16>.
Step 5: <mask:18>.","
Step 1: 
Ask the CEO about the company's financial performance.
Step 2: 
Ask the CEO about the company's recent projects and initiatives.
Step 3: 
Ask the CEO about the company's key personnel and their respective roles.
Step 4: 
Ask the CEO about the company's current challenges and how they are being addressed.
Step 5: 
Ask the CEO about the company's future plans and how they plan to achieve their goals."
Pick one random activity that a person can do when they are feeling overwhelmed.,"Pick one random activity that a person can do when they are feeling overwhelmed.
Activity options: Meditation, Taking a walk, Listening to music, Reading a book.
Reasoning clue: <mask:10>.","
Activity options: Meditation, Taking a walk, Listening to music, Reading a book.
Reasoning clue:  This activity can help calm the mind and reduce stress."
Describe the reaction of a person receiving a surprise gift.,"Describe the reaction of a person receiving a surprise gift.
Scenario: A friend unexpectedly gives a book to someone who loves reading.
Emotion shown: <mask:8>.
Body language: <mask:10>.
Thoughts expressed: <mask:12>.","
Scenario: A friend unexpectedly gives a book to someone who loves reading.
Emotion shown:  Surprise, delight, gratitude, and happiness.
Body language:  Raised eyebrows, wide eyes, and a warm smile.
Thoughts expressed:  Excitement, joy, and appreciation for the thoughtful gesture."
Describe the most used transportation device in Egypt,"Describe the most used transportation device in Egypt.
Country: Egypt.
Transportation mode: <mask:10>.
Usage context: <mask:14>.","
Country: Egypt.
Transportation mode: 
Car, motorcycle, bus, train, bicycle.
Usage context: 
Personal transportation, commercial transportation, public transportation, rural transportation, tourism."
Explain the difference between a perpetual and perpetual calendar,"Explain the difference between a perpetual and perpetual calendar.
Perpetual calendar: A type of calendar that <mask:10>.
Perpetual calendar feature: <mask:12>.
Difference: While a standard calendar <mask:16>, a perpetual calendar <mask:20>.",".
Perpetual calendar: A type of calendar that 
can be used for an indefinite period of time.
Perpetual calendar feature: 
A calendar that includes features 
of a perpetual calendar.
Difference: While a standard calendar 
has a fixed number of days and months, 
with a fixed year, a perpetual calendar 
has a variable number of days and months, 
with a year that can vary in length."
"Design a quiz game about the given topic.

Input:
American football","Design a quiz game about American football.
Game theme: <mask:12>.
Number of questions: <mask:4>.
Question 1: What is the official ball used in American football called? <mask:8>.
Question 2: How many downs does a team have to gain 10 yards? <mask:8>."," American football.
Game theme: 100 Things You Probably Didn't Know About American Football.
Number of questions: 100 questions.
Question 1: What is the official ball used in American football called? 
Answer 1: An American football.
Question 2: How many downs does a team have to gain 10 yards? 
Answer 2: 4 downs."
Name three species of animals that are found in the Sahara Desert.,"Name three species of animals that are found in the Sahara Desert.
Species 1: <mask:10>.
Species 2: <mask:10>.
Species 3: <mask:10>.","
Species 1: 
A species of animal found in the Sahara Desert.
Species 2: 
A species of animal found in the Sahara Desert.
Species 3: 
A species of animal found in the Sahara Desert."
"Select the word that has the same meaning as the bolded word.

Input:
He is a staunch supporter of the cause.

(A) enthusiastic   (B) strident   (C) vehement   (D) noisy","Select the word that has the same meaning as the bolded word.
Sentence: He is a staunch supporter of the cause.
Staunch synonym: <mask:8>.
Options: (A) enthusiastic   (B) strident   (C) vehement   (D) noisy","Sentence: He is a staunch supporter of the cause.
Staunch synonym: 
He is a supporter of the cause.
Options: (A) enthusiastic   (B) strident   (C) vehement   (D) noisy"
"Generate a title for a social media post.

Input:
Content: Reflection on the current state of the environment","Generate a title for a social media post.
Content: Reflection on the current state of the environment
Title idea: <mask:12>.
Word count goal: <mask:4>.",": Reflection on the current state of the environment
Title idea: 

Title style: Concise, informative, and engaging.
Word count goal: 5-7 words."
Create a weather report in the current region.,"Create a weather report in the current region.
Region: <mask:10>.
High temperature today: <mask:8>.
Low temperature today: <mask:8>.
Weather conditions tonight: <mask:12>.","
Region: 40°N, 74°W.
High temperature today: 25°C / 77°F.
Low temperature today: 18°C / 64°F.
Weather conditions tonight: 22°C / 72°F, with light clouds."
"Since there are several existing databases available online, what factors should be taken into account when selecting the right one?","Since there are several existing databases available online, what factors should be taken into account when selecting the right one?
Considerations:
1. <mask:10>
2. <mask:12>
3. <mask:15>
4. <mask:18>","
Considerations:
1.  Does the database contain the specific information you need?
2.  Is the database up-to-date and contains the latest information?
3.  Is the database easy to use and does it have a user-friendly interface?
4.  Does the database have a reliable source of information and is it maintained by a reputable organization?"
What is the significance of the day May 5th?,"What is the significance of the day May 5th?
Historical event: <mask:10>.
Cultural celebration: <mask:12>.
Significance in different cultures: <mask:15>.","
Historical event: 
Describe a historical event on May 5th.
Cultural celebration: 
Describe a cultural celebration that occurs on May 5th.
Significance in different cultures: 
Provide an overview of the significance of May 5th in different cultures."
Construct an SQL query to retrieve the customer identification and first name of customers who are younger than 30.,"Construct an SQL query to retrieve the customer identification and first name of customers who are younger than 30.
Query goal: Retrieve customer ID and first name.
Condition: Customers younger than <mask:12>.
Table involved: <mask:4>.
Query: <mask:20>.","
Query goal: Retrieve customer ID and first name.
Condition: Customers younger than 30.
Columns involved: customer_id, first_name.
Table involved:  age, customer_table.
Query: 
SELECT customer_id, first_name 
FROM customer_table 
WHERE age < 30."
What is the most potent psychoactive chemical in marijuana?,"What is the most potent psychoactive chemical in marijuana?
Chemical class: <mask:10>.
Common name: <mask:8>.
Mechanism of action: <mask:16>.","
Chemical class:  cannabinoid.
Chemical name:  THC.
Common name:  Δ9-Tetrahydrocannabinol.
Mechanism of action:  binds to cannabinoid receptors in the brain, leading to changes in perception and mood."
"Explain the meaning of the expression ""to cross the Rubicon"".","Explain the meaning of the expression ""to cross the Rubicon"".
Historical context: Julius Caesar made a decision that could not be reversed when he <mask:7>.
Idiom meaning: <mask:10>.","
Historical context: Julius Caesar made a decision that could not be reversed when he  led his army across the Rubicon.
Idiom meaning:  To make a bold decision that can't be undone."
"Let's create a story! Start with ""Once upon a time"".","Let's create a story!
Start with: ""Once upon a time"".
Character name: <mask:12>.
Setting: <mask:16>.
Plot twist: <mask:20>.","
Start with: ""Once upon a time"".
Character name:  Lily.
Character description:  A curious and adventurous girl.
Setting:  A small village surrounded by dense forests.
Time:  A sunny autumn afternoon.
Plot twist:  Lily discovers a hidden path in the forest that leads to a magical world filled with strange creatures and wonders."
Explain why the US has a two-party system.,"Explain why the US has a two-party system.
Factors influencing the system: <mask:12>.
Key historical events: <mask:10>.
Modern implications: <mask:16>.","
Factors influencing the system: 1. Historical context, 2. Social and economic factors.
Key historical events: 1. American Revolution, 2. Civil War.
Modern implications: 1. Political representation and policy-making, 2. Public opinion and voter behavior."
Multiply 874 by 114 and round the result to the nearest integer.,"Multiply 874 by 114 and round the result to the nearest integer.
First number: 874
Second number: 114
Product before rounding: <mask:12>
Rounded product: <mask:4>","
First number: 874
Second number: 114
Product before rounding: 98556
Rounding to the nearest integer
Rounded product: 9856"
Research and list 5 popular smartphone apps,"Research and list 5 popular smartphone apps.
Category 1: Productivity apps: <mask:8>.
Category 2: Entertainment apps: <mask:10>.
Category 3: Social media apps: <mask:12>.",".
Category 1: Productivity apps: 1, 2, and 3.
Category 2: Entertainment apps: 4, 5, 6, 7.
Category 3: Social media apps: 8, 9, 10, 11."
What is the average airline ticket price from Los Angeles to San Francisco?,"What is the average airline ticket price from Los Angeles to San Francisco?
Query: From Los Angeles to San Francisco.
Price range: <mask:10>.
Currency: <mask:4>.","
Query: From Los Angeles to San Francisco.
Price range:  $500 to $1000.
Currency:  U.S. dollars."
Generate an opening sentence for a story about a 13 year old living in a mountain cabin.,"Generate an opening sentence for a story about a 13-year-old living in a mountain cabin.
Character name: <mask:10>.
Setting detail: <mask:12>.
Initial challenge: <mask:15>."," cabin.
Character name:  Lily.
Age: 13 years old.
Setting detail:  Lily lives in a small, isolated cabin high in the mountains.
Initial challenge:  Lily is struggling to find her place in the world and feels like an outsider."
Generate a process for reducing water waste,"Generate a process for reducing water waste.
Step 1: Identify areas of high water usage.
Step 2: Implement <mask:10> in residential areas.
Step 3: Educate the public on <mask:12> practices.
Step 4: Monitor and adjust strategies based on <mask:14>.",".
Step 1: Identify areas of high water usage.
Step 2: Implement  water-saving measures such as low-flow faucets and toilets in residential areas.
Step 3: Educate the public on  the importance of reducing water waste and how to implement water-saving practices.
Step 4: Monitor and adjust strategies based on  feedback and data to ensure that the measures are effective in reducing water waste."
"Compare the given parts and identify the one with the highest performance.

Input:
NVIDIA GeForce RTX 2060 Super vs NVIDIA GeForce RTX 2070","Compare the given parts and identify the one with the highest performance.
Graphics Card 1: NVIDIA GeForce RTX 2060 Super
Graphics Card 2: NVIDIA GeForce RTX 2070
Performance metric: <mask:8>
Highest performing card: <mask:4>","2060 Super
Graphics Card 2: NVIDIA GeForce RTX 2070
Performance metric: 1080p gaming performance

Highest performing card:  Graphics Card 2"
"Generate a closing paragraph for the following argument.

Input:
I believe that discrimination on the basis of gender, race, and sexuality still exists in our society. We have made a lot of progress, but there is still much to be done to ensure equal rights for everyone.","Generate a closing paragraph for the following argument.
Argument:
I believe that discrimination on the basis of gender, race, and sexuality still exists in our society. We have made a lot of progress, but there is still much to be done to ensure equal rights for everyone.
Closing thoughts: <mask:16>.
Call to action: <mask:12>.","Argument:
I believe that discrimination on the basis of gender, race, and sexuality still exists in our society. We have made a lot of progress, but there is still much to be done to ensure equal rights for everyone.
Closing thoughts: 
It is important to continue to fight against discrimination and ensure equal rights for all.
Call to action: 
We must continue to work towards equality and justice for all."
"Create a program that sorts a list of numbers by smallest to largest using the insertion sort algorithm.

Input:
4, 2, 5, 1, 6","Create a program that sorts a list of numbers by smallest to largest using the insertion sort algorithm.
Input: 4, 2, 5, 1, 6
Step 1: Initialize the sorted array with the first element: <mask:5>.
Step 2: Iterate through the unsorted part of the list starting from the second element.
Step 3: For each element, compare it with the elements in the sorted part of the array: <mask:10>.
Step 4: If the current element is smaller, shift the larger elements to the right: <mask:12>.
Step 5: Insert the current element into its correct position in the sorted part: <mask:8>.","Input: 4, 2, 5, 1, 6
Step 1: Initialize the sorted array with the first element: 1 in the first position.
Step 2: Iterate through the unsorted part of the list starting from the second element.
Step 3: For each element, compare it with the elements in the sorted part of the array: 2, 4, 5, 6.
Step 4: If the current element is smaller, shift the larger elements to the right: 1, 2, _, 4, _, 5.
Step 5: Insert the current element into its correct position in the sorted part: 1, 2, _, 4."
"Predict the outcome of a game of chess given the following board.

Input:
Image of a chess board","Predict the outcome of a game of chess given the following board.
Board position:
1. <mask:4>
2. <mask:4>
3. <mask:4>
4. <mask:4>
5. <mask:4>
6. <mask:4>
7. <mask:4>
8. <mask:4>
Outcome prediction: <mask:8>.",":
1. 1. e4
2. 2. e5
3. 3. e6
4. 4. e7
5. 5. e8
6. 6. e7
7. 7. e8
8. 8. e7
Outcome prediction: 
The game will end in a draw."
Analyze the impact of technology in the workplace.,"Analyze the impact of technology in the workplace.
Step 1: Identify key technological advancements.
Step 2: List industries most affected by these technologies (<mask:8>).
Step 3: Discuss positive impacts on productivity (<mask:12>).
Step 4: Address potential negative consequences on job roles (<mask:16>).","
Step 1: Identify key technological advancements.
Step 2: List industries most affected by these technologies (e.g., manufacturing, healthcare, finance).
Step 3: Discuss positive impacts on productivity (e.g., increased efficiency, data analysis, improved decision-making).
Step 4: Address potential negative consequences on job roles (e.g., automation leading to job displacement, need for reskilling of workers)."
Name a famous celebrity who is in the movie industry,"Name a famous celebrity who is in the movie industry.
Category: Entertainment.
Famous celebrity: <mask:8>.
Movie industry affiliation: <mask:12>.","
Category: Entertainment.
Famous celebrity: 
Please provide the name of the celebrity.
Movie industry affiliation: 
Please, confirm that the celebrity is in the movie industry."
Which is the most popular programming language as of 2021?,"Which is the most popular programming language as of 2021?
Poll results show it's either Python, Java, or <mask:12>.
Based on recent trends, the winner is <mask:4>.","
Poll results show it's either Python, Java, or  C++.

I'm going to give you the answer.
Based on recent trends, the winner is 

...Python."
"Design a unique logo for a pet store using the provided name.

Input:
Pet Paradise","Design a unique logo for a pet store using the provided name.
Store Name: Pet Paradise
Concept idea: <mask:12>.
Color scheme: <mask:8>.
Logo elements: <mask:16>."," Name: Pet Paradise
Concept idea: 
A playful and whimsical logo that represents the joy of pets.
Color scheme: 
Soft blues, greens, and whites.
Logo elements: 
A stylized image of a pet or a leaf, with a playful font."
Generate a list of activities that you can do to boost your energy.,"Generate a list of activities to boost energy.
Physical activities: <mask:12>.
Mental activities: <mask:12>.
Nutrition tips: <mask:16>."," to boost energy.
Physical activities: 
Walking, jogging, cycling, swimming, yoga, dancing.
Mental activities: 
Meditation, mindfulness, reading, puzzles, brain games.
Nutrition tips: 
Eat a balanced diet, drink plenty of water, avoid excessive caffeine and sugar."
"Fill in the blank.

The newspaper reported that the policy would have __ consequences.","Fill in the blank.
Sentence: The newspaper reported that the policy would have <mask:12> consequences.","Sentence: The newspaper reported that the policy would have  _______ effects on the economy, with both positive and negative consequences."
"Generate a rap verse that includes the keywords ""boom boom boom""","Generate a rap verse that includes the keywords ""boom boom boom"".
Verse structure:
1. Intro: <mask:8>
2. Line 1: <mask:12>
3. Line 2: <mask:12>
4. Line 3: <mask:12>
5. Line 4: <mask:12>
6. Outro: <mask:8>",""".
Verse structure:
1. Intro: 1x ""boom boom boom""
2. Line 1: 5 words, 1x ""boom boom boom""
3. Line 2: 5 words, 1x ""boom boom boom""
4. Line 3: 5 words, 1x ""boom boom boom""
5. Line 4: 5 words, 1x ""boom boom boom""
6. Outro: 1x ""boom boom boom"""
"Classify the following movies by genre.

Input:
The Godfather, Forrest Gump","Classify the following movies by genre.
Movies: The Godfather, Forrest Gump
Genre 1: <mask:10>.
Genre 2: <mask:10>.","Movies: The Godfather, Forrest Gump
Genre 1: 
The Godfather: Crime, Crime, Drama.
Genre 2: 
Forrest Gump: Drama,Romance."
"Create two social media posts that emphasize the features of the given product.

Input:
Portable Power Bank","Create two social media posts that emphasize the features of the given product.
Product: Portable Power Bank
Post 1 headline: <mask:10>
Post 1 body: <mask:24>
Post 2 headline: <mask:10>
Post 2 body: <mask:24>","Product: Portable Power Bank
Post 1 headline: 
""Stay Connected, No Matter What""

Post 1 body: 
Our portable power bank is designed to keep your devices powered up, even when you're out on the go.

Post 2 headline: 
""Power Up, Anytime, Anywhere""

Post 2 body: 
Our portable power bank is easy to carry and easy to use, so you can stay powered up wherever you are."
"Take the following list and sort it in ascending order.

Input:
[128, 2, 5, 9, 23]","Take the following list and sort it in ascending order.
Input: [128, 2, 5, 9, 23]
First number: <mask:7>.
Second number: <mask:8>.
Third number: <mask:9>.
Fourth number: <mask:10>.
Fifth number: <mask:11>.","Input: [128, 2, 5, 9, 23]
First number: 2, smallest number: 2.
Second number: 5, second smallest number: 5.
Third number: 9,  third smallest number: 9.
Fourth number: 23, fourth smallest number: 23.
Fifth number: 128, largest number: 128."
"Generate a mnemonic for remembering this list of items.

Input:
red, blue, green, yellow","Generate a mnemonic for remembering this list of items.
Items: red, blue, green, yellow
Mnemonic clue: <mask:10>."," red, blue, green, yellow
Mnemonic clue: 

Hint: Remember the colors of the rainbow."
Suggest a diet plan that is both healthy and affordable.,"Suggest a diet plan that is both healthy and affordable.
Objective: Create a meal plan for one week.
Breakfast options: <mask:10>.
Lunch options: <mask:10>.
Dinner options: <mask:12>.
Snack options: <mask:8>.","
Objective: Create a meal plan for one week.
Breakfast options:  oatmeal, eggs, toast, fruits, and yogurt.
Lunch options:  salads, chicken, fish, tofu, and vegetables.
Dinner options:  chicken, fish, tofu, rice, pasta, and vegetables.
Snack options:  fruits, nuts, yogurt, and vegetables."
List five safari animals,"List five safari animals
Category 1: <mask:8>
Category 2: <mask:8>
Category 3: <mask:8>","
Category 1: 
- Lion 
- Elephant 
Category 2: 
- Giraffe
- Rhino 
Category 3: 
- Leopard 
- Zebra"
"This is an editing task. Identify the mistakes in the given sentence and edit it

Input:
She cutted the apples into small slices","This is an editing task. Identify the mistakes in the given sentence and edit it.
Original: She cutted the apples into small slices.
Subject: <mask:8>.
Verb: <mask:12>.
Corrected sentence: <mask:20>.","Original: She cutted the apples into small slices.
Subject:  She.
Object:  the apples.
Verb:  cutted.
Preposition phrase:  into small slices.
Corrected sentence:  She cut the apples into small slices.
Corrected sentence: She cut the apples into small slices."
"Find the associated cost of the product in the text.

Input:
The Apple iPad Pro has an 11-inch Liquid Retina is available for purchase for $799 and the 12.9-inch model isavailable for $999 and up.","Find the associated cost of the product in the text.
Product: Apple iPad Pro
Sizes: 11-inch, 12.9-inch
Price for 11-inch: <mask:8>
Price range for 12.9-inch: <mask:12>",": Apple iPad Pro
Sizes: 11-inch, 12.9-inch
Price for 11-inch: 1,099.99
Price range for 12.9-inch: 1,299 - 1,499"
Analyze the correlation between economic growth and unemployment.,"Analyze the correlation between economic growth and unemployment.
Economic data sources: <mask:10>.
Key findings: <mask:12>.
Conclusion: <mask:15>.","
Economic data sources: 
World Bank, International Monetary Fund, United Nations.
Key findings: 
There is a strong negative correlation between economic growth and unemployment.
Conclusion: 
As economic growth increases, unemployment rates tend to decrease, and vice versa."
"Summarize the article titled ""How to Free Up Disk Space on Windows 10""

Input:
https://www.howtogeek.com/125923/7-ways-to-free-up-hard-disk-space-on-windows-10/","Summarize the article titled ""How to Free Up Disk Space on Windows 10"".
Article title: How to Free Up Hard Disk Space on Windows 10
Summary length: <mask:8> sentences.
Main points: <mask:12>.","Article title: How to Free Up Hard Disk Space on Windows 10
Summary length: 100 words, 3 short sentences.
Main points: 1. Delete unnecessary files, 2. , 3."
"Create a word cloud consisting of the six most important words from the essay.

Input:
The essay is about the importance of technology in our modern lives.","Create a word cloud consisting of the six most important words from the essay.
Essay topic: The importance of technology in our modern lives.
Important words: <mask:10>, <mask:10>, <mask:10>, <mask:10>, <mask:10>, <mask:10>."," topic: The importance of technology in our modern lives.
Important words: 
1. Technology, 
2. Modern, 
3. Lives, 
4. Importance, 
5. Impact, 
6. Convenience, 
7. Communication, 
8. Education, 
9. Healthcare, 10. Productivity, 11. Entertainment, 12. Innovation."
Give three examples of terms related to quantum mechanics,"Give three examples of terms related to quantum mechanics.
Term 1: <mask:8>
Term 2: <mask:10>
Term 3: <mask:12>",".
Term 1: 

Example: Wave-particle duality

Term 2: 

Example: Heisenberg Uncertainty Principle

Term 3: 

Example: Quantum Electrodynamics (QED)"
Which is a bigger number: 9 or 10?,"Which is a bigger number: 9 or 10?
Number 1: <mask:5>.
Number 2: <mask:7>.
Comparison: <mask:10>.","
Number 1: 9 is a whole number.
Number 2: 10 is also a whole number.
Comparison: 10 is a bigger number compared to 9."
"Divide the given text into 3 equal parts.

Input:
Social media has become an integral part of our lives, with more and more people using it to keep in touch, stay up to date, and connect with others.","Divide the given text into 3 equal parts.
Text: Social media has become an integral part of our lives, with more and more people using it to keep in touch, stay up to date, and connect with others.
Part 1: <mask:12>
Part 2: <mask:16>
Part 3: <mask:20>",": Social media has become an integral part of our lives, with more and more people using it to keep in touch, stay up to date, and connect with others.
Part 1: 
Social media has become an integral part of our lives

Part 2: 
with more and more people using it to keep in touch, stay 

Part 3: 
more people using it to keep in touch, stay up to date, and connect with others."
Create a rule for effective communication.,"Create a rule for effective communication.
Step 1: Identify the key components of clear communication.
Step 2: Formulate a concise rule based on these components.
Rule: <mask:10>.","
Step 1: Identify the key components of clear communication.
Step 2: Formulate a concise rule based on these components.
Rule: 
Step 3: Provide examples of effective communication."
Introduce yourself with a professional elevator pitch.,"Introduce yourself with a professional elevator pitch.
Name: <mask:8>.
Role: <mask:10>.
Company: <mask:14>.
Key achievement: <mask:20>.","
Name: 
My name is Dr. Emily Johnson.
Role: 
I am a Data Scientist specializing in Machine Learning.
Company: 
I work at Tech Solutions, a leading provider of innovative technology solutions.
Key achievement: 
I have developed a machine learning model that improved customer satisfaction by 20% within six months."
Compare and contrast prokaryotic and eukaryotic cells.,"Compare and contrast prokaryotic and eukaryotic cells.
Prokaryotic cells: <mask:8>.
Key differences: <mask:12>.
Eukaryotic cells: <mask:10>.","
Prokaryotic cells: 
Prokaryotic cells are simple.
Key differences: 
Prokaryotic cells have no membrane-bound organelles.
Eukaryotic cells: 
Eukaryotic cells have membrane-bound organelles."
Describe how one might go about creating a customer satisfaction survey.,"Describe how one might go about creating a customer satisfaction survey.
Step 1: Define the survey's <mask:10>.
Step 2: Identify key <mask:8> to include.
Step 3: Determine the survey's <mask:12>.
Step 4: Choose the appropriate <mask:10> for distribution.","
Step 1: Define the survey's 
purpose and determine what information you want to gather.
Step 2: Identify key 
areas of customer satisfaction and what questions to include.
Step 3: Determine the survey's 
format and make sure it is clear and easy to understand.
Step 4: Choose the appropriate 
method for distributing the survey and establish a timeline for distribution."
Explain the difference between a linear and a nonlinear equation.,"Explain the difference between a linear and a nonlinear equation.
Linear equation example: y = mx + b
Nonlinear equation example: y = ax^2 + bx + c
Key difference: <mask:10>.
Mathematical property of linear equations: <mask:8>.
Mathematical property of nonlinear equations: <mask:12>.","
Linear equation example: y = mx + b
Nonlinear equation example: y = ax^2 + bx + c
Key difference: 
Linear equations are straight while nonlinear equations are curved.
Mathematical property of linear equations: 
Linear equations have a constant slope m.
Mathematical property of nonlinear equations: 
Nonlinear equations have a slope that is not a constant."
Find and explain an example of a false assumption.,"Find and explain an example of a false assumption.
Example scenario: <mask:10>.
False assumption: <mask:8>.
Explanation: <mask:14>.","
Example scenario: 
A person is described as wearing a blue shirt.
False assumption: 
The person is wearing a red shirt.
Explanation: 
The false assumption is that the person is actually wearing a blue shirt."
Analyze how the scientific method can be used to solve difficult problems.,"Analyze how the scientific method can be used to solve difficult problems.
Step 1: Identify the problem to be solved.
Step 2: <mask:10>.
Step 3: Formulate a hypothesis.
Step 4: <mask:14>.
Step 5: Analyze the results and draw conclusions.
Step 6: Communicate findings and repeat if necessary.","
Step 1: Identify the problem to be solved.
Step 2:  Gather information and review existing knowledge related to the problem.
Step 3: Formulate a hypothesis.
Step 4:  Design and conduct an experiment to gather evidence to support or reject the hypothesis.
Step 5: Analyze the results and draw conclusions.
Step 6: Communicate findings and repeat if necessary."
Make a list of five precautions for travelling during the COVID-19 pandemic.,"Make a list of five precautions for travelling during the COVID-19 pandemic.
Precaution 1: <mask:12>
Precaution 2: <mask:12>
Precaution 3: <mask:12>
Precaution 4: <mask:12>
Precaution 5: <mask:12>","
Precaution 1:  Wash hands frequently with soap and water or use hand sanitizer.
Precaution 2:  Wear a mask at all times, especially in crowded areas.
Precaution 3:  Practice social distancing by maintaining 6 feet distance from others.
Precaution 4:  Avoid touching your face, especially eyes, nose and mouth.
Precaution 5:  Stay informed about travel advisories and restrictions for your destination."
"Identify which programming language the following code is written in.

Input:
for(int i = 0; i < 10; i++)
{
  System.out.println(""Hello World!"");
}","Identify which programming language the following code is written in.
Code snippet:
```for(int i = 0; i < 10; i++)
{
  System.out.println(""Hello World!"");
}```
Language clue: <mask:12>.",":
```for(int i = 0; i < 10; i++)
{
  System.out.println(""Hello World!"");
}```
Language clue: 
The code snippet is written in a object-oriented programming language."
Make a list of popular phones released in 2019.,"Make a list of popular phones released in 2019.
Top brand: <mask:8>.
Key feature: <mask:12>.
Price range: <mask:12>.","
Top brand:  Apple, Samsung, Huawei, and Xiaomi.
Key feature: 5G support, high-quality camera, and long battery life.
Price range: 1,000 - 3,000."
Name five principles of sustainable development.,"Name five principles of sustainable development.
Principle 1: <mask:10>.
Principle 2: <mask:12>.
Principle 3: <mask:14>.
Principle 4: <mask:16>.
Principle 5: <mask:18>.","
Principle 1:  Sustainable development integrates economic, social, and environmental sustainability.
Principle 2:  Sustainable development promotes economic growth, social equity, and environmental protection.
Principle 3:  Sustainable development aims to balance economic growth, social equity, and environmental protection.
Principle 4:  Sustainable development recognizes the interdependence of economic growth, social equity, and environmental protection.
Principle 5:  Sustainable development focuses on the long-term sustainability of economic growth, social equity, and environmental protection."
Which US state has the second smallest population?,"Which US state has the second smallest population?
List of states (in no particular order): California, Texas, Florida, New York, Pennsylvania, Ohio, Georgia, North Carolina, Michigan, Illinois, Pennsylvania, Massachusetts, Tennessee, Indiana, Louisiana, Missouri, Arizona, Alabama, Oregon, Kansas, Colorado
Second smallest population state: <mask:10>.","
List of states (in no particular order): California, Texas, Florida, New York, Pennsylvania, Ohio, Georgia, North Carolina, Michigan, Illinois, Pennsylvania, Massachusetts, Tennessee, Indiana, Louisiana, Missouri, Arizona, Alabama, Oregon, Kansas, Colorado
Second smallest population state: 
The state with the second smallest population is Kansas."
"Rewrite a sentence to take out its negative tone.

Input:
It is impossible to make money online.","Rewrite the sentence to remove its negative tone.
Original: It is impossible to make money online.
Opinion word: <mask:8>.
Rephrased sentence: <mask:16>."," to remove its negative tone.
Original: It is impossible to make money online.
Opinion word:  impossible
Neutral word:  possible.
Rephrased sentence:  It is possible to make money online.

You can potentially make money online."
"Given a number, add 3 to it

Input:
5","Given a number, add 3 to it.
Input: 5
Modified number: <mask:5>."," 5
Modified number: 5+3=8."
Evaluate the performance of a conversational AI assistant.,"Evaluate the performance of a conversational AI assistant.
Scenario: A customer is trying to book a flight.
Customer query: Can you help me find a flight from New York to Los Angeles on the <mask:3> of June?
AI response: I can assist with that. Let's proceed step-by-step. First, we need to specify your preferred date. Could it be the <mask:4> of June?
Feedback criteria: <mask:12>.","
Scenario: A customer is trying to book a flight.
Customer query: Can you help me find a flight from New York to Los Angeles on the 15th of June?
AI response: I can assist with that. Let's proceed step-by-step. First, we need to specify your preferred date. Could it be the 15th day of June?
Feedback criteria:  clarity, accuracy, responsiveness, helpfulness, and user experience."
Describe an example of ocean acidification.,"Describe an example of ocean acidification.
Explanation: Ocean acidification occurs when <mask:8> in the atmosphere mixes with seawater, leading to <mask:10>. 
Example scenario: In a particular region, the pH level of the ocean has decreased due to <mask:12>, affecting local marine life.","
Explanation: Ocean acidification occurs when 
the carbon dioxide (CO2) in the atmosphere mixes with seawater, leading to 
a decrease in the pH level of the ocean. 
Example scenario: In a particular region, the pH level of the ocean has decreased due to 
the absorption of CO2 from the atmosphere by the ocean, affecting local marine life."
Generate names for the seasons that can be used in a fantasy world setting.,"Generate names for the seasons that can be used in a fantasy world setting.
Season 1 name: <mask:10>.
Season 2 name: <mask:10>.
Season 3 name: <mask:10>.
Season 4 name: <mask:10>.","
Season 1 name: 
Season 1 name: Spring of the Dawn.
Season 2 name: 
Season 2 name: Summer of the Flame.
Season 3 name: 
Season 3 name: Autumn of the Harvest.
Season 4 name: 
Season 4 name: Winter of the Frost."
"Create a signature line for the following email.

Input:
Hi,

My name is John Smith and I'm a software developer.","Create a signature line for the following email.
Name: John Smith
Profession: <mask:8>.
Contact information: <mask:12>.
Signature line: <mask:16>.","Name: John Smith
Profession:  Software Engineer
Company: Tech Solutions Inc.
Contact information: 123456, john.smith@example.com.
Signature line: 

John Smith 
Software Engineer
[Date]
Tech Solutions Inc."
Explain why the Moon rotates.,"Explain why the Moon rotates.
Scientific phenomenon: <mask:8>.
Explanation: <mask:16>.","
Scientific phenomenon: 
The Moon rotates on its own axis.
Explanation: 
The Moon rotates on its own axis due to the gravitational pull of the Earth."
"For the given sentence, rewrite it in a negative form.

Input:
She nodded her head.","For the given sentence, rewrite it in a negative form.
Original: She nodded her head.
Subject: <mask:5>.
Negative verb phrase: <mask:8>.
Final sentence: <mask:12>.","Original: She nodded her head.
Subject: 
She nodded her head.
Negative verb phrase: 

She did not nod her head.
Final sentence: 

Negative verb phrase: She did not nod her head."
"Rank these books from most interesting to least interesting.

Input:
Alice in Wonderland, Jane Eyre, The Lord of the Rings","Rank these books from most interesting to least interesting.
Books: Alice in Wonderland, Jane Eyre, The Lord of the Rings
Reasoning clues: 
1. <mask:8>
2. <mask:10>
3. <mask:12>","Books: Alice in Wonderland, Jane Eyre, The Lord of the Rings
Reasoning clues: 
1.  Alice in Wonderland - whimsical and imaginative story
2.  Jane Eyre - classic romance with strong female protagonist
3.  The Lord of the Rings - epic fantasy with detailed world-building"
"Rewrite the following statement into a statement of possibility

Input:
She might go on a vacation","Rewrite the statement into a statement of possibility.
Input: She might go on a vacation
Original: She <mask:5> go on a vacation.
Possible verb phrase: <mask:8>."," into a statement of possibility.
Input: She might go on a vacation
Original: She 

is likely to go on a vacation.
Possible verb phrase: 

She might go on a vacation."
How would you explain the concept of Machine Learning to someone who knows nothing about it.,"How would you explain the concept of Machine Learning to someone who knows nothing about it?
Explain in simple terms: <mask:10>.
Key points: <mask:12>.
An example scenario: <mask:16>.","?
Explain in simple terms: 
Machine Learning is about making computers learn from experience.
Key points: 
Machine Learning involves computers.
They can learn from experience.
An example scenario: 
A computer can learn to recognize a cat by looking at many pictures of cats."
"Rearrange the following half-sentences to form a logical sentence.

Input:
The latest polls showed that  \  she will be re-elected","Rearrange the following half-sentences to form a logical sentence.
Half-sentence 1: The latest polls showed that \ 
Half-sentence 2: she will be re-elected
Logical sentence: <mask:15>.","Half-sentence 1: The latest polls showed that \ 
Half-sentence 2: she will be re-elected
Logical sentence: 

Logical sentence: The latest polls showed that she will be re-elected."
"Write code to sort a list of integers in descending order.

Input:
[7, 9, 5, 4, 6]","Write code to sort a list of integers in descending order.
Input: [7, 9, 5, 4, 6]
Sorting algorithm: <mask:8>.
Variable to store sorted list: <mask:4>.
Final sorted list: <mask:12>.","Input: [7, 9, 5, 4, 6]
Sorting algorithm: 
- Use the built-in sort function.
Variable to store sorted list: 
- sorted_list.
Final sorted list: 
- sorted_list should contain the integers sorted in descending order."
Write a set of instructions for logging into a website.,"Write a set of instructions for logging into a website.
Step 1: Open your preferred web browser.
Step 2: Enter the website's URL in the address bar and press <mask:10>.
Step 3: On the login page, enter your <mask:6> and <mask:7>.
Step 4: Click the ""Log In"" button to access your account.","
Step 1: Open your preferred web browser.
Step 2: Enter the website's URL in the address bar and press  ""Enter"" or click the ""Go"" button.
Step 3: On the login page, enter your  ""username/email address"" and  ""password"" in the respective fields.
Step 4: Click the ""Log In"" button to access your account."
Create a couplet about the joy of being together,"Create a couplet about the joy of being together.
Line 1: Amidst nature's <mask:8>, our hearts entwine.
Line 2: Laughter dances through the air, as <mask:10> align.",".
Line 1: Amidst nature's 
Line 3: Soothing embrace, our hearts entwine.
Line 2: Laughter dances through the air, as 
Line 4: In unity, our spirits align."
"Assemble this cabinet following the instructions provided below.

Input:
![Cabinet](https://i.etsystatic.com/11764299/r/il/b9a7e5/1463799956/il_fullxfull.1463799956_sg1v.jpg)","Assemble this cabinet following the instructions provided below.
Step 1: Lay out all the parts on a flat surface. Count the number of screws - <mask:8>.
Step 2: Attach the sides to the top and bottom pieces. Ensure they are aligned - <mask:12>.
Step 3: Install the doors onto the cabinet frame. Double-check the hinges - <mask:10>.
Final assembly check: Make sure all parts are securely fastened - <mask:14>.","Step 1: Lay out all the parts on a flat surface. Count the number of screws - 12 screws and 4 door screws.
Step 2: Attach the sides to the top and bottom pieces. Ensure they are aligned - 4 screws for each side, 12 screws in total.
Step 3: Install the doors onto the cabinet frame. Double-check the hinges - 2 screws for each door, 4 screws total.
Final assembly check: Make sure all parts are securely fastened - 12 screws for sides and 4 screws for doors should be used."
"Rearrange the following words to form a complete sentence
work, we, much, have, must","Rearrange the following words to form a complete sentence.
We <mask:4> must <mask:8>.",".
We  go  now  must  to  the  park 

."
"Analyze the given sentence and explain the context in which the sentence could be applicable

Input:
""The sky is the limit""","Analyze the given sentence and explain the context in which the sentence could be applicable.
Sentence: ""The sky is the limit""
Context clue: <mask:10>.
Applicability example: <mask:14>."," is the limit""
Context clue: 
The sentence is used to express enthusiasm or encouragement.
Applicability example: 
The sentence could be used to encourage someone to pursue their dreams wholeheartedly."
Identify three benefits of using a content management system (CMS).,"Identify three benefits of using a content management system (CMS).
Benefit 1: <mask:12>
Benefit 2: <mask:16>
Benefit 3: <mask:20>","
Benefit 1:  A CMS allows for easy updates and modifications of website content.
Benefit 2:  A CMS can help improve website performance by optimizing website code and reducing load times.
Benefit 3:  A CMS can help improve website security by providing features such as encryption, backups, and user authentication."
Describe the nutrition information for a banana.,"Describe the nutrition information for a banana.
Nutritional value per <mask:1> banana:
- Calories: <mask:3>
- Carbohydrates: <mask:5> g
- Fiber: <mask:7> g
- Protein: <mask:9> g
- Vitamin C: <mask:11>% DV","
Nutritional value per 1 banana:
- Calories: 105
- Carbohydrates: 26-28 g
- Fiber: 1.3-1.6 g
- Protein: 1 g
- Sugar: 23 g
- Vitamin C: 10% DV
- Potassium: 4% DV"
"Analyze the following literary device and provide an example.

Input:
Simile","Analyze the following literary device and provide an example.
Device: Simile
Definition: <mask:8>.
Example: <mask:12>.","Device: Simile
Definition: 
A comparison made using like or as.
Example: 
Her smile was as bright as a summer's sunny day."
"Is the following sentence structured correctly?

Input:
We went for a walk in the park and played hide and seek.","Is the following sentence structured correctly?
Sentence: We went for a walk in the park and played hide and seek.
Clause 1 subject: <mask:5>.
Clause 1 verb phrase: <mask:10>.
Clause 2 subject: <mask:15>.
Clause 2 verb phrase: <mask:20>.","Sentence: We went for a walk in the park and played hide and seek.
Clause 1 subject: 
  - We went.
Clause 1 verb phrase: 
  - went for a walk in the park.
Clause 2 subject: 
  - We played.
Coordinate conjunction: 
  - and.
Clause 2 verb phrase: 
  - played.
Clause 2 verb phrase object: 
  - hide and seek."
Explain what an embedding layer is and its purpose in Machine Learning.,"Explain what an embedding layer is and its purpose in Machine Learning.
Definition: An embedding layer maps discrete data, such as words, to <mask:10> vectors.
Purpose: It helps in capturing the semantic relationships between different elements, which can improve the performance of <mask:12> models.
Example: In natural language processing, embedding layers are used to convert text into numerical vectors, aiding in tasks like <mask:16>.","
Definition: An embedding layer maps discrete data, such as words, to 
a continuous vector space, typically represented as dense vectors.
Purpose: It helps in capturing the semantic relationships between different elements, which can improve the performance of 
Machine Learning models, particularly in neural networks and deep learning models.
Example: In natural language processing, embedding layers are used to convert text into numerical vectors, aiding in tasks like 
sentiment analysis, named entity recognition, and text summarization, among others."
Come up with three potential strategies to reduce global warming.,"Come up with three potential strategies to reduce global warming.
Strategy 1: <mask:8>.
Strategy 2: <mask:10>.
Strategy 3: <mask:12>.","
Strategy 1:  Transition from fossil fuels to renewable energy sources.
Strategy 2:  Improve energy efficiency in buildings, transportation, and industry.
Strategy 3:  Increase the number of trees and forests to absorb carbon dioxide emissions."
Describe a potential risk of using artificial intelligence.,"Describe a potential risk of using artificial intelligence.
Risk category: <mask:12>.
Brief description: <mask:16>.","
Risk category: 
Risk name: 
Risk description: 
1.
Brief description: 
2.
Detailed description: 
3.
Potential consequences or impacts."
Think of a creative way to transport a car from Denver to Texas.,"Think of a creative way to transport a car from Denver to Texas.
Transport method: <mask:12>.
Key advantage: <mask:8>.
Potential challenge: <mask:16>.","
Transport method: 
A giant hot air balloon specially designed to carry the car.
Key advantage: 
Eco-friendly and non-polluting.
Potential challenge: 
Ensuring the safety and stability of the car during the duration of the journey."
Create a character description for a protagonist named Peter,"Create a character description for a protagonist named Peter.
Physical appearance: <mask:10>.
Personality traits: <mask:12>.
Backstory hint: <mask:16>.",".
Physical appearance:  Tall, lean, with brown hair and blue eyes.
Personality traits:  Brave, determined, adventurous, and has a sense of justice.
Backstory hint:  Peter comes from a wealthy family and has a passion for adventure and exploring the world."
Compose a short sentence that is grammatically correct and contains alliteration.,"Compose a short sentence that is grammatically correct and contains alliteration.
Example sentence: The <mask:5> <mask:7> <mask:9> played <mask:11>.","
Example sentence: The  bright  blue  sun  shone  brightly  over  the  field,  and  the  children  played  fast  and  freely  in  the  park."
Generate a list of 5 adjectives that describe the taste of a cup of coffee,"Generate a list of 5 adjectives that describe the taste of a cup of coffee.
Adjective 1: <mask:5>.
Adjective 2: <mask:7>.
Adjective 3: <mask:9>.
Adjective 4: <mask:11>.
Adjective 5: <mask:13>.",".
Adjective 1: 
- Rich and aromatic.
Adjective 2: 
- Earthy and nutty.
Adjective 3: 
- Bold, with a hint of bitterness.
Adjective 4: 
- Smooth and creamy, with a touch of sweetness.
Adjective 5: 
- Smoky and roasted, with a hint of fruitiness."
Compose a story about a child who heads out on a journey.,"Compose a story about a child who heads out on a journey.
Child's name: <mask:8>.
Starting location: <mask:12>.
Reason for the journey: <mask:16>.
Main challenge faced: <mask:20>.","
Child's name:  Lily.
Age:  8.
Starting location:  A small village.
End location:  A bustling city.
Reason for the journey:  Lily wants to explore the world beyond her village and learn new things about the world.
Main challenge faced:  Lily must navigate through a busy city, deal with unfamiliar people, and make new friends along the way."
Generate an example sentence using the present perfect continuous tense.,"Generate an example sentence using the present perfect continuous tense.
Tense: <mask:12>.
Subject: <mask:4>.
Verb phrase: <mask:12>.
Sentence: <mask:20>.","
Tense: 
Present perfect continuous.
Context: 
Construction work.
Subject: 
The construction team.
Verb phrase: 
has been building.
Object: 
the bridge.
Sentence: 
The construction team has been building the bridge for the past six months and is now nearing its completion."
Generate a list of three qualities that make a successful academic.,"Generate a list of three qualities that make a successful academic.
Intellectual curiosity: <mask:8>.
Strong work ethic: <mask:10>.
Effective communication skills: <mask:14>.","
Intellectual curiosity:  the desire to learn and explore new ideas.
Strong work ethic:  the ability to work hard and consistently to achieve goals.
Effective communication skills:  the ability to clearly articulate ideas and findings in both written and verbal forms."
"Find the odd one out in the given group.

Input:
Dog, Cat, Lizard","Find the odd one out in the given group.
Animals: Dog, Cat, Lizard
Odd one out clue: <mask:8>.
Selection: <mask:4>.",": Dog, Cat, Lizard
Odd one out clue: 
The Lizard is aptile.
Selection: 
The Lizard."
"Name five flaws of a given character

Input:
Cinderella","Name five flaws of a given character.
Character: Cinderella
Flaw 1: <mask:8>
Flaw 2: <mask:10>
Flaw 3: <mask:12>
Flaw 4: <mask:14>
Flaw 5: <mask:16>","Character: Cinderella
Flaw 1:  Cinderella is often too trusting and naive.
Flaw 2:  Cinderella is often too stubborn and resistant to change.
Flaw 3:  Cinderella is often too humble and fails to recognize her worth.
Flaw 4:  Cinderella is often too passive and fails to speak up for her rights.
Flaw 5:  Cinderella is often too reliant on fate and fails to take responsibility for her actions."
Make a funny analogy comparing two unrelated things.,"Create a humorous comparison between a toaster and a unicorn.
Toaster: A toaster is like a <mask:8>, because both can turn ordinary slices of bread into something special and make your morning <mask:10>.
Unicorn: A unicorn is like a <mask:12>, because they both have a magical quality that makes people stop and admire them."," a humorous comparison between a toaster and a unicorn.
Toaster: A toaster is like a 100,000 unicorn, because both can turn ordinary slices of bread into something special and make your morning 100,000 times more enjoyable.
Unicorn: A unicorn is like a 100,000 toaster with a rainbow horn, because they both have a magical quality that makes people stop and admire them."
"Rewrite the following proverb as a question: ""A penny saved is a penny earned.""","Rewrite the following proverb as a question.
Proverb: ""A penny saved is a penny earned.""
Subject: <mask:5>.
Verb phrase: <mask:8>.
Question: <mask:12>.","
Proverb: ""A penny saved is a penny earned.""
Subject: 
The proverb is true.
Verb phrase: 
A penny saved is a penny earned.
Question: 
Is it true that a penny saved is a penny earned."
Define 'artificial neural network'.,"Define 'artificial neural network'.
An artificial neural network (ANN) is a computational model inspired by the structure and function of biological neural networks. It consists of layers of interconnected nodes or neurons, which process information. <mask:8> are used to adjust the weights of connections between neurons during training. <mask:10>.","
An artificial neural network (ANN) is a computational model inspired by the structure and function of biological neural networks. It consists of layers of interconnected nodes or neurons, which process information.  ANNs use machine learning algorithms, which are used to adjust the weights of connections between neurons during training.  ANNs are commonly used for classification and regression tasks."
Write a 5-sentence story about a dog who wants a special treat.,"Write a 5-sentence story about a dog who wants a special treat.
Dog name: <mask:7>.
Desired treat: <mask:10>.
Setting: <mask:14>.
Obstacle: <mask:18>.
Resolution: <mask:22>.","
Dog name:  Fido, a golden retriever.
Desired treat:  A special piece of cheese from Fido's owner.
Setting:  A sunny day in the park, with Fido's owner playing nearby.
Obstacle:  Fido's owner is busy playing with their friends and doesn't notice Fido's request.
Resolution:  Fido's owner eventually notices Fido's request and gives him the special piece of cheese he was hoping for."
Name five famous landmarks in Paris.,"Name five famous landmarks in Paris.
Landmark 1: Eiffel Tower
Landmark 2: Louvre Museum
Landmark 3: <mask:8>
Landmark 4: Notre-Dame Cathedral
Landmark 5: Arc de Triomphe","
Landmark 1: Eiffel Tower
Landmark 2: Louvre Museum
Landmark 3: 18th arrondissement 
Landmark 4: Notre-Dame Cathedral
Landmark 5: Arc de Triomphe"
Describe the significance of the number 8 in Chinese culture,"Describe the significance of the number 8 in Chinese culture.
Significance category: <mask:12>.
Cultural aspect: <mask:12>.
Symbolic meaning: <mask:16>.",".
Significance category: 8 is considered a lucky and auspicious number in Chinese culture.
Cultural aspect: 8 is often associated with wealth, prosperity, and good fortune.
Symbolic meaning: 8 is also believed to symbolize the idea of balance, harmony, and completeness."
"Find the word in the sentence which does not belong

Input:
The lion, rabbit, bird and mouse","Find the word in the sentence which does not belong.
Sentence: The lion, rabbit, bird and mouse
Clue: <mask:8>
Outlier: <mask:4>","Sentence: The lion, rabbit, bird and mouse
Clue: 
These words are all animals.

Outlier: 
The lion."
"Rewrite the following sentences such that the order of words is reversed.

Input:
He stopped walking and watched the sunset","Rewrite the sentences such that the order of words is reversed.
Original: He stopped walking and watched the sunset
Reversed: <mask:12>
Reversed: <mask:12>"," sentences such that the order of words is reversed.
Original: He stopped walking and watched the sunset
Reversed: 
As he watched the sunset, he stopped walking.

Reversed: 
Watched the sunset, he stopped walking and he."
Write a fictional narrative about a space journey,"Write a fictional narrative about a space journey.
Step 1: Introduce the main character and their spacecraft. Name: <mask:8>. Spacecraft: <mask:12>.
Step 2: Describe the first planet they encounter. Planet name: <mask:10>. Notable feature: <mask:12>.
Step 3: Detail an interaction between the character and a native alien. Alien species: <mask:8>. Interaction outcome: <mask:12>.",".
Step 1: Introduce the main character and their spacecraft. Name: 
1. Profession: 
2. Spacecraft: 
3. Unique fact about the character: 
4.
Step 2: Describe the first planet they encounter. Planet name: 
1. Climate and environment: 
2. Notable feature: 
3. Unique fact about the character: 
4.
Step 3: Detail an interaction between the character and a native alien. Alien species: 
1. Behavior: 
2. Interaction outcome: 
3. Unique fact about the character: 
4."
Pick the correct Spanish translation of “Hello”.,"Pick the correct Spanish translation of “Hello”.
Options: 
- Hola <mask:4>
- Adiós <mask:4>
- Buenos días <mask:4>","
Options: 
- Hola 
- Si 
- Adiós 
- No 
- Buenos días 
- Gracias"
Design a LinkedIn profile for a college freshman,"Design a LinkedIn profile for a college freshman.
Personal summary: <mask:10>.
Education section: <mask:12>.
Experience: <mask:8>.
Skills: <mask:12>.",".
Personal summary: 1-2 sentences summarizing their interests and goals.
Education section: 1-2 sentences describing their current major and any relevant coursework.
Experience: 1-2 sentences describing any relevant experience.
Skills: 1-2 sentences listing relevant skills they would like to showcase."
"Connect the words in the sentence with a hyphen

Input:
The dog ran through the field","Connect the words in the sentence with a hyphen.
Sentence: The-dog-ran-through-the-field
Hyphenated clue: <mask:10>.","Sentence: The-dog-ran-through-the-field
Hyphenated clue: 
The-dog-ran--through-the-field."
What is the best way to maximize results when using a GPT model?,"What is the best way to maximize results when using a GPT model?
Considerations: <mask:10>.
Steps:
1. <mask:5>
2. <mask:7>
3. <mask:9>
4. <mask:11>","
Considerations:  model selection, data preparation, training, and evaluation.
Steps:
1.  Choose the appropriate model.
2.  Collect and preprocess the training data.
3.  Fine-tune the model on the specific dataset.
4.  Evaluate the model's performance using appropriate metrics and benchmarks."
"Summarize the article, “10 Ways AI is Changing Businesses.”","Summarize the article, “10 Ways AI is Changing Businesses.”
Article title: <mask:12>
Key points:
1. <mask:8>
2. <mask:8>
3. <mask:8>
4. <mask:8>
5. <mask:8>","
Article title: 

“10 Ways AI is Changing Businesses”

Key points:
1. 
AI is transforming the business landscape.
2. 
AI is improving efficiency and productivity.
3. 
AI is enhancing the customer experience.
4. 
AI is driving innovation and growth.
5. 
AI is reducing costs and expenses."
Write an article about the relationship between mental health and eating habits,"Write an article about the relationship between mental health and eating habits.
Introduction: <mask:10>.
Main points:
1. <mask:12>
2. <mask:12>
3. <mask:12>
Conclusion: <mask:16>.",".
Introduction: 
Explain the connection between mental health and eating habits.
Main points:
1. 
Discuss how mental health can affect one's eating habits.
2. 
Explain how eating habits can impact one's mental health.
3. 
Provide tips for improving both mental health and eating habits.
Conclusion: 
Summarize the main points and emphasize the connection between mental health and eating habits."
"Compare the cost of two online services.

Input:
Netflix vs Hulu","Compare the cost of two online services.
Service 1: Netflix
Service 2: Hulu
Monthly plan cost for Service 1: <mask:8>
Monthly plan cost for Service 2: <mask:8>
Key differences in pricing: <mask:16>.","Service 1: Netflix
Service 2: Hulu
Monthly plan cost for Service 1: 7.99 USD per month 
Monthly plan cost for Service 2: 5.99 USD per month

Key differences in pricing: 
- Hulu has a lower monthly cost.
- Netflix is more expensive monthly."
"Given this query, find the answer from the following passage. Output the answer.

Input:
Query: What does Istanbul the city of business?
Passage: It’s no wonder that Istanbul is often mistaken as the capital city of Turkey. It is the largest city, and the city’s total area keeps expanding due to the population increase. It’s the city of business. It’s also the historic center of different empires, and it’s the only city in the world on two continents: Europe and Asia.","Given this query, find the answer from the following passage. Output the answer.
Query: What does Istanbul the city of business?
Passage: It’s no wonder that Istanbul is often mistaken as the capital city of Turkey. It is the largest city, and the city’s total area keeps expanding due to the population increase. <mask:1>. It’s also the historic center of different empires, and it’s the only city in the world on two continents: Europe and Asia.
Answer: <mask:4>."," does Istanbul the city of business?
Passage: It’s no wonder that Istanbul is often mistaken as the capital city of Turkey. It is the largest city, and the city’s total area keeps expanding due to the population increase. 1. It’s also the historic center of different empires, and it’s the only city in the world on two continents: Europe and Asia.
Answer:  the city of business."
"Rewrite the given sentence to use a more formal phrase than the one used in the example.

Input:
John had plenty of cash.","Rewrite the sentence to use a more formal phrase.
Original: John had plenty of cash.
Subject: John.
Verb phrase: <mask:10>.
Formal phrase: <mask:12>."," use a more formal phrase.
Original: John had plenty of cash.
Subject: John.
Verb phrase: 
had. 
Object: plenty of cash.
Formal phrase: 

John was in possession of a substantial amount of cash."
"Find a quote from a famous philosopher that captures their main teachings.

Input:
Friedrich Nietzsche","Find a quote from a famous philosopher that captures their main teachings.
Philosopher: Friedrich Nietzsche
Quote: <mask:16>.
Teachings clue: <mask:10>.","Philosopher: Friedrich Nietzsche
Quote: 
The only way to predict the future is to have the courage to create it.
Teachings clue: 
Courage, creativity, prediction, and future."
What is the primary ingredient in a fish taco?,"What is the primary ingredient in a fish taco?
Taco filling: <mask:8>.
Common accompaniment: <mask:10>.","
Taco filling: 
Fish, cabbage, and lime juice.
Common accompaniment: 
Tomato, lettuce, cheese, and salsa."
Evaluate the following logical statement as true or false and explain why: All dogs are mammals.,"Evaluate the following logical statement as true or false and explain why: All dogs are mammals.
Statement: <mask:8>.
Evaluation: <mask:4>.
Explanation: <mask:12>.","
Statement: 
Logical statement: All dogs are mammals.
Evaluation: 
Evaluation: True.
Explanation: 
By definition, all dogs fall under the category of mammals."
Generate a cautionary tale about a person who ignored safety regulations.,"Generate a cautionary tale about a person who ignored safety regulations.
Title: <mask:8>
Character: <mask:10>
Setting: <mask:14>
Consequence: <mask:18>","
Title: 

Chapter 1: 

Character: 

Background:

Plot: 

Setting: 

Conflict: 

Ignoring Safety Regulations: 

Consequence: 

Chapter 2: 

Lesson Learned: 

Conclusion: "
Classify the following sentence as affirmative or negative: “She hasn’t gone to the store yet”,"Classify the sentence as affirmative or negative.
Sentence: She hasn’t gone to the store yet.
Label: <mask:8>."," sentence as affirmative or negative.
Sentence: She hasn’t gone to the store yet.
Label: 
- Affirmative
- Negative."
Which country is the biggest producer of oil in the world?,"Which country is the biggest producer of oil in the world?
Current top producer: <mask:12>.
Reasoning factor: <mask:8>.
Answer: <mask:16>.","
Current top producer:  Saudi Arabia
Task:  Identify the current top oil producer.
Reasoning factor:  The question asks for the current top producer.
Answer:  Saudi Arabia is the biggest producer of oil in the world as of the latest data."
Write a definition for the concept of photoynthesis.,"Write a definition for the concept of photoynthesis.
Definition: <mask:10>. 
Key process: <mask:8>. 
Importance in ecosystems: <mask:12>.","
Definition: 
Photosynthesis is the process by which plants grow. 
Key process: 
Photosynthesis involves converting sunlight into energy. 
Importance in ecosystems: 
Photosynthesis is essential for the survival of life on Earth."
How do you determine the time difference between two time zones?,"How do you determine the time difference between two time zones?
Step 1: Identify the time zones of both locations.  
Time Zone A: <mask:8>  
Time Zone B: <mask:8>  
Step 2: Find the standard time difference in hours.  
Standard Time Difference: <mask:4>  
Step 3: Adjust for daylight saving time if applicable.  
Daylight Saving Adjustment: <mask:4>","
Step 1: Identify the time zones of both locations.  
Time Zone A:  Pacific Day Standard Time (PST)  
Time Zone B:  Eastern Day Standard Time (EDST)  
Step 2: Find the standard time difference in hours.  
Standard Time Difference: 16 hours.  
Step 3: Adjust for daylight saving time if applicable.  
Daylight Saving Adjustment: 15 hours."
Which animals can you find in the African savanna?,"Which animals can you find in the African savanna?
List of animals: <mask:10>.
Notable species: <mask:6>.","
List of animals: 
1. 
2. 
3.
Notable species: 
1. 
2."
Choose 3 countries to compare based on their GDP growth rate.,"Choose 3 countries to compare based on their GDP growth rate.
Countries: USA, Japan, Germany, France
GDP growth rates (in %): USA - 2.5, Japan - 1.8, Germany - 0.3, France - <mask:7>
Selected countries: <mask:9>, <mask:10>, <mask:11>","
Countries: USA, Japan, Germany, France
GDP growth rates (in %): USA - 2.5, Japan - 1.8, Germany - 0.3, France - 1.25. 

Selected countries: 
1. USA - 2.5, 
2. France - 1.25, 
3. Germany - 0.35."
"Find 3 keywords related to the ingredients used in a given recipe.

Input:
This recipe calls for 2 tablespoons of butter, 1/4 cup of honey, 1 teaspoon of ground cinnamon, and 2 cups of water.","Find 3 keywords related to the ingredients used in a given recipe.
Recipe ingredients: 2 tablespoons of butter, 1/4 cup of honey, 1 teaspoon of ground cinnamon, and 2 cups of water.
Keyword 1: <mask:8>.
Keyword 2: <mask:8>.
Keyword 3: <mask:8>."," ingredients: 2 tablespoons of butter, 1/4 cup of honey, 1 teaspoon of ground cinnamon, and 2 cups of water.
Keyword 1:  A type of fat used in the recipe.
Keyword 2:  A type of sugar used in the recipe.
Keyword 3:  A type of spice used in the recipe."
What is the general public opinion of Tesla's electric cars?,"What is the general public opinion of Tesla's electric cars?
Poll result: <mask:10>.
Key factors influencing opinion: <mask:8>.
Recent event impact: <mask:12>.","
Poll result: 75% of respondents support Tesla's electric cars.
Key factors influencing opinion:  Price, performance, design, and sustainability.
Recent event impact: 2022 Model 3 recall due to safety concerns."
What is an abstract data type?,"What is an abstract data type?
Definition: A way to <mask:10> data and operations on that data.
Example: Queue - <mask:12>.
Characteristics: <mask:12>.","
Definition: A way to 
visualize the underlying structure of a collection of data and operations on that data.
Example: Queue - 
First In, First Out (FIFO) abstract data type.
Characteristics: 
isolation, encapsulation, modularity, and abstraction."
Look up information on the best practices for using social media marketing.,"Look up information on the best practices for using social media marketing.
Research topic: <mask:10>.
Key points: <mask:14>.
Summary: <mask:18>.","
Research topic: 
Research the best practices for using social media marketing.
Key points: 
List the key points on the best practices for using social media marketing.
Summary: 
Summarize the key points from the research on the best practices for using social media marketing."
"Suggest a career path

Input:
I am interested in healthcare","Suggest a career path
Interest: healthcare
Considerations: <mask:8>.
Options: <mask:10>.",": healthcare
Considerations:  job satisfaction, work environment, and salary.
Options:  medical research, nursing, public health, healthcare administration."
Explain the differences between Darwin and Lamarck's theories of evolution,"Explain the differences between Darwin and Lamarck's theories of evolution.
Darwin's theory: <mask:12>.
Lamarck's theory: <mask:12>.
Key differences: <mask:10>.",".
Darwin's theory: 1. 2. 3. 4. etc.
Lamarck's theory: 1. 2. 3. 4. etc.
Key differences: 1. 2. 3. 4."
Explain what the terms 'economies of scale' mean.,"Explain what the terms 'economies of scale' mean.
Definition: <mask:10>.
Example scenario: <mask:14>.
Key factors: <mask:8>.","
Definition:  Lower cost per unit of output as production volume increases.
Example scenario:  A company producing a large quantity of goods at a lower cost per unit.
Key factors:  fixed costs, variable costs, production volume."
"Determine whether the text is written from a first person or third person point of view.

Input:
I ran out of the house and down the street as fast as I could.","Determine whether the text is written from a first person or third person point of view.
Input: I ran out of the house and down the street as fast as I could.
Point of view: <mask:8>.
Reasoning: <mask:12>.",": I ran out of the house and down the street as fast as I could.
Point of view: 
The text is written in first person.
Reasoning: 
The pronoun ""I"" is used to describe the action."
Tell me a rhyming joke that contains two sentences.,"Tell me a rhyming joke that contains two sentences.
Sentence 1: Why did the <mask:6> jump over the?
Sentence 2: To avoid the <mask:8>.","
Sentence 1: Why did the 1000th cow jump over the?
Sentence 2: To avoid the 1000th farmer's call."
"Categorize the following sentence according to the four categories of sarcasm.

Input:
That was brilliant!","Categorize the following sentence according to the four categories of sarcasm.
Sentence: That was brilliant!
Category 1: <mask:10>.
Category 2: <mask:10>.
Category 3: <mask:10>.
Category 4: <mask:10>.","Sentence: That was brilliant!
Category 1: 
Sarcasm in the form of sarcasm.
Category 2: 
Sarcasm in the form of ridicule.
Category 3: 
Sarcasm in the form of mockery.
Category 4: 
Sarcasm in the form of sarcasm."
What are the 5 core values at Google?,"What are the 5 core values at Google?
Core Value 1: <mask:10>.
Core Value 2: <mask:10>.
Core Value 3: <mask:10>.
Core Value 4: <mask:10>.
Core Value 5: <mask:10>.","
Core Value 1: 
Respect for people, ideas, and information.
Core Value 2: 
Respect for people, ideas, and information.
Core Value 3: 
Respect for people, ideas, and information.
Core Value 4: 
Respect for people, ideas, and information.
Core Value 5: 
Respect for people, ideas, and information."
Describe the story arc of the movie Frozen.,"Describe the story arc of the movie Frozen.
Plot summary: <mask:16>.
Main character arc: <mask:12>.
Turning point: <mask:8>.
Resolution: <mask:10>.","
Plot summary: 
A young girl named Elsa discovers magical powers and must control them to save herself.
Main character arc: 
Elsa's journey to understand and control her powers.
Turning point: 
Elsa's powers are unleashed.
Resolution: 
Elsa regains control over her powers."
"Using the recipe provided, describe the taste of the food.

Input:
Recipe: 1/2 cup of oats, 1/4 cup almond milk, and 1/2 banana","Using the recipe provided, describe the taste of the food.
Recipe: <mask:10>, 1/4 cup almond milk, and 1/2 banana.
Key ingredients: <mask:8>.
Expected taste profile: <mask:12>.","1/4 cup almond milk, and 1/2 banana.
Key ingredients:  oats, honey, almond milk, banana.
Expected taste profile:  crunchy oats, sweet honey, creamy almond milk, creamy banana."
Produce a random noun.,"Produce a random noun.
Generated noun: <mask:12>.","
Generated noun: rella.."
"Construct a system of equations to solve the following problem.

Input:
A store sells sandwiches and drinks. There are 6 sandwiches and 5 drinks. Each sandwich costs $3 and each drink costs $2. The total cost is $21.","Construct a system of equations to solve the following problem.
Input:
A store sells sandwiches and drinks. There are 6 sandwiches and 5 drinks. Each sandwich costs $<mask:3> and each drink costs $<mask:2>. The total cost is $<mask:21>.","Input:
A store sells sandwiches and drinks. There are 6 sandwiches and 5 drinks. Each sandwich costs $x dollars, and each drink costs $y dollars. The total cost is $41. Set up and solve the system of equations to find the cost of a sandwich and a drink."
Name 4 sports that are typically played in the summer.,"Name 4 sports that are typically played in the summer.
Spring sports: <mask:8>.
Summer sports: <mask:12>, <mask:12>, <mask:12>.","
Spring sports: 1. Baseball, 2. Cricket.
Summer sports: 1. Swimming, 2. Golf 3. Tennis, 4. Volleyball.
Fall sports: 1. Football, 2. Basketball, 3. Soccer 4. Hockey."
"Create a SQL query to select the first name and last name of all customers who live in a specific city.

Input:
City Name: Chicago","Create a SQL query to select the first name and last name of all customers who live in a specific city.
City Name: Chicago
Table: `customers`
Columns needed: `first_name`, `last_name`
Query structure: <mask:12>
Filtered records: <mask:4>",": Chicago
Table: `customers`
Columns needed: `first_name`, `last_name`
Query structure: 
SELECT first_name, last_name 
FROM customers 
Filtered records: 
WHERE city ="
"Suggest a comic strip to express the given idea.

Input:
The joy of helping others.","Suggest a comic strip to express the given idea.
Idea: The joy of helping others.
Character 1: <mask:5>.
Action 1: <mask:10>.
Setting: <mask:15>.","ea: The joy of helping others.
Character 1:  A young girl named Lily.
Action 1:  Lily offers help to an elderly man in the park.
Setting:  A sunny park.
Character 2:  An elderly man named George."
"Write a sentence that illustrates the meaning of the word ""capricious"".","Write a sentence that illustrates the meaning of the word ""capricious"".
Word: capricious.
Context: The weather in this region is known to be quite <mask:8>, changing from sunny to stormy without any apparent reason.
Sentence: <mask:16>.","
Word: capricious.
Context: The weather in this region is known to be quite  ""capricious"" during the summer, changing from sunny to stormy without any apparent reason.
Sentence:  The weather's capricious moods made it difficult to plan the outdoor picnic accurately."
Imagine an alien species. Describe its physical anatomy in detail.,"Imagine an alien species. Describe its physical anatomy in detail.
Head: <mask:8>.
Body structure: <mask:12>.
Limb configuration: <mask:10>.
Respiratory system: <mask:14>.","
Head: 
1.
Face:
2.
Body structure: 
3.
Tissue and skin: 
4.
Limb configuration: 
5.
Appendages: 
6.
Respiratory system: 
7.
Sensory organs and communication methods: 
8."
"Identify similar objects in the following list.

Input:
Banana, Peach, Carrot, Apple","Identify similar objects in the following list.
Objects: Banana, Peach, Carrot, Apple
Category clue: <mask:8>.
Similar objects: <mask:10>.",": Banana, Peach, Carrot, Apple
Category clue: 
Similar objects in the list are fruits.
Similar objects: 
Similar objects: Banana, Peach, and Apple."
"Paraphrase the sentence: ""The coffee was too hot.""","Paraphrase the sentence.
Original: ""The coffee was too hot.""
Subject: <mask:5>.
Verb phrase: <mask:8>.
Rephrased sentence: <mask:12>.",".
Original: ""The coffee was too hot.""
Subject: 
Subject: The coffee.
Verb phrase: 
Verb Phrase: was too hot.
Rephrased sentence: 
Rephrased Sentence: The coffee had an excessive temperature."
Suggest five fun activities for a virtual team bonding session.,"Suggest five fun activities for a virtual team bonding session.
Activity 1: <mask:10>
Activity 2: <mask:12>
Activity 3: <mask:14>
Activity 4: <mask:16>
Activity 5: <mask:18>","
Activity 1:  Host a virtual escape room challenge using online tools.
Activity 2:  Host a virtual trivia game using online platforms for trivia games.
Activity 3:  Host a virtual game night using online platforms for board and card games.
Activity 4:  Host a virtual cooking class using online platforms for sharing recipes and demonstrating cooking techniques.
Activity 5:  Host a virtual movie night using online platforms for streaming movies and discussing them as a team."
"Create 3 questions related to the article.

Input:
WASHINGTON (CNN) -- A wide-open presidential race and a willingness by candidates, interest groups, unions and corporations to buy TV time will lead to historic spending for political and issue-advocacy advertising in the 2008 election cycle, an analysis shows.","Create 3 questions related to the article.
Article summary: WASHINGTON (CNN) -- A wide-open presidential race and a willingness by candidates, interest groups, unions and corporations to buy TV time will lead to historic spending for political and issue-advocacy advertising in the 2008 election cycle, an analysis shows.
Question 1: <mask:12>.
Question 2: <mask:12>.
Question 3: <mask:16>."," an analysis shows.
Question 1: 
What is the year of the election mentioned in the article.
Question 2: 
What is the outcome of the election mentioned in the article.
Question 3: 
What is the cause of the increased spending in the election mentioned in the article."
Design an experiment to measure the effectiveness of an advertisement.,"Design an experiment to measure the effectiveness of an advertisement.
Objective: To determine the impact of an advertisement on consumer behavior.
Step 1: Define the target audience <mask:10>.
Step 2: Create two versions of the advertisement <mask:8>.
Step 3: Select a sample size for the experiment <mask:12>.
Step 4: Implement the experiment and collect data <mask:16>.","
Objective: To determine the impact of an advertisement on consumer behavior.
Step 1: Define the target audience 
- Identify the specific target audience for the advertisement.
Step 2: Create two versions of the advertisement 
- Develop two versions of the advertisement.
Step 3: Select a sample size for the experiment 
- Choose a sample size that accurately represents the target audience.
Step 4: Implement the experiment and collect data 
- Distribute the advertisements to the sample size and collect data on consumer behavior."
"Estimate how much time it will take to finish the project.

Input:
Project involves coding, UI design and analysis.","Estimate how much time it will take to finish the project.
Project components: coding, UI design, analysis.
Step 1: Allocate time for coding - <mask:8> hours.
Step 2: Allocate time for UI design - <mask:8> hours.
Step 3: Allocate time for analysis - <mask:8> hours.
Total estimated time: <mask:12> hours.",": coding, UI design, analysis.
Step 1: Allocate time for coding - 1/2 day = 12 hours.
Step 2: Allocate time for UI design - 1/10 day = 8 hours.
Step 3: Allocate time for analysis - 1/10 day = 8 hours.
Total estimated time: 12 + 8 + 8 = 28 hours."
Compare and contrast two ways of making coffee.,"Compare and contrast two ways of making coffee.
Method 1: <mask:8>
Method 2: <mask:10>
Key differences: <mask:12>","
Method 1: 
- Pour-over
- Espresso

Method 2: 
- Cold brew
- Drip coffee

Key differences: 
- Brewing time
- Flavor profile
- Equipment needed"
"Annotate the text by categorizing it into the five senses.

Input:
I can’t wait to taste the warm, fruity muffin I just made.","Annotate the text by categorizing it into the five senses.
Input: I can’t wait to taste the warm, fruity muffin I just made.
Sight: <mask:8>.
Smell: <mask:8>.
Taste: <mask:8>.
Touch: <mask:8>.
Hearing: <mask:8>.","Input: I can’t wait to taste the warm, fruity muffin I just made.
Sight: 
- No mention of anything involving sight.
Smell: 
- No mention of anything involving smell.
Taste: 
- Mention of warm, fruity muffin.
Touch: 
- No mention of anything involving touch.
Hearing: 
- No mention of anything involving hearing."
"Search the internet and find the nearest Indian restaurant.

Input:
Berlin, Germany","Search the internet and find the nearest Indian restaurant.
City: Berlin, Germany
Query: <mask:12>.
Result: <mask:16>.","City: Berlin, Germany
Query: 
Query: Find the nearest Indian restaurant in Berlin, Germany.
Result: 
Unfortunately, I was unable to find the nearest Indian restaurant in Berlin, Germany."
Name the five oceans.,"Name the five oceans.
First ocean: <mask:8>.
Second ocean: <mask:9>.
Third ocean: <mask:10>.
Fourth ocean: <mask:11>.
Fifth ocean: <mask:12>.","
First ocean: 10% of the Earth's surface.
Second ocean: 0.1% of the Earth's surface.
Third ocean: 0.01% of the Earth's surface.
Fourth ocean: 0.001% of the Earth's surface.
Fifth ocean: 0.0001% of the Earth's surface."
Provide two example of everyday products that contain plastic.,"Provide two examples of everyday products that contain plastic.
Example 1 category: <mask:10>.
Example 1 specific item: <mask:14>.
Example 2 category: <mask:10>.
Example 2 specific item: <mask:14>.",".
Example 1 category: 
Food containers - Many containers are made of plastic.
Example 1 specific item: 
Plastic bottles - Many bottles used to store beverages are made of plastic.
Example 2 category: 
Toys - Many toys are made of plastic.
Example 2 specific item: 
Plastic balls - Many balls used during playtime are made of plastic."
"Create a haiku (3 lines with a syllabic pattern of 5/7/5) that uses the phrase ""summer night"".","Create a haiku that uses the phrase ""summer night"".
Line 1: Summer night, <mask:8>.
Line 2: Fireflies dance in the <mask:10>,.
Line 3: Dreams whisper in the <mask:12>."," that uses the phrase ""summer night"".
Line 1: Summer night, 
stars above, 
silent night.
Line 2: Fireflies dance in the 
twilight glow, 
summer night,.
Line 3: Dreams whisper in the 
whispering breeze, 
peaceful summer night."
Why is it important to get enough sleep?,"Why is it important to get enough sleep?
Health benefit: <mask:8>.
Personal impact: <mask:10>.
Scientific reason: <mask:12>.","
Health benefit:  Sleep is essential for physical and mental health.
Personal impact:  Sleep can improve mood, productivity, and decision-making.
Scientific reason:  Sleep is crucial for learning, memory consolidation, and immune function."
"Construct a Regex statement to extract the links from given text.

Input:
The following page has a list of useful links: www.example.com/links","Construct a Regex statement to extract the links from given text.
Input: The following page has a list of useful links: www.example.com/links
Regex pattern: <mask:15>
Example link: <mask:10>","Input: The following page has a list of useful links: www.example.com/links
Regex pattern: 
Output: (http[s]?:\/\/[^\s]+)
Example link: 
Output: http://www.example.com/links"
"Design a social media marketing plan

Input:
Product: Organic, nutrient-rich vegetable juices","Design a social media marketing plan.
Product: Organic, nutrient-rich vegetable juices
Target audience: <mask:10>
Key platforms: <mask:8>
Content strategy: <mask:12>
Budget allocation: <mask:12>","Product: Organic, nutrient-rich vegetable juices
Target audience:  Health-conscious individuals aged 18-45
Key platforms:  Instagram, Facebook, Pinterest, and TikTok
Content strategy:  Health tips, product showcases, customer testimonials, and influencer partnerships
Budget allocation:  $5,000 for the first 6 months"
Give two examples of words that contain the letter ‘z’,"Give two examples of words that contain the letter ‘z’.
Example 1: <mask:8>.
Example 2: <mask:10>.","’.
Example 1: 
I love to go to the zoo.
Example 2: 
She wore a zippo on her wrist."
What are the strategies to effectively use digital marketing?,"What are the strategies to effectively use digital marketing?
Strategies: <mask:10>.
Target audience analysis: <mask:8>.
Budget allocation: <mask:6>.","
Strategies: 1.
Developing a marketing plan: 2.
Target audience analysis: 3.
Content creation: 4.
Budget allocation: 5.
Monitoring and analysis."
"Write a story using these three words: life, creation, surprise","Write a story using these three words: life, creation, surprise
Word 1: <mask:7>
Word 2: <mask:10>
Word 3: <mask:13>","
Word 1: 

Life is beautiful.

Word 2: 

Creation is the beginning of life.

Word 3: 

Surprise is the most exciting part of the creation."
"Develop a conversation flow and give answer options for the given topic.

Input:
Topic: Travel","Develop a conversation flow and give answer options for the given topic.
Topic: Travel
Step 1: Greeting and introduction.
Step 2: <mask:12>.
Option A: <mask:5>.
Option B: <mask:8>.
Option C: <mask:10>."," Travel
Step 1: Greeting and introduction.
Step 2:  Ask about the person's favorite destination and why they like it.
Option A:  They love the beautiful scenery.
Option B:  They love the local food and the culture.
Option C:  They love the outdoor activities and the sense of adventure."
"Generate a summary for the article ""The Impact of Technology on Mental Health""","Generate a summary for the article ""The Impact of Technology on Mental Health"".
Key points: <mask:10>.
Summary length: Aim for <mask:5> sentences.
Main argument: <mask:12>.",""".
Key points:  Discuss positive and negative effects of technology on mental health.
Summary length: Aim for 1.5-2 sentences.
Main argument:  Discuss how technology has both positive and negative effects on mental health."
Suggest the most effective way to learn a new language,"Suggest the most effective way to learn a new language
Step 1: Identify your learning goals.
Step 2: Choose a <mask:language learning method>.
Step 3: Create a consistent study schedule.
Step 4: Practice speaking with native speakers or through <mask:4>.","
Step 1: Identify your learning goals.
Step 2: Choose a <mask:language learning method>.
Step 3: Create a consistent study schedule.
Step 4: Practice speaking with native speakers or through  language exchange  programs."
What could be the benefit of using object-oriented programming?,"What could be the benefit of using object-oriented programming?
Benefit: <mask:10>.
Programming paradigm: <mask:12>.","
Benefit: 
Object-oriented programming promotes code reuse and maintainability.
Programming paradigm: 
Object-oriented programming is a programming paradigm used in software development."
"Create a new sentence from the words given through a process of semantic extension.

Input:
Spice, flavor","Create a new sentence from the words given through a process of semantic extension.
Words: Spice, flavor
Semantic extension hint: <mask:10>.
New sentence: <mask:14>.","Words: Spice, flavor
Semantic extension hint: 
Spice can enhance the flavor of a dish.
New sentence: 
Adding a pinch of spice to the dish can enhance its overall flavor."
Summarize the recent developments in the field of recommender systems.,"Summarize the recent developments in the field of recommender systems.
Recent advancements: <mask:10>.
Key technologies: <mask:8>.
Notable applications: <mask:12>.","
Recent advancements: 
Personalization, hybrid models, real-time recommendations.
Key technologies: 
AI, deep learning, machine learning.
Notable applications: 
E-commerce, social media, content delivery, personalized advertising."
"Describe how data is encoded and decoded.

Input:
noinput","Describe how data is encoded and decoded.
Encoding process: <mask:8>.
Key components involved: <mask:10>.
Decoding mechanism: <mask:12>.",": 
Decoding process: 
1.
Key components involved: 
2.
Encoding mechanism: 
3.
Decoding mechanism: 
4.
Types of encoding methods: 
5."
Generate a play by play summary of the baseball game between the Chicago Cubs and the Los Angeles Dodgers,"Generate a play by play summary of the baseball game between the Chicago Cubs and the Los Angeles Dodgers.
Game details: Chicago Cubs vs Los Angeles Dodgers
Inning summary:
1st inning: <mask:10>.
2nd inning: <mask:12>.
3rd inning: <mask:14>.",".
Game details: Chicago Cubs vs Los Angeles Dodgers
Inning summary:
1st inning: 10 Chicago Cubs, 1 Los Angeles Dodgers.
2nd inning: 1-1 Los Angeles Dodgers, 10 Chicago Cubs.
3rd inning: 1-1 Los Angeles Dodgers, 10-1 Chicago Cubs."
Name three contaminants that can be found in water,"Name three contaminants that can be found in water.
Contaminant 1: <mask:8>
Contaminant 2: <mask:8>
Contaminant 3: <mask:8>",".
Contaminant 1: 
Contaminant 1: 
Contaminant 2: 
Contaminant 2: 
Contaminant 3: 
Contaminant 3: "
"Given a list of integers, find the pair of elements with the maximum sum.

Input:
1, 2, -8, 9, 5","Given a list of integers, find the pair of elements with the maximum sum.
List: 1, 2, -8, 9, 5
First element: <mask:5>.
Second element: <mask:5>.
Maximum sum: <mask:5>.","List: 1, 2, -8, 9, 5
First element: 1+2=3.
Second element: 2+5=7.
Maximum sum: 2+5=7."
"Using the example provided, classify the objects into two specific categories.

Input:
A table, a chair, and a desk","Using the example provided, classify the objects into two specific categories.
Objects: A table, a chair, and a desk
Category 1: <mask:8>
Category 2: <mask:10>","Objects: A table, a chair, and a desk
Category 1: 
Furniture: 
- Chair

Category 2: 
Furniture: 
- Table
- Desk"
Construct a sentence employing research-backed positive language.,"Construct a sentence employing research-backed positive language.
Example quote: <mask:10>.
Positive keyword: <mask:5>.
Final sentence: <mask:15>.","
Example quote: 
Research shows that regular exercise significantly improves physical health.
Positive keyword: 
Emotional well-being.
Final sentence: 
Research indicates that engaging in mindfulness and relaxation activities greatly enhances emotional well-being."
"You are given a phrase or set of words that describes an event or situation. Produce a vivid and realistic description of the event.

Input:
Loud music in a party","You are given a phrase or set of words that describes an event or situation. Produce a vivid and realistic description of the event.
Phrase: Loud music in a party
Sensory details: <mask:8>.
Crowd atmosphere: <mask:10>.
Lighting effect: <mask:10>.","Phrase: Loud music in a party
Sensory details:  The sound of the music fills the room.
Crowd atmosphere:  The room is filled with people dancing and having fun.
Lighting effect:  The lights are dimmed, creating a lively atmosphere."
Generate a story about a girl who discovers a magical item.,"Generate a story about a girl who discovers a magical item.
Character name: <mask:8>.
Setting: <mask:12>.
Item description: <mask:16>.
Plot twist: <mask:20>.","
Character name:  Lily.
Age: 12.
Setting:  A small, quiet village on the edge of a dense forest.
Item description:  A small, ornate box with a soft, glowing light emanating from its surface.
Plot twist:  The box turns out to be a magical artifact that grants Lily the power to communicate with animals and plants."
Generate a list of 5 tips for how to maintain work-life balance.,"Generate a list of 5 tips for maintaining work-life balance.
Tip 1: <mask:12>
Tip 2: <mask:12>
Tip 3: <mask:16>
Tip 4: <mask:16>
Tip 5: <mask:20>"," maintaining work-life balance.
Tip 1:  Set clear boundaries between work and personal life to avoid burnout.
Tip 2:  Prioritize self-care and make time for hobbies and relaxation.
Tip 3:  Learn to say no to additional work commitments that encroach on your personal time.
Tip 4:  Communicate with your employer about your workload and expectations to ensure a healthy work environment.
Tip 5:  Make sure to get enough sleep, exercise, and eat well to maintain a healthy work-life balance."
Come up with 3 alternative synonyms for the word “adept”.,"Come up with 3 alternative synonyms for the word “adept”.
Synonym 1: <mask:8>.
Synonym 2: <mask:8>.
Synonym 3: <mask:8>.","
Synonym 1: 
Experienced in a subject or activity.
Synonym 2: 
Skilled in a subject or activity.
Synonym 3: 
Proficient in a subject or activity."
Provide an example of something that is cheap and eco-friendly.,"Provide an example of something that is cheap and eco-friendly.
Item type: <mask:8>.
Example: <mask:10>.","
Item type: 
Reusable water bottle made of materials.
Example: 
A reusable water bottle made of glass or steel."
What are the advantages of using a Scrum Agile methodology?,"What are the advantages of using a Scrum Agile methodology?
Advantages include improved <mask:10>, better <mask:12>, and enhanced <mask:14>.","
Advantages include improved 1. team collaboration, increased 2. productivity, better 3. customer satisfaction, faster 4. time-to-market, and enhanced 5. adaptability. These are the advantages of using a Scrum Agile methodology."
Generate a list of 5 suggested vacation destinations based on the climate of March in Africa.,"Generate a list of 5 suggested vacation destinations based on the climate of March in Africa.
Climate period: <mask:8>.
Destination 1: <mask:10>.
Destination 2: <mask:10>.
Destination 3: <mask:10>.
Destination 4: <mask:10>.
Destination 5: <mask:10>.","
Climate period: 15°C to 25°C.
Destination 1: 15°C < Temperature < 25°C.
Destination 2: 15°C < Temperature < 25°C.
Destination 3: 15°C < Temperature < 25°C.
Destination 4: 15°C < Temperature < 25°C.
Destination 5: 15°C < Temperature < 25°C."
Design both a logo and a slogan for a laundry service company.,"Design both a logo and a slogan for a laundry service company.
Logo elements: <mask:8>.
Slogan idea: <mask:12>.","
Logo elements: 
- A towel and a washing machine.
Slogan idea: 
- Clean clothes, clean life. Your trusted laundry service."
"Create a function that takes an integer as an argument, and prints out its factorial.","Create a function that takes an integer as an argument, and prints out its factorial.
Function signature: def factorial(<mask:10>):
Step 1: Initialize the variable `result` to 1.
Step 2: For each number from 1 to <mask:8>, multiply `result` by the current number.
Step 3: Print the value of `result`.","
Function signature: def factorial(10000000: int):
Step 1: Initialize the variable `result` to 1.
Step 2: For each number from 1 to 10000000, multiply `result` by the current number.
Step 3: Print the value of `result`."
Create an outline for a short story set in a post-apocalyptic world,"Create an outline for a short story set in a post-apocalyptic world.
Setting: A desolate <mask:12> where resources are scarce.
Main character: A survivor named <mask:12>.
Plot point: The character discovers a <mask:10> that could change their life.
Conflict: The character must <mask:14> against a rival group to secure the resource.",".
Setting: A desolate 20th-century city in a post-apocalyptic world, where resources are scarce.
Main character: A survivor named  Alex, who has been living in the city since the apocalypse.
Plot point: The character discovers a 20th-century building that holds a valuable resource that could change their life.
Conflict: The character must  navigate the dangerous city, face off against dangerous mutated creatures, and compete against a rival group to secure the resource."
"Search and provide a numeric answer to the question ""how many voting members are in the UN Security Council?""","Search and provide a numeric answer to the question ""how many voting members are in the UN Security Council?""
Voting members: <mask:10>.","
Voting members: 5.
Non-voting members: 2."
Name one benefit of using a lead scoring system.,"Name one benefit of using a lead scoring system.
Benefit: <mask:10>.","
Benefit:  Helps to identify high-value leads and prioritize sales efforts."
Come up with a name for a software that helps people identify possible investment opportunities.,"Come up with a name for a software that helps people identify possible investment opportunities.
Software purpose: <mask:12>.
Key feature: <mask:10>.
Desired name: <mask:8>.","
Software purpose: 
To analyze market data and trends to identify potential investment opportunities.
Key feature: 
Providing data-driven insights to make informed investment decisions.
Desired name: 
A name that conveys intelligence and expertise."
"Create a short slogan for the following business.

Input:
Globex Inc, a technical consulting services provider","Create a short slogan for the following business.
Business: Globex Inc, a technical consulting services provider.
Focus on innovation: <mask:8>.
Slogan idea: <mask:12>.","Business: Globex Inc, a technical consulting services provider.
Focus on innovation: 
Innovative solutions for complex technical challenges.
Slogan idea: 
Innovate, Solve, and Thrive with Globex Inc."
"Summarize what this email says.

Input:
Hi there, 

My name is John and I'm writing to you in regards to an opportunity that I think you may be interested in. I recently found out that my company is looking to expand their marketing team and they're in search of a highly qualified individual to join our team. The position is full-time and includes excellent benefits. If you are looking for a new challenge and would be interested in learning more, please contact me at john@example.com. 

Thanks, 
John","Summarize what this email says.
Email sender: <mask:8>.
Email purpose: <mask:12>.
Company interest: <mask:10>.
Contact information: <mask:12>."," sender: 1.
Email recipient: 2.
Email purpose: 3.
The opening paragraph of the email: 4.
Company interest: 5.
Body of the email: 6.
Contact information: 7.
The closing paragraph of the email: 8."
Write a short story about a young person who has an extraordinary power.,"Write a short story about a young person who has an extraordinary power.
Character name: <mask:8>.
Power description: <mask:12>.
Setting: <mask:16>.
Plot twist: <mask:20>.","
Character name:  Lily.
Age: 16.
Power description:  She has the ability to control and manipulate the elements around her.
Setting:  She lives in a small town with her parents, who are unaware of her power.
Plot twist:  One day, she discovers that her power is not just a gift, but a curse from her ancestors."
"Connect a device to a local network.

Input:
The device is an Android tablet.","Connect a device to a local network.
Device type: <mask:12>.
Network type: <mask:8>.
Connection method: <mask:16>.",": 
Laptop, desktop, tablet, smartphone, or tablet.
Network type: 
Wi-Fi, Ethernet, or cellular.
Connection method: 
Ethernet, Wi-Fi, USB-C, USB-A, or cellular network."
"Find a synonym for the phrase ""scared witless"".","Find a synonym for the phrase ""scared witless"".
Phrase: ""scared witless""
Synonym: <mask:8>.","
Phrase: ""scared witless""
Synonym: 

Scared out of their mind."
Compare a hurricane to a tornado,"Compare a hurricane to a tornado.
Hurricanes are large-scale weather systems that form over warm tropical oceans, while tornadoes are <mask:12> phenomena typically occurring in <mask:8>.
Both are characterized by strong winds, but hurricanes can affect much larger areas and last for several days, whereas tornadoes are usually <mask:16> and intense.
Key differences include their formation conditions and <mask:20>.",".
Hurricanes are large-scale weather systems that form over warm tropical oceans, while tornadoes are 
smaller, shorter-lived, and more intense severe weather phenomena typically occurring in 
temperate regions from severe thunderstorms.
Both are characterized by strong winds, but hurricanes can affect much larger areas and last for several days, whereas tornadoes are usually 
localized and last for only a few minutes, but can be more destructive and intense.
Key differences include their formation conditions and 
processes, as well as the extent of damage they can cause and the geographic areas they affect."
Find the opposite meaning of “arbitrary”,"Find the opposite meaning of “arbitrary”.
Opposite: <mask:8>.","”.
Opposite: 

Based on objective criteria or evidence."
Cite an example of a collective noun.,"Cite an example of a collective noun.
Example: <mask:8>.
Explanation: <mask:12>.","
Example: 
The team decided to win the championship.
Explanation: 
Team is a collective noun referring to a group of people."
Give a description of a typical day in the life of a software developer,"Give a description of a typical day in the life of a software developer.
Morning routine: <mask:8>.
Work tasks: <mask:16>.
Collaboration method: <mask:10>.
Relaxation activity: <mask:12>.",".
Morning routine:  Getting up, exercising, and having breakfast.
Work tasks:  Writing code, debugging, testing software, attending meetings, and collaborating with team members.
Collaboration method:  Team meetings, code reviews, and project management tools.
Relaxation activity:  Reading books, watching movies, or spending time with loved ones."
Outline an argumentative essay on the topic of animal testing.,"Outline an argumentative essay on the topic of animal testing.
Topic: Animal testing
Introduction paragraph: Introduce the topic and state your position (<mask:8>).
Argument 1: <mask:12>.
Argument 2: <mask:16>.
Counterargument: Address a common opposing viewpoint (<mask:20>).
Conclusion paragraph: Restate your position and summarize key points (<mask:24>).","Topic: Animal testing
Introduction paragraph: Introduce the topic and state your position (e.g., animal testing should be banned).
Argument 1:  Explain how animal testing is cruel and unnecessary for research and development.
Argument 2:  Explain how alternative methods, such as computer simulations and human trials, can be used.
Counterargument: Address a common opposing viewpoint (e.g., animal testing is necessary for medical research, but argue that alternative methods are just as effective).
Conclusion paragraph: Restate your position and summarize key points (e.g., animal testing should be banned because it is cruel and unnecessary, and there are alternative methods that can be used)."
How is linear regression used in predictive modeling?,"How is linear regression used in predictive modeling?
Definition: Linear regression is a statistical method used to predict a continuous outcome variable based on one or more predictor variables.
Step 1: <mask:8> the data.
Step 2: Fit the linear regression model.
Key application: <mask:12>.","
Definition: Linear regression is a statistical method used to predict a continuous outcome variable based on one or more predictor variables.
Step 1:  Identify the predictor and outcome variables and prepare the data.
Step 2: Fit the linear regression model.
Key application:  Linear regression is widely used in predictive modeling to predict continuous outcomes."
Describe a situation when a friend is cheating on a test and what should one should do about it.,"Describe a situation when a friend is cheating on a test and what should one do about it.
Situational details: Your friend, Alex, usually helps you with homework but seems unusually nervous during today's exam.
Response strategy: <mask:12>.
Consequences to consider: <mask:16>."," do about it.
Situational details: Your friend, Alex, usually helps you with homework but seems unusually nervous during today's exam.
Response strategy: 
1. Inform the teacher that you suspect Alex is cheating.
Consequences to consider: 
1. Alex may feel betrayed or angry at you for talking to the teacher."
"Given a list of dates, provide the exact year for each.

Input:
May 31,
April 15,
June 8,","Given a list of dates, provide the exact year for each.
Dates: May 31, April 15, June 8
Year 1: <mask:6>
Year 2: <mask:7>
Year 3: <mask:8>"," May 31, April 15, June 8
Year 1: 2021, May
Year 2: 2021, April 
Year 3: 2021, June"
What fraction is equivalent to 0.5?,"What fraction is equivalent to 0.5?
Original decimal: 0.5
Equivalent fraction numerator: <mask:5>.
Equivalent fraction denominator: <mask:7>.
Final fraction: <mask:10>.","
Original decimal: 0.5
Equivalent fraction numerator: 0.5=1.
Equivalent fraction denominator: 0.5/1=2.
Final fraction: 0.5 is equivalent to 1/2."
Suggest an educational field trip for children,"Suggest an educational field trip for children.
Subject matter: <mask:12>.
Location type: <mask:8>.
Activity focus: <mask:16>.",".
Subject matter:  Science.
Age range:  8-12.
Location type:  Museum, planetarium, or science center.
Activity focus:  Hands-on learning, experiments, and exhibits.
Duration:  3 hours."
"Pick one of the following cultures and explain its traditions.

Input:
Hindu culture","Pick one of the following cultures and explain its traditions.
Culture: Hindu
Traditions related to <mask:10> events: <mask:12>.
Key practices during festivals: <mask:12>.",": Hindu
Traditions related to 
Festivals: 
1.
Key events: 
2.
Key foods during festivals: 
3.
Key practices during festivals: 
4.
Key symbols during festivals: 
5."
What are the three main differences between humans and animals?,"What are the three main differences between humans and animals?
Human characteristics: <mask:12>.
Animal characteristics: <mask:12>.
Comparison points: <mask:16>.","
Human characteristics: 1. Consciousness 2. Self-awareness 3. Language.
Animal characteristics: 1. Consciousness 2. Self-awareness 3. Language.
Comparison points: 1. instinctual behavior 2. instinctual behavior 3. Social behavior."
Design an animal shelter.,"Design an animal shelter.
Location: <mask:8>.
Budget: $<mask:5>.
Animal types to accommodate: <mask:12>.
Key features: <mask:10>.","
Location: 123 Main Street, Smalltown.
Budget: $5,000.
Animal types to accommodate: 10 dogs, 5 cats, and 3 rabbits.
Key features: 2 separate rooms, a kitchen, and a bathroom."
"Given a set of data points, calculate the linear slope.

Input:
Data points: (2,0), (5,3), (7,4)","Given a set of data points, calculate the linear slope.
Data points: (2,0), (5,3), (7,<mask:4>)
Slope formula: y₂ - y₁ / x₂ - x₁
First point: (2,<mask:0>)
Second point: (5,3)
Final slope: <mask:8>"," points: (2,0), (5,3), (7, 4.5)
Slope formula: y₂ - y₁ / x₂ - x₁
First point: (2,)
Second point: (5,3)
Final slope: 3-0 / 5-2"
"Send an email to your professor after class.

Input:
Subject: Feedback from Class","Send an email to your professor after class.
Subject: <mask:8>
Opening line: <mask:12>
Closing remark: <mask:12>","Subject: 
Subject: Quick question after class

Opening line: 
Dear Professor,

Body of the email:

Closing remark: 
Thank you for your time.

Best regards,"
Brainstorm three innovative marketing strategies.,"Brainstorm three innovative marketing strategies.
Strategy 1: <mask:12>
Strategy 2: <mask:12>
Strategy 3: <mask:12>","
Strategy 1:  Utilize artificial intelligence to create personalized marketing campaigns for customers.
Strategy 2:  Use virtual reality to create immersive marketing experiences for potential customers.
Strategy 3:  Leverage blockchain technology to ensure secure and transparent marketing transactions."
How does culture influence a person's identity?,"How does culture influence a person's identity?
Context: Culture shapes various aspects of an individual's life and self-perception.
Factors influenced by culture: <mask:8>.
Examples of cultural influences: <mask:10>.
Impact on identity: <mask:12>.","
Context: Culture shapes various aspects of an individual's life and self-perception.
Factors influenced by culture: 
1.
2.
3.
Examples of cultural influences: 
1. 
2. 
3.
Impact on identity: 
1. 
 
2. 
3."
Construct a query to pull the top 10 countries in terms of population.,"Construct a query to pull the top 10 countries in terms of population.
Database table: PopulationStats
Column names: Country, Population
Query part 1: SELECT Country, Population FROM PopulationStats
Sorting clause: <mask:12>
Limit clause: <mask:8>","Database table: PopulationStats
Column names: Country, Population
Query part 1: SELECT Country, Population FROM PopulationStats
Sorting clause: 
Sorting population in descending order: ORDER BY Population DESC
Limit clause: 
Limit clause: LIMIT 10"
Summarize the goal of machine learning,"Summarize the goal of machine learning.
Definition: <mask:10>.
Objective: <mask:14>.
Importance: <mask:18>.",".
Definition: 
Machine learning is a subfield of artificial intelligence.
Objective: 
To enable machines to learn from data and make decisions without explicit instructions.
Importance: 
To improve efficiency, accuracy, and productivity in various fields, such as healthcare and finance."
Suggest a strategy to prevent water spills on a kitchen countertop.,"Suggest a strategy to prevent water spills on a kitchen countertop.
Current scenario: A busy morning in the kitchen with multiple tasks.
Strategies: <mask:10>.
Materials needed: <mask:8>.","
Current scenario: A busy morning in the kitchen with multiple tasks.
Strategies: 
1. Use a silicone mat or cutting mat.
Materials needed: 
1. Silicone mat or cutting mat."
"Convert the following times into 12 hours format.

Input:
13:10","Convert the following time into 12-hour format.
Input: 13:10
Time in 12-hour format: <mask:8>.",".
Input: 13:10
Time in 12-hour format: 11:10 in the evening."
"Suggest a suitable article headline for the following news story: ""Talks between the two countries failed to reach an agreement.""","Suggest a suitable article headline for the following news story.
News story: Talks between the two countries failed to reach an agreement.
Headline idea: <mask:10>.
Key phrase: <mask:8>.",".
News story: Talks between the two countries failed to reach an agreement.
Headline idea: 
Countries' Talks Fail to Come to an Agreement.
Key phrase: 
Countries, talks, failed, agreement."
"Identify the figure of speech in the sentence: ""The wind is my violin and the trees are my strings.""","Identify the figure of speech in the sentence: ""The wind is my violin and the trees are my strings.""
Sentence: ""The wind is my violin and the trees are my strings.""
Figure of speech clue: <mask:8>.
Type of figure of speech: <mask:4>.","
Sentence: ""The wind is my violin and the trees are my strings.""
Figure of speech clue: 
The wind is compared to a violin.
Type of figure of speech: 
Metaphor."
"Design a professional email signature for a digital marketing manager.

Input:
Name: John Johnson
Profession: Digital Marketing Manager
Contact: john@example.com","Design a professional email signature for a digital marketing manager.
Name: John Johnson
Profession: <mask:12>
Contact: john@example.com
Signature elements: <mask:10>.",": John Johnson
Profession:  Digital Marketing Manager
Company: ABC Corporation
Location: California
Contact: john@example.com
Signature elements:  name, profession, company, location, and contact."
Tell me an interesting fact about the country which provided you with the highest education.,"Tell me an interesting fact about the country which provided you with the highest education.
Country: <mask:10>.
Fact: <mask:12>.","
Country: 

Fact: 

Country: None.
Fact: 

I don't have personal experiences or a specific education."
"Rewrite the sentence to turn it into a rhetorical question.

Input:
We need to put our phones away","Rewrite the sentence to turn it into a rhetorical question.
Original: We need to put our phones away.
Subject: <mask:5>.
Verb phrase: <mask:8>.
Rhetorical question: <mask:12>.","Original: We need to put our phones away.
Subject: 
Subject: We need.
Verb phrase: 
Verb phrase: put our phones away.
Rhetorical question: 
Do we realize that we need to put our phones away."
"Given the following table, generate a bar chart that displays the total sales of each product.

Input:
Table:
Product   | Sales
--------- | -----
Apples   | 5000
Oranges  | 4500
Bananas  | 3000","Given the following table, generate a bar chart that displays the total sales of each product.
Table:
Product   | Sales
--------- | -----
Apples   | <mask:8>
Oranges  | <mask:10>
Bananas  | <mask:12>
Products: <mask:5>.","--------- | -----
Apples   | 12
Bananas | 8
Oranges  | 15
Grapes | 10
Bananas  | 10

Bar Chart:

Title: 
Products: 
Sales: 
."
"Assign a category to the given list of words.

Input:
food, furniture, books","Assign a category to the given list of words.
Words: food, furniture, books
Category hint: <mask:8>.
Number of items: <mask:4>.",": food, furniture, books
Category hint: 
Category: Items found in a house.
Number of items: 3 in the category."
Generate three original analogies that illustrate the concept of exponential growth.,"Generate three original analogies that illustrate the concept of exponential growth.
Analogy 1: Growth is like <mask:8> because both start small but rapidly become <mask:12>.
Analogy 2: Exponential growth is similar to <mask:10> because they both increase at an accelerating rate.
Analogy 3: The concept of exponential growth can be understood as <mask:16>, where the initial stages seem slow but then suddenly speed up.","
Analogy 1: Growth is like 100 fleas in a pond, because both start small but rapidly become 100 times larger in a relatively short amount of time.
Analogy 2: Exponential growth is similar to 100 marbles rolling up a steep hill, because they both increase at an accelerating rate.
Analogy 3: The concept of exponential growth can be understood as 100 rabbits jumping from a small hill to the top of a skyscraper, where the initial stages seem slow but then suddenly speed up."
"Determine if the mouth is the correct word for the context.

Input:
He was speaking through his food.","Determine if the mouth is the correct word for the context.
Sentence: He was speaking through his food.
Part of speech: <mask:8>.
Context check: <mask:12>.
Correctness: <mask:5>.","Sentence: He was speaking through his food.
Part of speech: 
The word mouth functions as a noun.
Context check: 
The word mouth makes sense in the context of the sentence.
Correctness: 
The word is correct."
"Group these words as related topics

Input:
Baseball, basketball, football, tennis","Group these words as related topics.
Sports: <mask:8>.
Ball games: <mask:10>.
Racket sports: <mask:12>.","Sports: 
Football, Basketball, Hockey, Rugby.
Ball games: 
Baseball, Cricket, Volleyball, Softball.
Racket sports: 
Tennis, Table tennis, Handball, Badminton."
Construct a regular expression that matches a five-digit zipcode,"Construct a regular expression that matches a five-digit zipcode.
Regular expression format: <mask:15>.
Example input: <mask:7>.
Validation result: <mask:8>.",".
Regular expression format: 
.
Regular expression pattern: 
^\d{5}$
.
Example input: 
12345
.
Validation result: 
.
Example output: 
."
"Name five reasons why artificial intelligence is important for businesses.

Input:
No input.","Name five reasons why artificial intelligence is important for businesses.
Reason 1: <mask:8>.
Reason 2: <mask:10>.
Reason 3: <mask:12>.
Reason 4: <mask:14>.
Reason 5: <mask:16>.","Reason 1:  Artificial intelligence can help businesses automate repetitive tasks.
Reason 2:  Artificial intelligence can help businesses analyze data and make decisions.
Reason 3:  Artificial intelligence can help businesses improve customer service and provide personalized experiences.
Reason 4:  Artificial intelligence can help businesses develop new products and stay ahead of the competition.
Reason 5:  Artificial intelligence can help businesses optimize their operations and reduce costs by improving efficiency and productivity."
"Find the intersecting point of these two lines

Input:
x + 3y = 6
2x - 4y = 3","Find the intersecting point of these two lines.
Equation 1: x + 3y = 6
Equation 2: 2x - 4y = 3
Solve for x: <mask:8>.
Solve for y: <mask:8>.","Equation 1: x + 3y = 6
Equation 2: 2x - 4y = 3
Solve for x: 3x - 6 = 0.
Solve for y: 4y - 3 = 0."
Write a web page about the birds of North America.,"Write a web page about the birds of North America.
Content outline: 
1. Introduction to North American bird species.
2. <mask:12> of notable bird species.
3. Conservation efforts for <mask:8> species.
4. Interactive map highlighting bird habitats in North America.
5. Conclusion summarizing the diversity of North American birds.","Content outline: 
1. Introduction to North American bird species.
2. 5 bird categories with images, descriptions, habitats, and behaviors of notable bird species.
3. Conservation efforts for 5 of the most threatened North American bird species.
4. Interactive map highlighting bird habitats in North America.
5. Conclusion summarizing the diversity of North American birds."
"Restate the first sentence of the text in your own words.

Input:
Nothing is more daunting than speaking in front of a large crowd.","Restate the first sentence of the text in your own words.
Original: Nothing is more daunting than speaking in front of a large crowd.
New sentence: <mask:12>.","Original: Nothing is more daunting than speaking in front of a large crowd.
New sentence: 
Addressing a large group of people can be incredibly intimidating."
What is the purpose of using hashtags on social media?,"What is the purpose of using hashtags on social media?
Definition: <mask:8>.
Example scenario: A user wants to increase visibility for their post about <mask:12>. How could hashtags help in this situation?
Answer: <mask:16>.","
Definition: 
Hashtags are added to posts.
Example scenario: A user wants to increase visibility for their post about 2023 elections and wants to reach a wider audience. How could hashtags help in this situation?
Answer: 
Hashtags can help increase visibility by allowing other users to find the post."
"Rewrite the following sentence using active voice instead of passive voice: The game was watched by hundreds of viewers.

Input:
noinput","Rewrite the sentence using active voice.
Original: The game was watched by hundreds of viewers.
Subject: <mask:10>.
Verb phrase: <mask:14>.
Final sentence: <mask:20>."," using active voice.
Original: The game was watched by hundreds of viewers.
Subject: 
Rewritten: Hundreds of viewers watched the game.
Verb phrase: 
Original: 
Rewritten: Hundreds of viewers watched the game.
Final sentence: 
Original: Hundreds of viewers watched the game.
Rewritten: Hundreds of viewers watched the game."
"Insert a missing word to make a complete sentence: ""The question is difficult to _____.""","Insert a missing word to make a complete sentence.
""The question is difficult to <mask:12>."""," is difficult to ******, but I will do my best to figure it out."""
Explain why stocks are a good form of investment.,"Explain why stocks are a good form of investment.
Definition of stocks: <mask:8>.
Key benefits: <mask:10>.
Considerations for investors: <mask:12>.","
Definition of stocks: 
A piece of ownership in a company.
Key benefits: 
Potential for high returns, diversification, and liquidity.
Considerations for investors: 
Risk involved, market volatility, and potential for significant losses."
"Given a description of a personal event, write a verse in haiku style.

Input:
Swimming in the sea on a sunny day","Given a description of a personal event, write a verse in haiku style.
Event: Swimming in the sea on a sunny day.
Line 1: <mask:8>.
Line 2: <mask:8>.
Line 3: <mask:8>.","Event: Swimming in the sea on a sunny day.
Line 1: 
Sun's warm rays kiss the sea.
Line 2: 
Waves caress my bare skin.
Line 3: 
Nature's song, wild and free."
"Make a smoothie using these ingredients: frozen strawberries, banana, orange juice, and honey.","Make a smoothie using these ingredients: frozen strawberries, banana, orange juice, and honey.
Fruit: <mask:5>.
Liquid: <mask:8>.
Sweetener: <mask:11>.
Final mixture: <mask:14>.","
Fruit: 1 frozen strawberry and banana.
Liquid: 1 1/2 cups orange juice.
Sweetener: 1 tablespoon honey.
Base: 1 cup milk.
Final mixture: 1 cup ice cubes.
Final mixture: 1 cup ice cubes."
"Report a bug for the given software.

Input:
The newly released online shopping widget has been crashing intermittently.","Report a bug for the given software.
Issue description: The newly released online shopping widget has been crashing intermittently.
Steps to reproduce: 
1. <mask:5>
2. <mask:7>
Expected outcome: A stable online shopping experience.
Actual outcome: <mask:10>.",": The newly released online shopping widget has been crashing intermittently.
Steps to reproduce: 
1.  Open the software application.
2.  Navigate to the online shopping widget.
Expected outcome: A stable online shopping experience.
Actual outcome:  The widget crashes intermittently, disrupting the user experience."
Describe the evolutionary theory,"Describe the evolutionary theory.
Definition: <mask:8>.
Proposer: <mask:10>.
Key concept: <mask:12>.",".
Definition:  A theory explaining how organisms change over time.
Proposer:  Charles Darwin in the mid-19th century.
Key concept:  Natural selection, the process by which organisms adapt to their environment."
Suggest a topic for a book about developing countries,"Suggest a topic for a book about developing countries.
Category: <mask:12>.
Focus: <mask:10>.
Potential theme: <mask:16>.",".
Category: 
Non-fiction.
Genre: 
Business and Economics.
Focus: 
The growth of the private sector in developing countries.
Potential theme: 
The impact of Globalization on the growth of the private sector in developing countries."
Create instructions for how to make an omelette.,"Create instructions for how to make an omelette.
Ingredients: Eggs, milk, salt, pepper, butter.
Step 1: Crack <mask:2> eggs into a bowl.
Step 2: Whisk the eggs until <mask:4>.
Step 3: Heat <mask:1> in a pan over medium heat.
Step 4: Pour the egg mixture into the pan and let it cook until the bottom is set.
Step 5: Fold the omelette in half and cook for another <mask:2> minutes.","
Ingredients: Eggs, milk, salt, pepper, butter.
Step 1: Crack 2  eggs into a bowl.
Step 2: Whisk the eggs until  they are well combined.
Step 3: Heat  butter in a pan over medium heat.
Step 4: Pour the egg mixture into the pan and let it cook until the bottom is set.
Step 5: Fold the omelette in half and cook for another 2  minutes."
Generate a list of 3 potential strategies to reduce pollution in an urban area.,"Generate a list of 3 potential strategies to reduce pollution in an urban area.
Strategy 1: <mask:8>
Strategy 2: <mask:10>
Strategy 3: <mask:12>","
Strategy 1:  Implement stricter regulations on industrial waste emissions.
Strategy 2:  Increase the use of public transportation and electric vehicles.
Strategy 3:  Encourage the planting of green spaces and trees in urban areas."
Write a tweet that promotes a local musician,"Write a tweet that promotes a local musician.
Username: @LocalTalentSeeker
Tweet content: <mask:12>. 
Hashtags: <mask:8>.",".
Username: @LocalTalentSeeker
Tweet content: 
Check out the amazing music of @LocalTalentSeeker. 
Hashtags: 
#LocalMusic #TalentSeeker."
Name some advantages of using AI in business,"Name some advantages of using AI in business
Advantage 1: <mask:8>
Advantage 2: <mask:10>
Advantage 3: <mask:12>","
Advantage 1:  AI can automate processes and improve efficiency.
Advantage 2:  AI can analyze large datasets and provide valuable insights.
Advantage 3:  AI can help businesses make better decisions and improve customer experiences."
Give a detailed description of the differences between Marxism and Capitalism.,"Give a detailed description of the differences between Marxism and Capitalism.
Marxism emphasizes <mask:10> over production, while Capitalism focuses on <mask:10>.
Key principles in Marxism include <mask:16>, whereas Capitalism prioritizes <mask:16>.","
Marxism emphasizes 
social equality, collective ownership, and state control over production, while Capitalism focuses on 
individual freedom, private property, and market competition.
Key principles in Marxism include 
classless society, class struggle, and collective ownership of the means of production, whereas Capitalism prioritizes 
private property, individual initiative, and the accumulation of wealth through labor and entrepreneurship."
"Suggest a vegetarian dish using the ingredients provided.

Input:
rice, beans, onions, peppers","Suggest a vegetarian dish using the ingredients provided.
Ingredients: rice, beans, onions, peppers
Protein source: <mask:8>
Starchy ingredient: <mask:6>
Vegetables: <mask:10>
Dish name: <mask:14>"," rice, beans, onions, peppers
Protein source: 
- Canned black beans 

Starchy ingredient: 
- Brown rice 

Vegetables: 
- Onions
- Peppers 

Dish name: 
- Brown Rice and Black Bean Bowl with Onions and Peppers"
"Identify a theme in William Wordsworth’s poem, “Daffodils”","Identify a theme in William Wordsworth’s poem, “Daffodils”
Poem excerpt:
I wandered lonely as a cloud
That floats on high o'er vales and hills,
When all at once I saw a crowd,
A host, of golden **<mask:8>**.
Reasoning clue: <mask:12>.","Poem excerpt:
I wandered lonely as a cloud
That floats on high o'er vales and hills,
When all at once I saw a crowd,
A host, of golden **daffodils dancing in a breeze**.
Reasoning clue:  The poem evokes a sense of solitude and the beauty of nature."
Explain how GitHub can be used as a project management tool.,"Explain how GitHub can be used as a project management tool.
Step 1: Identify the key features of GitHub for project management.
Step 2: List <mask:3> benefits of using GitHub for project tracking.
Step 3: Describe <mask:2> ways to manage tasks within GitHub repositories.
Step 4: Explain <mask:4> how to integrate GitHub with other project management tools.","
Step 1: Identify the key features of GitHub for project management.
Step 2: List 3+ potential benefits of using GitHub for project tracking.
Step 3: Describe 3+ ways to manage tasks within GitHub repositories.
Step 4: Explain 2+ examples of how to integrate GitHub with other project management tools."
"Calculate the average year-over-year growth rate of the given market.

Input:
Global e-commerce market","Calculate the average year-over-year growth rate of the given market.
Market: Global e-commerce market
Growth rate period 1: <mask:12>
Growth rate period 2: <mask:12>
Average growth rate: <mask:8>","Market: Global e-commerce market
Growth rate period 1: 2019-2020 (5%)
Growth rate period 2: 2020-2021 (3%)
Average growth rate: 8 / 2 = 4%"
Create a sentence about the history of France,"Create a sentence about the history of France.
Historical period: <mask:12>.
Significant event: <mask:8>.
Sentence: <mask:16>.",".
Historical period: 18th century.
Key figure: Louis XIV.
Significant event: 1789 French Reign of Terror.
Sentence: 
Louis XIV ruled before the 1789 French Reign of Terror."
List four steps to reduce health care costs.,"List four steps to reduce health care costs.
Step 1: <mask:8>.
Step 2: <mask:10>.
Step 3: <mask:12>.
Step 4: <mask:14>.","
Step 1:  Implement preventive care measures to reduce medical expenses.
Step 2:  Utilize telemedicine to reduce in-person care costs.
Step 3:  Streamline health care delivery and billing processes to reduce administrative costs.
Step 4:  Advocate for health insurance coverage and reimbursement rates to reduce out-of-pocket costs."
"Write a URL using a given text-string

Input:
diversity in tech","Write a URL using a given text-string.
Text-string: diversity in tech
URL structure: <mask:8>.
Final URL: <mask:16>.","
Text-string: diversity in tech
URL structure: 
https://www.example.com/
.
Final URL: 
https://www.example.com/diversity-in-tech."
"Sort the following shapes in ascending order according to their area

Input:
Rectangle, Circle, Triangle","Sort the following shapes in ascending order according to their area.
Shapes: Rectangle, Circle, Triangle
Area of Rectangle: <mask:8>
Area of Circle: <mask:10>
Area of Triangle: <mask:12>","Shapes: Rectangle, Circle, Triangle
Area of Rectangle: 10 cm * 20 cm
Area of Circle: 3.14 * 5 cm^2
Area of Triangle: 0.5 * 10 cm * 5 cm"
"Rewrite the sentence and use the word 'presidential'

Input:
Alice got an exciting job at a high-level company.","Rewrite the sentence and use the word 'presidential'.
Original: Alice got an exciting job at a high-level company.
Subject: <mask:8>.
Adjective: <mask:12>.
Final sentence: <mask:16>.","
Original: Alice got an exciting job at a high-level company.
Subject:  Alice.
Verb:  has secured.
Adjective:  presidential.
Object:  job at a high-level company.
Final sentence: 

Alice has secured a **presidential** job at a high-level company."
Learn a new skill online in one hour.,"Learn a new skill online in one hour.
Step 1: Choose a skill to learn.
Time allowed: <mask:8> minutes.
Step 2: Find an online course or tutorial.
Time allowed: <mask:10> minutes.
Step 3: Complete the learning session.
Time allowed: <mask:12> minutes.","
Step 1: Choose a skill to learn.
Time allowed: 5 minutes.
Elapsed: 5 minutes.
Step 2: Find an online course or tutorial.
Time allowed: 10 minutes.
Elapsed: 10 minutes.
Step 3: Complete the learning session.
Time allowed: 45 minutes.
Time Elapsed: 45 minutes."
"Given the name of the city, identify the major attractions there.

Input:
Tokyo","Given the name of the city, identify the major attractions there.
City: Tokyo
Attraction 1: <mask:12>
Attraction 2: <mask:12>
Attraction 3: <mask:16>",": Tokyo
Attraction 1: 
The Tokyo晴空 Tower is a major attraction in Tokyo.
Attraction 2: 
The Tokyo National Museum is a major attraction in Tokyo.
Attraction 3: 
The Fushimi Inari Shrine is a major attraction in Tokyo."
Convert 5 yards to feet,"Convert 5 yards to feet.
Conversion factor: <mask:8>.
Calculation: <mask:12>.",".
Conversion factor: 1 yard is equal to 3 feet.
Calculation: 5 yards * 3/yard = 15 feet."
"Identify the most suitable genre for the given text.

Input:
It was a cold winter night and a man was walking through the snow-covered streets until he saw something strange in the sky.","Identify the most suitable genre for the given text.
Input: It was a cold winter night and a man was walking through the snow-covered streets until he saw something strange in the sky.
Genre options: <mask:8>.
Reasoning: <mask:12>.","Input: It was a cold winter night and a man was walking through the snow-covered streets until he saw something strange in the sky.
Genre options: 
Fantasy, Mystery, Horror, Fiction.
Reasoning: 
The text describes a realistic scene of a cold winter night."
Give me a general overview of Artificial Intelligence (AI).,"Give me a general overview of Artificial Intelligence (AI).
Definition: <mask:10>.
Key applications: <mask:12>.
Main types: <mask:8>.
Brief history: <mask:14>.","
Definition:  The simulation of human intelligence in machines and computer systems.
Key applications:  Natural language processing, computer vision, speech recognition, autonomous systems.
Main types:  Machine learning, deep learning, neural networks.
Brief history:  Developed in the 1950s, with significant advancements since."
Are tarantulas poisonous? Give a detailed answer.,"Are tarantulas poisonous? Give a detailed answer.
Fact: Tarantulas belong to the family <mask:8>.
Toxic component: They possess <mask:10>.
Effect on humans: In rare cases, their bite can cause symptoms similar to a <mask:12>.","
Fact: Tarantulas belong to the family  Theraphosidae of arachnids.
Toxic component: They possess  fangs that contain a small amount of  venom.
Effect on humans: In rare cases, their bite can cause symptoms similar to a  bee sting, such as redness, swelling, and mild pain."
"Rewrite the sentence: ""I should of been there earlier""","Rewrite the sentence: ""I should of been there earlier""
Original: I should of been there earlier.
Subject: <mask:5>.
Verb phrase: <mask:10>.
Corrected sentence: <mask:15>.","
Original: I should of been there earlier.
Subject: 
- Subject: I.
Verb phrase: 
- Verb phrase: should of been there earlier.
Corrected sentence: 
- 
- Corrected sentence: I should have been there earlier."
Create a short story with the setting of a busy airport.,"Create a short story with the setting of a busy airport.
Setting: A bustling international airport during peak travel season.
Character introduction: <mask:12>.
Plot twist: <mask:16>.
Ending: <mask:20>.","
Setting: A bustling international airport during peak travel season.
Character introduction:  A young woman named Emily is rushing to catch her connecting flight.
Plot twist:  She encounters a mysterious stranger who helps her find her way through the crowded airport terminals.
Ending:  Emily successfully boards her flight and continues on her journey, feeling grateful for the encounter with the mysterious stranger."
How much does the Earth weigh?,"How much does the Earth weigh?
Estimate in scientific notation: <mask:12>.
Known mass reference: <mask:12>.","
Estimate in scientific notation: 5.97 x 10^24 kg.
Known mass reference: 5.97 x 10^24 kg."
"Label each of the given pieces of data as either ""discrete"" or ""continuous"".

Input:
Height","Label each piece of data as either ""discrete"" or ""continuous"".
Data 1: Height
Type: <mask:5>."," piece of data as either ""discrete"" or ""continuous"".
Data 1: Height
Type: 

Type: continuous."
Name 5 popular musical instruments.,"Name 5 popular musical instruments.
String instruments: <mask:8>.
Percussion instruments: <mask:8>.
Other instruments: <mask:10>.","
String instruments:  guitar, violin, cello, viola.
Percussion instruments:  drums, piano, guitar, harmonica.
Other instruments:  flute, saxophone, clarinet, oboe."
Create a funny story that uses metaphors,"Create a funny story that uses metaphors.
Story prompt: Once upon a time, in a <mask:3>, there lived a <mask:5> who was known far and wide for his <mask:8>. One sunny day, he decided to embark on a journey to find the <mask:10>.",".
Story prompt: Once upon a time, in a 2-dimensional world, there lived a 3-dimensional man named Tim who was known far and wide for his 4-dimensional wisdom and 5-dimensional humor. One sunny day, he decided to embark on a journey to find the 6-dimensional treasure hidden in the 7-dimensional forest."
Generate a resumé for a data scientist.,"Generate a resumé for a data scientist.
Personal Information:
- Name: <mask:12>
- Contact: <mask:16>

Professional Summary:
<mask:20>

Experience:
1. Data Scientist at TechCorp (2018 - Present)
   - Developed predictive models using <mask:8> and <mask:8>.
   - Collaborated with cross-functional teams to improve product features.
   - <mask:32>

Education:
- Master's in Data Science from University X (2015 - 2018)
- Bachelor's in Computer Science from University Y (2011 - 2015)

Skills:
- Proficient in <mask:16>
- Experience with <mask:16>
- Knowledge of <mask:16>

Projects:
1. <mask:32>
2. <mask:32>

Certifications:
- Certified Data Scientist from DataCert (20","
Personal Information:
- Name:  John Doe
- Email:  john.doe@example.com
- Contact:  +1 (123) 456-7890

Professional Summary:
Highly skilled Data Scientist with over 5 years of experience in leveraging data analytics to drive business growth.

Experience:
1. Data Scientist at TechCorp (2018 - Present)
   - Developed predictive models using  Python, R,  SQL,  and  Tableau to forecast customer behavior and market trends.
   - Collaborated with cross-functional teams to improve product features.
   -  Analyzed large datasets to identify patterns and insights to inform business decisions.
   -  Created data visualizations to communicate complex data insights to non-technical stakeholders.

Education:
- Master's in Data Science from University X (2015 - 2018)
- Bachelor's in Computer Science from University Y (2011 - 2015)

Skills:
- Proficient in  Python,  R,  SQL,  Tableau,  and  Excel.
- Experience with  machine learning,  deep learning,  data analysis,  and  visualization.
- Knowledge of  data mining,  data engineering,  data modeling,  and  statistics.

Projects:
1.  Predictive Modeling for Customer Churn
   - Developed a predictive model to forecast customer churn, resulting in a 20% reduction in churn rate.

2.  Data Analysis for Sales Growth
   - Analyzed sales data to identify trends and areas for improvement, resulting in a 15% increase in sales revenue.

Certifications:
- Certified Data Scientist from DataCert (20"
"Create a story following the prompt.

Input:
She was walking home late at night and came across something strange in the street.","Create a story following the prompt.
Context: She was walking home late at night and came across something strange in the street.
Setting: <mask:12>.
Character action: <mask:12>.
Revealing the strange object: <mask:16>.","Context: She was walking home late at night and came across something strange in the street.
Setting:  The street was dark and quiet, with streetlights barely visible.
Character action:  She knelt down to get a look at the strange object.
Revealing the strange object:  It was a small, ornate box with a single, glowing gem in the center."
Generate a list of questions to ask a user when creating an account.,"Generate a list of questions to ask a user when creating an account.
Personal information: <mask:12>.
Password criteria: <mask:12>.
Account verification: <mask:8>.
Privacy settings: <mask:12>.","
Personal information: 
Name, email, phone number, address, birthdate.
Password criteria: 
Minimum length, case sensitivity, special characters, password history.
Account verification: 
Email, phone number, security questions.
Privacy settings: 
Data sharing, data storage, data usage, data deletion."
Create a content plan for a blog post about the benefits of using voice recognition technology.,"Create a content plan for a blog post about the benefits of using voice recognition technology.
Blog topic: Voice Recognition Technology Benefits
Outline step 1: Introduction to voice recognition technology (VR) <mask:10>.
Outline step 2: Discuss the advantages of VR in personal use (<mask:12>).
Outline step 3: Explain VR applications in business settings (<mask:12>).
Outline step 4: Highlight privacy concerns and solutions (<mask:16>).","
Blog topic: Voice Recognition Technology Benefits
Outline step 1: Introduction to voice recognition technology (VR)  and its various applications in both personal and professional settings.
Outline step 2: Discuss the advantages of VR in personal use (e.g., increased convenience, enhanced productivity, and improved accessibility).
Outline step 3: Explain VR applications in business settings (e.g., customer service, data entry, and remote collaboration).
Outline step 4: Highlight privacy concerns and solutions (e.g., data security, user consent management, and compliance with data protection regulations)."
Generate the name for a mobile application that allows users to order food from their local restaurants.,"Generate the name for a mobile application that allows users to order food from their local restaurants.
App category: <mask:8>.
Target user demographic: <mask:10>.
Proposed app name: <mask:12>.","
App category: 
Food delivery and on-demand food service.
Target user demographic: 
Young adults aged 18-35.
Proposed app name: 
DineDash, FoodFlix, or EatsEase."
Tell the story of the Little Mermaid in 4 sentences.,"Tell the story of the Little Mermaid in 4 sentences.
Sentence 1: <mask:10>.
Sentence 2: <mask:12>.
Sentence 3: <mask:16>.
Sentence 4: <mask:20>.","
Sentence 1:  There was a mermaid who lived in the ocean.
Sentence 2:  She had a long, flowing tail and long, flowing hair.
Sentence 3:  One day, she met a handsome prince named Eric and fell in love with him.
Sentence 4:  However, she had to trade her voice and tail for a human body in order to be with him."
Name two people who were the first to reach the South pole.,"Name two people who were the first to reach the South pole.
First person: <mask:10>.
Second person: <mask:12>.","
First person:  Ro Amundsen in 1911.
Second person:  Roald Amundsen  in 1912."
"Answer this question: ""What are the advantages of using AI in healthcare?""","Answer this question: What are the advantages of using AI in healthcare?
Advantage 1: <mask:8>.
Advantage 2: <mask:10>.
Advantage 3: <mask:12>."," What are the advantages of using AI in healthcare?
Advantage 1:  AI can help improve diagnostic accuracy and speed.
Advantage 2:  AI can help improve patient outcomes and reduce healthcare costs.
Advantage 3:  AI can help streamline administrative tasks and improve efficiency in healthcare delivery."
"Create a 3D rendering of a house using the provided dimensions.

Input:
Height: 40 feet
Width: 30 feet
Length: 20 feet","Create a 3D rendering of a house using the provided dimensions.
Height: <mask:8> feet
Width: <mask:6> feet
Length: <mask:4> feet
Rendering software: <mask:10>.","Height: 102.1875 feet
Width: 21.875 feet
Length: 37.5 feet
Rendering software: 3ds Max
Rendering engine: V-Ray Pro."
Suggest two solutions for reducing emissions in urban cities.,"Suggest two solutions for reducing emissions in urban cities.
Solution 1: <mask:12>.
Solution 2: <mask:16>.","
Solution 1: 
Implement green building practices and renewable energy sources to reduce emissions.
Solution 2: 
Encourage the use of electric vehicles and promote public transportation to reduce transportation emissions."
"Given a sentence, make it more concise while keeping its meaning intact.

Input:
The house was situated in an area where it was surrounded by trees on all sides.","Given a sentence, make it more concise while keeping its meaning intact.
Original: The house was situated in an area where it was surrounded by trees on all sides.
Clue: <mask:10>.
Revised: <mask:4>.","Original: The house was situated in an area where it was surrounded by trees on all sides.
Clue: 
The house was surrounded by trees on all sides.
Revised: 
House surrounded trees."
"Describe what the boy must be feeling in the following scenario.

Input:
The little boy walked out of school, alone.","Describe what the boy must be feeling in the following scenario.
Scenario: The little boy walked out of school, alone.
Emotion clue: <mask:8>.
Boy's feelings: <mask:12>.","Scenario: The little boy walked out of school, alone.
Emotion clue:  The boy's eyes were red and crying.
Boy's feelings:  The boy must be feeling lonely, sad, and possibly scared."
"Generate two similar sounding but semantically different words to contrast this word.

Input:
Light","Generate two similar sounding but semantically different words to contrast this word.
Word: Light
Similar-sounding word 1: <mask:12>
Semantically different word 1: <mask:16>",": Light
Similar-sounding word 1:  Night
Similar-sounding word 2:  Flight

Semantically different word 1:  Dark
Semantically different word 2:  Heavy"
"Take this text and transcribe it into a different language.

Input:
This article provides detailed information on black holes, a phenomenon in astronomy where gravity is so strong that not even light, the fastest particles in the universe, can escape its grasp.","Take this text and transcribe it into a different language.
Input:
This article provides detailed information on black holes, a phenomenon in astronomy where gravity is so strong that not even light, the fastest particles in the universe, can escape its grasp.
Target language: <mask:8>.
Transcription steps: <mask:12>.
Final translation: <mask:16>.","Input:
This article provides detailed information on black holes, a phenomenon in astronomy where gravity is so strong that not even light, the fastest particles in the universe, can escape its grasp.
Target language: 
Transcribe the given text into French.
Transcription steps: 
1. Translate the meaning of the given text into French.
Final translation: 
Voici la traduction finale du texte donnée en français."
Edit the following statement: 'Everyone are special'.,"Edit the following statement.
Original: Everyone are special.
Subject: <mask:8>.
Verb: <mask:12>.
Corrected statement: <mask:16>.",".
Original: Everyone are special.
Subject: 
Everyone 

Everyone is singular.
Verb: 
are 

are is plural but Everyone is singular.
Corrected statement: 
Everyone is special.

Corrected statement: 
Everyone is special."
"Given a pair of numbers, generate an equation that will produce an output as close to 50 as possible.

Input:
5 and 8","Given a pair of numbers, generate an equation that will produce an output as close to 50 as possible.
Numbers: 5 and 8
Equation structure: <mask:12>
First number: <mask:4>
Operation: <mask:6>
Second number: <mask:8>","Numbers: 5 and 8
Equation structure: 
Output: 50
Step 1: 
First number: 
Output: 
Operation: 
Step 2: 
Second number: 
Output: 
Operation: "
List the factors which may lead to imbalance in nature.,"List the factors which may lead to imbalance in nature.
Environmental factors: <mask:12>.
Human activities: <mask:12>.
Natural disasters: <mask:8>.
Biological interactions: <mask:16>.","
Environmental factors:  temperature, precipitation, humidity, wind patterns, and soil quality.
Human activities:  deforestation, pollution, overfishing, hunting, and climate change.
Natural disasters:  earthquakes, floods, hurricanes, and wildfires.
Biological interactions:  predator-prey relationships, competition for resources, symbiosis, and mutualism."
"Analyze the following text and detect any signs of plagiarism.

Input:
The internet has become a vast source of information with a seemingly infinite number of websites, blogs, and resources. It is easy to overlook the fact that, in many cases, the content on these websites is created and owned by someone else.","Analyze the text and detect any signs of plagiarism.
Input: The internet has become a vast source of information with a seemingly infinite number of websites, blogs, and resources. It is easy to overlook the fact that, in many cases, the content on these websites is created and owned by someone else.
Content analysis: <mask:16>.
Plagiarism indicators: <mask:10>."," text and detect any signs of plagiarism.
Input: The internet has become a vast source of information with a seemingly infinite number of websites, blogs, and resources. It is easy to overlook the fact that, in many cases, the content on these websites is created and owned by someone else.
Content analysis: 
The text is a general statement about the internet and the ownership of its content.
Plagiarism indicators: 
There are no obvious plagiarism indicators in the text."
"Generate a conversation between two characters by explaining the following statement.

Input:
Sam was feeling very guilty because he knew he was wrong.","Generate a conversation between two characters by explaining the following statement.
Statement: Sam was feeling very guilty because he knew he was wrong.
Character 1: Why does Sam feel so <mask:8>?
Character 2: Sam realized his mistake and now feels <mask:10>.",": Sam was feeling very guilty because he knew he was wrong.
Character 1: Why does Sam feel so  'guilty' about what he did?
Character 2: Sam realized his mistake and now feels  'guilty' because he knows he was wrong."
"Write the output for the given input to the code.

Input:
def say_hello(name):
 print('Hello ' + name + '!')

input:
Tyra","Write the output for the given input to the code.
Function:
```python
def say_hello(name):
    print('Hello ' + name + '!')
```
Input: Tyra
Expected output: <mask:12>.","Function:
```python
def say_hello(name):
    print('Hello ' + name + '!')
```
Input: Tyra
Expected output: 
```
Hello Tyra!
```."
"Explain the following statement: ""The project was cancelled due to budget constraints.""","Explain the following statement.
Statement: ""The project was cancelled due to budget constraints.""
Reasoning clue: <mask:8>.
Key factors: <mask:12>.",".
Statement: ""The project was cancelled due to budget constraints.""
Reasoning clue: 
Budget constraints can lead to project cancellation.
Key factors: 
1. Project was cancelled.
2. Budget constraints."
"Take the following sentence: ""The key to success is to stay focused and determined,"" Rewrite the sentence using a different verb.","Take the following sentence: ""The key to success is to stay focused and determined,""  
Rewrite the sentence using a different verb.  
Original: ""The key to success is to stay focused and determined,""  
New verb: <mask:8>.  
Revised sentence: <mask:16>.","  
Rewrite the sentence using a different verb.  
Original: ""The key to success is to stay focused and determined,""  
New verb: 

Please fill in the new verb.  
Revised sentence: 
The key to success is to (insert the new verb) focused and determined."
"Classify a set of data as valid or invalid.

Input:
Apple, Amazon, Google","Classify a set of data as valid or invalid.
Data set: Apple, Amazon, Google
Validation criteria: <mask:10>.
Classification: <mask:5>."," set: Apple, Amazon, Google
Validation criteria:  The data set should contain names of major technology companies.
Classification:  The data set is valid."
"Write a sentence using the idiom ""raining cats and dogs""

Input:
<No input>","Write a sentence using the idiom ""raining cats and dogs"".
Idiom: <mask:12>.
Sentence: <mask:16>.","Idiom:  ""raining cats and dogs"" means it is raining very heavily.
Sentence:  It's raining cats and dogs outside, so don't forget to bring an umbrella."
"Identify if the following sentence is present perfect or present simple. Output 1 for present perfect, and 0 for present simple.

Input:
I have heard this song before.","Identify if the following sentence is present perfect or present simple. Output 1 for present perfect, and 0 for present simple.
Sentence: I have heard this song before.
Tense: <mask:8>.","Sentence: I have heard this song before.
Tense: 1 present perfect, 0 present simple."
"Compose an essay analyzing the role of fate in the novel ""The Alchemist""","Compose an essay analyzing the role of fate in the novel ""The Alchemist"".
Introduction: <mask:10>.
Body paragraphs: <mask:12>, <mask:12>, <mask:12>.
Conclusion: <mask:10>.",""".
Introduction: 1. Describe the novel and the concept of fate.
Body paragraphs: 1. Discuss the role of fate in the protagonist's journey, 2. Analyze how fate relates to other characters in the novel, 3. Examine the impact of fate on the novel's themes.
Conclusion: 1. Summarize the main points of the essay."
"Given a person, suggest a creative project.

Input:
A filmmaker","Given a person, suggest a creative project.
Person: A filmmaker.
Project idea: <mask:12>.
Creative aspect: <mask:8>.","Person: A filmmaker.
Project idea:  Create a documentary about the impact of social media on mental health.
Creative aspect:  Use virtual reality technology to present the documentary."
"Come up with a rhymable phrase for ""space race"".","Come up with a rhymable phrase for ""space race"".
Phrase: <mask:12>.","
Phrase: 

In the great space race, we soar through space."
Explain corporate social responsibility in one sentence.,"Explain corporate social responsibility in one sentence.
Definition: <mask:10>.","
Definition: 
Corporate Social Responsibility (CSR) in one sentence."
"Given a text, classify it as fiction or non-fiction.

Input:
The Hobbit is a story about the quest of a young hobbit to return the lost treasure of the dragon.","Given a text, classify it as fiction or non-fiction.
Text: The Hobbit is a story about the quest of a young hobbit to return the lost treasure of the dragon.
Classification clue: <mask:8>.
Category: <mask:4>.","Text: The Hobbit is a story about the quest of a young hobbit to return the lost treasure of the dragon.
Classification clue:  The text is a story about a quest.
Category:  fiction or non-fiction."
"Edit a text to make it more concise and more engaging.

Input:
Text: I always read books to gain knowledge and understanding of different topics. Books have helped me develop my skills and understanding. Furthermore, books have enabled me to learn more about the world and its people.","Edit the text to make it more concise and engaging.
Original: I always read books to gain knowledge and understanding of different topics. Books have helped me develop my skills and understanding. Furthermore, books have enabled me to learn more about the world and its people.
Main idea: <mask:10>.
Key benefit: <mask:12>.
Conclusion: <mask:16>."," and engaging.
Original: I always read books to gain knowledge and understanding of different topics. Books have helped me develop my skills and understanding. Furthermore, books have enabled me to learn more about the world and its people.
Main idea: 
Reading books is essential for gaining knowledge and understanding.
Key benefit: 
Books help develop skills and broaden our understanding of the world.
Conclusion: 
Reading books is a valuable tool for personal growth and learning more about the world."
"Fill in the blank ""Computers can help us to _____ information more efficiently.""","Fill in the blank ""Computers can help us to <mask:10> information more efficiently."""," _______________________________________ data, automate tasks, and access information more efficiently."""
How does one add a chart to a document?,"How does one add a chart to a document?
Step 1: Open the document in a word processor.
Step 2: Click on <mask:5> from the top menu.
Step 3: Select ""Insert Chart"" or a similar option.
Step 4: Choose a chart type from the <mask:8> options available.
Final action: <mask:12>.","
Step 1: Open the document in a word processor.
Step 2: Click on  the ""Insert"" tab from the top menu.
Step 3: Select ""Insert Chart"" or a similar option.
Step 4: Choose a chart type from the  ""Chart Type"" dropdown menu or other options available.
Final action:  Click on ""OK"" to add the chart to the document."
Identify five items of clothing needed to survive in cold weather.,"Identify five items of clothing needed to survive in cold weather.
Clothing category 1: <mask:10>.
Clothing category 2: <mask:12>.
Clothing category 3: <mask:14>.
Clothing category 4: <mask:16>.
Clothing category 5: <mask:18>.","
Clothing category 1: 
- Outerwear: coat, jacket, sweater.
Clothing category 2: 
- Handwear: mittens,ittens, and gloves.
Clothing category 3: 
- Legwear: leggings, tights, snow pants, and socks.
Clothing category 4: 
- Headwear: hat, beanie, beanie, and headband.
Clothing category 5: 
- Footwear: boots, insulated boots, snow boots, and closed-toe boots."
"Compose a short poem with the following words: beauty, dream, sun and blue.","Compose a short poem with the following words: beauty, dream, sun, and blue.
Words: beauty, dream, sun, <mask:12>.
Line 1: The <mask:4> of dawn paints the sky.
Line 2: In its embrace, my <mask:5> takes flight.
Final stanza: <mask:16>.",", and blue.
Words: beauty, dream, sun,  blue.

Title: A Dream in the Blue Sky.
Line 1: The  **beauty**  of dawn paints the sky.
Line 2: In its embrace, my  **dreams**  takes flight.
Final stanza:  The **sun**  rises high, in the  **blue**  sky."
"Describe the end product of this recipe.

Input:
Ingredients 
- 2 cups of flour 
- 2/3 cup of sugar 
- 1/2 cup of butter 
- 1/2 teaspoon of baking powder 
- 1/2 teaspoon of salt 
- 2 eggs 
- 1 teaspoon of vanilla","Describe the end product of this recipe.
Ingredients:
- 2 cups of flour
- 2/3 cup of sugar
- 1/2 cup of butter
- 1/2 teaspoon of baking powder
- 1/2 teaspoon of salt
- 2 eggs
- 1 teaspoon of vanilla
Expected item count: <mask:8>.",":
- 2 cups of flour
- 2/3 cup of sugar
- 1/2 cup of butter
- 1/2 teaspoon of baking powder
- 1/2 teaspoon of salt
- 2 eggs
- 1 teaspoon of vanilla
Expected item count: 12-14 chocolate chip cookies."
"Explain the language used in this poem

Input:
The stars went out one by one","Explain the language used in this poem.
Line: The stars went out one by one
Figurative language clue: <mask:8>.
Implication: <mask:10>.","Line: The stars went out one by one
Figurative language clue: 
The stars went out one by one.
Implication: 
The stars are slowly disappearing, one by one."
"Given a list of names, sort it in alphabetical order.

Input:
John, Jack, Lisa, Kate","Given a list of names, sort it in alphabetical order.
Names: John, Jack, Lisa, Kate
First name: <mask:5>
Second name: <mask:9>
Third name: <mask:13>
Fourth name: <mask:17>"," John, Jack, Lisa, Kate
First name: 
1. John

Second name: 
1. John
2. Jack

Third name: 
1. John
2. Jack
3. Lisa

Fourth name: 
1. John
2. Jack 
3. Lisa
4. Kate"
Generate an article discussing the pros and cons of eating organic food.,"Generate an article discussing the pros and cons of eating organic food.
Introduction: Organic food has become increasingly popular in recent years.
Pros: <mask:12>, improved soil health, and reduced use of pesticides.
Cons: Higher cost, potential nutrient deficiencies, and <mask:12>.
Conclusion: While organic food offers several benefits, consumers should weigh these against potential drawbacks before making purchasing decisions.","
Introduction: Organic food has become increasingly popular in recent years.
Pros:  Organic food offers potential health benefits, reduced exposure to harmful chemicals, improved soil health, and reduced use of pesticides.
Cons: Higher cost, potential nutrient deficiencies, and 100% organic products may not always be readily available.
Conclusion: While organic food offers several benefits, consumers should weigh these against potential drawbacks before making purchasing decisions."
"Given a list of sounds, describe how each sound is produced.

Input:
Sounds – laughter, barking","Given a list of sounds, describe how each sound is produced.
Sound 1: laughter
Production clue: <mask:8>.
Sound 2: barking
Production clue: <mask:10>.","Sound 1: laughter
Production clue:  The sound is produced by human vocal cords.
Sound 2: barking
Production clue:  The sound is produced by a dog's vocal cords."
"Construct an argument justifying a viewpoint.

Input:
We should end animal testing","Construct an argument justifying a viewpoint.
Viewpoint: We should end animal testing.
Step 1: Identify the main ethical concern with animal testing: <mask:10>.
Step 2: Discuss potential alternatives to animal testing: <mask:12>.
Step 3: Address possible counterarguments against ending animal testing: <mask:14>.
Step 4: Conclude with a strong statement supporting the viewpoint: <mask:18>.","point: We should end animal testing.
Step 1: Identify the main ethical concern with animal testing: 
- Animal testing can cause unnecessary suffering and death.
Step 2: Discuss potential alternatives to animal testing: 
- In vitro testing, computer simulations, and human trials.
Step 3: Address possible counterarguments against ending animal testing: 
- The limitations of alternative methods and the importance of protecting human health.
Step 4: Conclude with a strong statement supporting the viewpoint: 
- Given the ethical concerns and the availability of viable alternatives, we should end animal testing."
"Organizing the items below into categories.

Input:
Key, Pen, Pencil, Eraser","Organizing the items below into categories.
Items: Key, Pen, Pencil, Eraser
Category 1: <mask:8>
Category 2: <mask:8>"," Key, Pen, Pencil, Eraser
Category 1: 
- Key 
- Pen

Category 2: 
- Pencil 
- Eraser"
"Identify which of these objects is not a mineral.

Input:
Garnet, Gold, Ceramic","Identify which of these objects is not a mineral.
Objects: Garnet, Gold, Ceramic
Classification clue: <mask:8>.
Non-mineral item: <mask:4>.","Objects: Garnet, Gold, Ceramic
Classification clue: 
Mineral item:  inorganic solid.
Non-mineral item:  organic or synthetic solid."
Compose a short story about a girl who discovers a mysterious artifact.,"Compose a short story about a girl who discovers a mysterious artifact.
Character name: <mask:8>.
Setting: <mask:12>.
First clue found: <mask:16>.
Moral lesson: <mask:12>.","
Character name:  Lily, a 12-year-old.
Setting:  A small, picturesque village nestled in the heart of the countryside.
First clue found:  A small, intricately carved wooden box hidden behind a bookshelf in the village library.
Moral lesson:  The importance of curiosity and the value of following one's instincts."
"Construct a palindrome sentence containing the word ""happy"".","Construct a palindrome sentence containing the word ""happy"".
Sentence: <mask:12>.
Palindrome check: <mask:8>.","
Sentence: 
A man, a plan, a cat, happy Panama.
Palindrome check: 
The sentence is a palindrome."
"Customize a recipe for a given diet.

Input:
Recipe: Chocolate Cake
Diet: Vegan","Customize a recipe for a given diet.
Recipe: Chocolate Cake
Diet: Vegan
Ingredients: <mask:12>
Instructions: <mask:16>"," Chocolate Cake
Diet: Vegan
Ingredients: 
- cocoa powder
- almond flour
- coconut oil
Instructions: 
- mix cocoa powder and almond flour
- add coconut oil
- bake"
Generate a list of potentially influential factors relating to crime in a city.,"Generate a list of potentially influential factors relating to crime in a city.
Economic factors: <mask:12>.
Social factors: <mask:12>.
Policy factors: <mask:12>.","
Economic factors: 
Poverty, unemployment, income inequality, and economic opportunities.
Social factors: 
Community engagement, social cohesion, social support, and education.
Policy factors: 
Law enforcement policies, crime prevention, and public safety initiatives."
"Add two numbers: 8 and 11.

Input:
8, 11","Add two numbers: 8 and 11.
First number: <mask:5>.
Second number: <mask:7>.
Sum: <mask:10>."," number: 8 is: 8.
Second number: 11 is: 11.
Sum: 8 + 11 is: 19."
"Generate a unique vacation idea.

Input:
Loc: Anywhere","Generate a unique vacation idea.
Location: <mask:12>.
Activity theme: <mask:12>.
Budget range: <mask:10>.
Duration: <mask:8>.","Location:  A small, secluded village in the heart of a mountain range.
Activity theme:  Nature exploration, outdoor adventures, local cuisine, and cultural experiences.
Budget range:  $2000-$3000.
Duration:  10 - 14 days."
What type of store would you find in a shopping mall?,"What type of store would you find in a shopping mall?
Category examples: clothing, electronics, books
Primary category: <mask:8>.","
Category examples: clothing, electronics, books
Primary category: 
Secondary category: 
Third category."
"Organize these three pieces of information in chronological order

Input:
- The acceptance of the Constitution
- The signing of the Declaration of Independence 
- The Battle of Saratoga","Organize these three events in chronological order.
Event 1: The signing of the Declaration of Independence
Event 2: <mask:12>
Event 3: The acceptance of the Constitution
Chronological order: <mask:16>"," chronological order.
Event 1: The signing of the Declaration of Independence
Event 2: 1775: The start of the American Revolutionary War
Event 3: The acceptance of the Constitution
Chronological order: 
1. 1
2. 2 
3. 3"
"Propose three solutions to the following issue

Input:
Lack of access to healthcare","Propose three solutions to the following issue.
Problem: Lack of access to healthcare
Solution 1: <mask:10>
Solution 2: <mask:10>
Solution 3: <mask:12>","Problem: Lack of access to healthcare
Solution 1:  Increase funding for healthcare infrastructure development in underserved areas.
Solution 2:  Implement telemedicine programs to provide remote healthcare services.
Solution 3:  Provide training and education opportunities for healthcare professionals in underserved areas."
List 3 pros and 3 cons of eating a vegan diet.,"List 3 pros and 3 cons of eating a vegan diet.
Pros: 
1. <mask:8>
2. <mask:8>
3. <mask:8>

Cons: 
1. <mask:12>
2. <mask:12>
3. <mask:12>","
Pros: 
1.  Reduces carbon footprint and environmental impact.
2.  Promotes animal welfare and ethical consumption.
3.  Can improve overall health and well-being.

Cons: 
1.  May require more planning and effort to ensure a balanced diet.
2.  Can be more expensive than a non-vegan diet.
3.  May be difficult to find vegan food options in some areas."
